5dc2f19a-cd33-44b1-b292-1365f7eb1149,f8e0643a-8b79-424d-bc58-d0b6a9733d29,earthquake,0101000020E61000001895D4096842584004560E2DB20D3A40,4.40,medium,USGS,us6000lc9d,2023-10-02 20:59:30.012+06:30,2026-02-21 23:24:00.715277+06:30,f,,{},
33ced55f-b619-45a6-b9fb-3f164506bc1c,f590a549-e9e0-4e9a-87a7-da17fd6fdcac,earthquake,0101000020E6100000B81E85EB512857405C8FC2F528DC3640,3.50,low,EMSC,1601990,2024-01-05 08:18:58+06:30,2026-02-17 20:36:15.740661+06:30,f,,{},
9c4ab31a-89f0-40d7-b18d-6639c1d7f48d,ce63e607-30ea-4d52-a5da-65a4215a735c,earthquake,0101000020E6100000666666666696574014AE47E17AD43740,3.90,low,EMSC,1601342,2024-01-03 21:48:35+06:30,2026-02-17 20:36:15.777594+06:30,f,,{},
5dccb6a2-ec8f-46c7-bc68-3fe2e67b0136,3f38d1d0-3228-452f-a501-554023dfc2a3,earthquake,0101000020E6100000567DAEB662DF57408FC2F5285C1F3A40,4.60,medium,EMSC,1600531,2024-01-02 04:15:52.47+06:30,2026-02-17 20:36:15.781421+06:30,f,,{},
2dfed897-fd4c-4726-9556-786d159ddd4a,3f38d1d0-3228-452f-a501-554023dfc2a3,earthquake,0101000020E610000032E6AE25E4DB57403FC6DCB5840C3A40,4.50,medium,USGS,us6000m11n,2024-01-02 04:15:52.33+06:30,2026-02-17 20:36:16.718062+06:30,f,,{},
bd3a5f43-7ca9-482b-ad1d-a96668068432,1609c7b8-56c5-4d28-921f-b4ffe80f9531,earthquake,0101000020E61000000AD7A3703D9A5740A4703D0AD7633840,3.70,low,EMSC,1605997,2024-01-14 19:51:40+06:30,2026-02-17 20:36:17.129996+06:30,f,,{},
09de7057-eab9-40cf-97c6-7c9778f9f72e,808efaa5-53ec-40d7-b229-b7dd1fd25fc5,earthquake,0101000020E610000044FAEDEBC0595740EC2FBB270F9B3440,4.50,medium,EMSC,1605293,2024-01-12 21:54:27.29+06:30,2026-02-17 20:36:17.140481+06:30,f,,{},
ce4bc7d9-727e-4fcf-9d8b-255e327e7d01,f6e0d0ed-2639-4e89-a015-8d3638f0551c,earthquake,0101000020E61000009A999999997957403D0AD7A370BD3640,4.40,medium,EMSC,1605028,2024-01-12 08:23:18+06:30,2026-02-17 20:36:17.145702+06:30,f,,{},
be3cec33-5651-4af5-9d1d-c066e6b31d4a,2867f530-0f5f-4865-806f-7df2c6812d41,earthquake,0101000020E6100000E7FBA9F1D251574055302AA913702740,4.50,medium,EMSC,1604193,2024-01-10 08:53:45.45+06:30,2026-02-17 20:36:17.149126+06:30,f,,{},
acf9244a-195c-404b-b7e0-49c43b1585ef,e62ed815-b892-4058-b2f6-a6aae9b87d4e,earthquake,0101000020E61000008FC2F5285C0F58407D3F355EBA293040,3.80,low,EMSC,1603968,2024-01-09 18:45:32+06:30,2026-02-17 20:36:17.152319+06:30,f,,{},
924f4ec3-7c3c-4f0f-b4c1-6ff5105db62b,afbaadcb-a82c-493c-8c0c-afb0e7aef489,earthquake,0101000020E6100000FF21FDF675CC57407FD93D7958183540,4.20,medium,EMSC,1603646,2024-01-09 02:25:59.829+06:30,2026-02-17 20:36:17.157028+06:30,f,,{},
fed08089-1ea7-4f97-a466-dc5e1e4cd7df,7461353d-041f-4a6c-9836-51fa15bf9959,earthquake,0101000020E61000004BC8073D9B315740D734EF3845A72740,4.60,medium,EMSC,1603382,2024-01-08 11:35:32.31+06:30,2026-02-17 20:36:17.163101+06:30,f,,{},
26c20448-3e21-4634-8187-b13fce4a8542,1609c7b8-56c5-4d28-921f-b4ffe80f9531,earthquake,0101000020E61000007CF2B0506BA257409CA223B9FC473840,4.00,medium,USGS,us6000m3lx,2024-01-14 19:51:40.369+06:30,2026-02-17 20:36:17.734319+06:30,f,,{},
ff5ee8d4-45a8-4987-bc33-3e466bb4e0eb,4060ba2e-3baf-4391-be77-62e8841bf55d,earthquake,0101000020E610000039D6C56D346C57401F85EB51B8BE3440,4.50,medium,USGS,us6000m3a4,2024-01-12 21:54:28.521+06:30,2026-02-17 20:36:17.740884+06:30,f,,{},
038c4027-61ac-495b-9efe-78facda9a999,f6e0d0ed-2639-4e89-a015-8d3638f0551c,earthquake,0101000020E6100000143FC6DCB5805740742497FF90CE3640,4.40,medium,USGS,us6000m4nv,2024-01-12 08:23:19.798+06:30,2026-02-17 20:36:17.746315+06:30,f,,{},
f7c41db6-cf1f-44f6-b829-6c32e43a40e1,2867f530-0f5f-4865-806f-7df2c6812d41,earthquake,0101000020E610000041F163CC5D4F5740AB3E575BB17F2740,4.50,medium,USGS,us6000m2ux,2024-01-10 08:53:44.173+06:30,2026-02-17 20:36:17.750003+06:30,f,,{},
f710cdad-cc5e-48cf-946f-8fb1ee356a08,afbaadcb-a82c-493c-8c0c-afb0e7aef489,earthquake,0101000020E6100000E5F21FD26FCB5740917EFB3A701E3540,4.30,medium,USGS,us6000m2j7,2024-01-09 02:25:59.921+06:30,2026-02-17 20:36:17.754834+06:30,f,,{},
b04f4c23-a447-4887-a0ec-ea644620c5f2,7461353d-041f-4a6c-9836-51fa15bf9959,earthquake,0101000020E6100000098A1F63EE2A5740C139234A7B832740,4.60,medium,USGS,us6000m2f9,2024-01-08 11:35:30.301+06:30,2026-02-17 20:36:17.759978+06:30,f,,{},
28c340aa-3ef0-4877-84d8-7d33f36f5541,b83b2f4a-0c18-404d-951e-43d48f71cad6,earthquake,0101000020E6100000713D0AD7A37C574020D26F5F07AE2240,4.50,medium,EMSC,1611587,2024-01-21 10:36:23.723+06:30,2026-02-17 20:36:18.055509+06:30,f,,{},
45c6edd5-4716-4df6-939e-ec1d77d5d2ee,bab5c0ec-a262-47f8-8c45-2c469c33a26a,earthquake,0101000020E6100000CDCCCCCCCC3C57408FC2F5285C0F3540,3.70,low,EMSC,1609585,2024-01-20 17:28:48+06:30,2026-02-17 20:36:18.062502+06:30,f,,{},
bf31e7a2-d0f4-414d-b8bf-b711f3f47a02,2b7c9763-b65e-4d98-86a6-39a0c03d1e32,earthquake,0101000020E6100000B5A679C7298257407D3F355EBAE92240,5.00,medium,EMSC,1608412,2024-01-20 08:06:11.02+06:30,2026-02-17 20:36:18.06629+06:30,f,,{},
7ae5f3da-dc92-4a71-8a0d-d81228ac9337,ee5958dc-d7a8-4de6-b97d-3f557baf2f65,earthquake,0101000020E61000001F85EB51B87A57408195438B6C872340,4.30,medium,EMSC,1612937,2024-01-19 20:10:10.223+06:30,2026-02-17 20:36:18.073753+06:30,f,,{},
c5ad874b-4698-467a-90e4-e13493d15821,fd07a962-93ba-492e-a6a5-608a3289d092,earthquake,0101000020E6100000302AA913D080574004E78C28ED2D2340,4.80,medium,EMSC,1608054,2024-01-19 14:49:51.22+06:30,2026-02-17 20:36:18.081905+06:30,f,,{},
e0355c21-6d7d-4236-b9ce-565540104e4c,5d4764a1-ce85-43f8-8287-3612f8cf4e6b,earthquake,0101000020E6100000F6285C8FC2555740A4703D0AD7A33940,3.60,low,EMSC,1606457,2024-01-15 20:12:38+06:30,2026-02-17 20:36:18.086843+06:30,f,,{},
7961632c-9c20-42a6-a682-81f31f56c092,b83b2f4a-0c18-404d-951e-43d48f71cad6,earthquake,0101000020E6100000713D0AD7A37C574020D26F5F07AE2240,4.50,medium,USGS,us7000lu0l,2024-01-21 10:36:23.723+06:30,2026-02-17 20:36:18.660397+06:30,f,,{},
d6edd4ad-9a42-4a14-a3a4-f8eafaa8bc94,2b7c9763-b65e-4d98-86a6-39a0c03d1e32,earthquake,0101000020E61000005F07CE1951865740E09C11A5BDE12240,5.00,medium,USGS,us6000m4vw,2024-01-20 08:06:11.203+06:30,2026-02-17 20:36:18.670085+06:30,f,,{},
e9c48a9b-4d2b-4000-952b-4e94551d8324,ee5958dc-d7a8-4de6-b97d-3f557baf2f65,earthquake,0101000020E6100000E9482EFF21795740F6285C8FC2952340,4.30,medium,USGS,us6000m4nk,2024-01-19 20:10:10.115+06:30,2026-02-17 20:36:18.674051+06:30,f,,{},
98669bcf-44af-4521-92f7-04e49af38df1,fd07a962-93ba-492e-a6a5-608a3289d092,earthquake,0101000020E6100000CD3B4ED191785740A089B0E1E9F52240,4.70,medium,USGS,us6000m4mj,2024-01-19 14:49:50.553+06:30,2026-02-17 20:36:18.677952+06:30,f,,{},
3d217ea4-3c99-4952-9980-08280360f8d1,5d4764a1-ce85-43f8-8287-3612f8cf4e6b,earthquake,0101000020E61000003480B740825257407CF2B0506B9A3940,4.10,medium,USGS,us7000lsyb,2024-01-15 20:12:34.566+06:30,2026-02-17 20:36:18.681965+06:30,f,,{},
bb6788b8-ee10-46a2-9713-70d43481517f,b55c0a4c-d4bf-4d18-abeb-462650f99b54,earthquake,0101000020E610000093A9825149795740F31FD26F5F672240,4.30,medium,EMSC,1615543,2024-01-28 18:22:30.757+06:30,2026-02-17 20:36:18.993827+06:30,f,,{},
1a17cd2e-dc37-4c31-9f63-4a83a342b2a6,48434d57-0f45-42eb-a79f-0a6e539d99db,earthquake,0101000020E610000014AE47E17A645740295C8FC2F5283740,3.60,low,EMSC,1612234,2024-01-28 14:14:58+06:30,2026-02-17 20:36:19.003895+06:30,f,,{},
81b34a18-534b-43e9-b613-5c99d209fbee,93eaa0f7-4a36-4aa8-b390-6ac03522451d,earthquake,0101000020E6100000E78C28ED0D225840A5BDC11726233940,4.30,medium,EMSC,1611974,2024-01-28 02:02:29.747+06:30,2026-02-17 20:36:19.007436+06:30,f,,{},
36b0825a-6a64-4e4a-bb70-522ca66f4665,76b282e9-cf09-4e27-b658-4dbec365f795,earthquake,0101000020E6100000A60A4625754657403D9B559FAB2D3640,4.80,medium,EMSC,1611064,2024-01-26 04:28:08.82+06:30,2026-02-17 20:36:19.010726+06:30,f,,{},
7585e990-cdbd-40f5-9606-eb2405881be0,35a560a8-a89c-4f05-a8e5-fb32c0fe626d,earthquake,0101000020E6100000F6285C8FC28557401F85EB51B89E2340,4.60,medium,EMSC,1609788,2024-01-23 19:51:56.2+06:30,2026-02-17 20:36:19.016686+06:30,f,,{},
ffa2c7b9-97b3-4113-aca8-1b0b5d26be65,a030c58b-68cb-401c-8dd9-c5e8645436d7,earthquake,0101000020E610000085EB51B81E2558400AD7A3703DCA3A40,3.50,low,EMSC,1609787,2024-01-23 19:45:17+06:30,2026-02-17 20:36:19.021594+06:30,f,,{},
14958668-3505-4d02-9060-28727e309581,00ee453c-67c2-46e1-aed7-0413398794a9,earthquake,0101000020E610000057EC2FBB277B574036CD3B4ED1712240,4.30,medium,EMSC,1613444,2024-01-23 11:42:00.581+06:30,2026-02-17 20:36:19.025412+06:30,f,,{},
76b65e22-72c1-45f5-a0fb-a8acfe914efc,c6ecfee4-f77f-4b26-8d8d-6e3a49b392af,earthquake,0101000020E61000007958A835CD7F5740BE9F1A2FDDA42240,4.40,medium,EMSC,1612833,2024-01-23 02:37:23.967+06:30,2026-02-17 20:36:19.028996+06:30,f,,{},
c4cf8b28-383b-44c9-b9f6-9be75114c59b,93eaa0f7-4a36-4aa8-b390-6ac03522451d,earthquake,0101000020E6100000E78C28ED0D225840A5BDC11726233940,4.30,medium,USGS,us7000lvut,2024-01-28 02:02:29.747+06:30,2026-02-17 20:36:19.598406+06:30,f,,{},
2084ddf4-4524-446b-831b-6c5f5b866c28,76b282e9-cf09-4e27-b658-4dbec365f795,earthquake,0101000020E61000007AA52C431C4B57407AC7293A922B3640,4.40,medium,USGS,us7000ltu7,2024-01-26 04:28:08.234+06:30,2026-02-17 20:36:19.607756+06:30,f,,{},
423d267d-5f98-4370-b0a6-3894eeef7ee5,8369079c-7329-42ea-a1df-1de51128842f,earthquake,0101000020E61000009EEFA7C64B7F574092CB7F48BFDD2240,4.60,medium,USGS,us7000lu4x,2024-01-23 19:51:45.341+06:30,2026-02-17 20:36:19.611517+06:30,f,,{},
c3580ccc-eaf2-41ed-8e02-53419ae458a3,8369079c-7329-42ea-a1df-1de51128842f,earthquake,0101000020E6100000A835CD3B4E7D57402BF697DD93072340,4.50,medium,USGS,us7000lu4w,2024-01-23 19:37:54.804+06:30,2026-02-17 20:36:19.615729+06:30,f,,{},
beac4121-b7f0-46ec-aaff-756aaecbb17d,00ee453c-67c2-46e1-aed7-0413398794a9,earthquake,0101000020E61000008B6CE7FBA9795740645DDC4603782240,4.30,medium,USGS,us7000lu4g,2024-01-23 11:42:00.608+06:30,2026-02-17 20:36:19.62027+06:30,f,,{},
7f8ad2a4-86ba-4b7a-89e2-8a483f35bfb6,c6ecfee4-f77f-4b26-8d8d-6e3a49b392af,earthquake,0101000020E61000007958A835CD7F5740BE9F1A2FDDA42240,4.40,medium,USGS,us7000lu32,2024-01-23 02:37:23.967+06:30,2026-02-17 20:36:19.624217+06:30,f,,{},
9835e712-8e47-4f7e-a2ca-1722491af076,5970e255-5fef-4c0b-b4e7-a292ca2cc852,earthquake,0101000020E610000016FBCBEEC96757406FF085C954412840,4.60,medium,EMSC,1616635,2024-02-05 05:13:12.52+06:30,2026-02-17 20:36:19.918952+06:30,f,,{},
2979acfb-2559-4025-bacd-e1e3e5e7628d,a955288a-675d-4754-8ca5-9195df8f439d,earthquake,0101000020E6100000BC0512143FA65740DE9387855A633840,4.50,medium,EMSC,1615535,2024-02-03 01:57:57.01+06:30,2026-02-17 20:36:19.928235+06:30,f,,{},
6438b915-093b-42b5-af71-cd531279e1aa,1c63569a-f728-4b26-a2bc-fc1e7a62689e,earthquake,0101000020E61000006666666666765740E17A14AE47213740,3.50,low,EMSC,1613655,2024-01-31 08:51:54+06:30,2026-02-17 20:36:19.931729+06:30,f,,{},
f0a551e9-ee24-4e00-bf98-00e9655ff225,fc142a5c-85f3-47f7-bc5c-17c6e13a13c4,earthquake,0101000020E61000000AD7A3703DCA57409A99999999D93840,3.60,low,EMSC,1613595,2024-01-31 08:31:01+06:30,2026-02-17 20:36:19.934734+06:30,f,,{},
7f4a263d-5219-4499-be38-6ad2fa6058c1,5970e255-5fef-4c0b-b4e7-a292ca2cc852,earthquake,0101000020E610000018265305A366574038F8C264AA202840,4.70,medium,USGS,us7000lwzl,2024-02-05 05:13:12.502+06:30,2026-02-17 20:36:20.33815+06:30,f,,{},
462a7a4d-518f-4c70-b0f2-9633c30768a6,6be4781d-eaf9-4bde-994f-ee3493a8079e,earthquake,0101000020E61000005839B4C8767A57407CF2B0506B7A3440,4.40,medium,EMSC,1946797,2026-02-17 05:20:47.689+06:30,2026-02-17 16:36:39.66247+06:30,f,,{},
927a7665-bd1c-40dc-aa7d-d5b7757a96ab,a955288a-675d-4754-8ca5-9195df8f439d,earthquake,0101000020E610000098DD938785A6574075931804565E3840,4.50,medium,USGS,us7000lwi2,2024-02-03 01:57:58.362+06:30,2026-02-17 20:36:20.347361+06:30,f,,{},
cbff30a6-6ecb-4dd2-bb2a-2cc936f586e8,eb05097f-761f-42c5-99d7-98419a3a0d70,earthquake,0101000020E61000005B423EE8D9845740D9CEF753E3853540,5.00,medium,EMSC,1620003,2024-02-12 03:18:49.76+06:30,2026-02-17 20:36:20.643139+06:30,f,,{},
2d97ba07-5da3-4132-83d9-e827f5832b3a,d1af0db7-ca48-4439-9db3-56583c0c278f,earthquake,0101000020E6100000B98D06F0161C5840DFE00B93A9822E40,4.20,medium,EMSC,1619958,2024-02-12 00:28:16.862+06:30,2026-02-17 20:36:20.653563+06:30,f,,{},
ee2b8077-7d9e-4d15-aa80-e6921111a420,e3657cbf-7e3e-4b5c-abfb-c8a32e30f15c,earthquake,0101000020E6100000713D0AD7A3B0574048E17A14AEC73840,3.90,low,EMSC,1618737,2024-02-09 13:21:55+06:30,2026-02-17 20:36:20.657668+06:30,f,,{},
505f1348-105b-401f-9530-5d5c96800840,eb05097f-761f-42c5-99d7-98419a3a0d70,earthquake,0101000020E6100000FED478E926855740304CA60A46853540,4.90,medium,USGS,us7000lyi1,2024-02-12 03:18:49.942+06:30,2026-02-17 20:36:21.251124+06:30,f,,{},
cf44d354-78cf-4cf5-a1c9-a44decfeb854,d1af0db7-ca48-4439-9db3-56583c0c278f,earthquake,0101000020E6100000B98D06F0161C5840DFE00B93A9822E40,4.20,medium,USGS,us7000lzgf,2024-02-12 00:28:16.862+06:30,2026-02-17 20:36:21.259669+06:30,f,,{},
9a0cb755-bbde-4569-8387-6fc1b30db323,e3657cbf-7e3e-4b5c-abfb-c8a32e30f15c,earthquake,0101000020E6100000D7A3703D0AB757400F0BB5A679A73840,4.00,medium,USGS,us7000lz6j,2024-02-09 13:21:55.718+06:30,2026-02-17 20:36:21.263695+06:30,f,,{},
f15cd31b-5e0c-4c49-b294-43d4a8382c44,8d01d007-a06b-4b7b-a502-854bb503b5c6,earthquake,0101000020E610000021B0726891B5574004560E2DB28D3640,4.20,medium,USGS,us7000ly0u,2024-02-05 10:45:44.05+06:30,2026-02-17 20:36:21.26691+06:30,f,,{},
8eb0a910-3390-4ab2-891b-929d36549c9f,7f4a8ab4-2f5a-4939-850b-17b24b404792,earthquake,0101000020E6100000EC51B81E857B5740EC51B81E85EB3740,3.70,low,EMSC,1622851,2024-02-18 06:54:48+06:30,2026-02-17 20:36:21.561728+06:30,f,,{},
7bde1343-cd74-4ebc-bdba-0b67cd6682a3,f84bed17-ed0a-4750-967a-ee7473760bfe,earthquake,0101000020E610000044696FF0857157405E4BC8073DEB3640,4.70,medium,EMSC,1622524,2024-02-17 10:25:23.53+06:30,2026-02-17 20:36:21.568635+06:30,f,,{},
c9a7e6a2-145b-4deb-9fb5-99f32959c3db,7f4a8ab4-2f5a-4939-850b-17b24b404792,earthquake,0101000020E61000000C93A98251795740BC0512143FC63740,4.10,medium,USGS,us7000m0ue,2024-02-18 06:54:48.995+06:30,2026-02-17 20:36:21.973591+06:30,f,,{},
7e57ab45-429c-461d-90df-393228d813cd,f84bed17-ed0a-4750-967a-ee7473760bfe,earthquake,0101000020E61000006744696FF0715740EA04341136EC3640,4.60,medium,USGS,us7000lzt8,2024-02-17 10:25:23.179+06:30,2026-02-17 20:36:21.985104+06:30,f,,{},
af53038e-aaab-421f-a53f-0cfef6a37486,09c62871-ba7c-4ff5-be57-025450242ab6,earthquake,0101000020E6100000E25817B7D1D85840A54E401361333540,4.20,medium,EMSC,1625427,2024-02-24 06:53:57.76+06:30,2026-02-17 20:36:22.286235+06:30,f,,{},
9cf8e4f7-9cd4-4954-82d2-b11d3f6f540c,2f4a1915-1944-4c59-9902-daf941ca5c75,earthquake,0101000020E61000002EFF21FDF6815740DE02098A1F833540,4.20,medium,EMSC,1625397,2024-02-24 05:06:08.51+06:30,2026-02-17 20:36:22.297204+06:30,f,,{},
3a1e512a-1448-4b5c-8364-f96198dd786b,91ef8ea4-037d-49a3-8928-51e77225e89a,earthquake,0101000020E6100000D3DEE00B937D5740ECC039234A6B3640,4.70,medium,EMSC,1624182,2024-02-21 14:06:05.57+06:30,2026-02-17 20:36:22.300673+06:30,f,,{},
d5f2e418-e19c-460c-afc5-8e3a0fdbad94,09c62871-ba7c-4ff5-be57-025450242ab6,earthquake,0101000020E6100000E25817B7D1D85840A54E401361333540,4.20,medium,USGS,us6000mftz,2024-02-24 06:53:57.76+06:30,2026-02-17 20:36:22.711781+06:30,f,,{},
9369c7e3-0a57-4c8b-aea8-608f8d00beb9,2f4a1915-1944-4c59-9902-daf941ca5c75,earthquake,0101000020E61000008B6CE7FBA98557407958A835CD8B3540,4.40,medium,USGS,us7000m189,2024-02-24 05:06:08.342+06:30,2026-02-17 20:36:22.723112+06:30,f,,{},
d438b2f0-a474-4c23-9ba3-a1f74bda685a,91ef8ea4-037d-49a3-8928-51e77225e89a,earthquake,0101000020E610000057EC2FBB277F57404DF38E5374843640,4.90,medium,USGS,us7000m0ia,2024-02-21 14:06:04.824+06:30,2026-02-17 20:36:22.727126+06:30,f,,{},
5b5e1ce5-25d5-4a55-a0e1-b7b4cc8c5573,8c7d8057-3f00-4f57-b12b-6a08593365c5,earthquake,0101000020E61000005C8FC2F5288C5740E17A14AE47213740,3.70,low,EMSC,1628105,2024-03-01 16:19:50+06:30,2026-02-17 20:36:23.02035+06:30,f,,{},
12b6d094-9280-4cc0-a603-4596d4d3829b,c1e37731-aebe-462c-8aeb-b3b46e0869fd,earthquake,0101000020E6100000E17A14AE4781574048E17A14AE873740,3.80,low,EMSC,1632196,2024-03-10 08:46:44+06:30,2026-02-17 20:36:23.718198+06:30,f,,{},
591eb2d9-420e-4e6a-8f56-5a59aad6c16c,5a118d3e-630f-449b-be83-efcfae201b1a,earthquake,0101000020E61000005E4BC8073D73574098DD9387851A2540,4.40,medium,EMSC,1631476,2024-03-08 14:07:32.86+06:30,2026-02-17 20:36:23.731172+06:30,f,,{},
8b0e3c70-f873-429c-a2bb-dec198c0d72d,8253e5db-4205-4dfd-acf5-6d169c15a8d3,earthquake,0101000020E61000007B14AE47E17A57408FC2F5285C8F3740,3.90,low,EMSC,1631340,2024-03-08 05:28:28+06:30,2026-02-17 20:36:23.738143+06:30,f,,{},
cd52f90b-0e25-4efb-a61f-0d953b0f33cd,e384a8e4-93e0-4cf9-856c-b0af13df3440,earthquake,0101000020E61000006ADE718A8EAC57401973D712F2713040,4.60,medium,EMSC,1631216,2024-03-07 22:17:42.84+06:30,2026-02-17 20:36:23.744097+06:30,f,,{},
cac9b388-24e5-47ae-bacb-252466646176,f957b1e9-6fcb-41ee-a769-28ceb25da94d,earthquake,0101000020E61000005C8FC2F5289C57405C8FC2F5281C3740,4.10,medium,EMSC,1630849,2024-03-07 05:11:09+06:30,2026-02-17 20:36:23.748777+06:30,f,,{},
3bab5c7a-3761-4f1a-b2d4-a2cdb6f53487,5a118d3e-630f-449b-be83-efcfae201b1a,earthquake,0101000020E61000009D8026C286735740355EBA490C022540,4.40,medium,USGS,us7000m42z,2024-03-08 14:07:33.068+06:30,2026-02-17 20:36:24.325234+06:30,f,,{},
256e8585-44b8-461d-8c0c-fc0574bff9a6,6eb9ec1e-2766-4f43-8ee5-cace19fe49c9,earthquake,0101000020E61000000F0BB5A6799B574030BB270F0B353740,4.20,medium,USGS,us7000m413,2024-03-08 05:28:24.456+06:30,2026-02-17 20:36:24.338563+06:30,f,,{},
23fd4ca2-8663-451c-bc8f-aade424c969d,e384a8e4-93e0-4cf9-856c-b0af13df3440,earthquake,0101000020E61000001FF46C567DAA5740D656EC2FBB673040,4.60,medium,USGS,us7000m3w7,2024-03-07 22:17:41.746+06:30,2026-02-17 20:36:24.344787+06:30,f,,{},
bc96e28d-3c46-489f-bffd-5bb7c10f2b10,024a7461-8e2d-4b93-9264-eba463262926,earthquake,0101000020E6100000EC51B81E85AB5740F6285C8FC2B53840,3.60,low,EMSC,1635153,2024-03-17 16:03:36+06:30,2026-02-17 20:36:24.63866+06:30,f,,{},
33bc8b6d-c77f-4082-8bff-4027a5138e3d,814fa8e9-7b39-472d-a8ef-3babda11a011,earthquake,0101000020E61000003D0AD7A3709D5740C3F5285C8FC23840,3.90,low,EMSC,1634246,2024-03-15 07:56:09+06:30,2026-02-17 20:36:24.64823+06:30,f,,{},
5acc34e8-a9d9-4be2-a891-295e89df6c32,4c3d8f90-a614-4489-85a1-ab00be07bc85,earthquake,0101000020E6100000053411363CC55740DC4603780B642640,4.80,medium,EMSC,1633936,2024-03-14 12:43:03.32+06:30,2026-02-17 20:36:24.656463+06:30,f,,{},
94683616-9fce-4b95-bb06-f13288efb939,844888b6-6b89-4988-805e-94e3067adc6c,earthquake,0101000020E61000008FC2F5285C8758401F85EB51B85E3440,3.60,low,EMSC,1633931,2024-03-14 12:05:18+06:30,2026-02-17 20:36:24.662291+06:30,f,,{},
659ef894-6a3b-422c-9905-90e393867676,bd8863b3-8638-417d-9ed3-6e460daea998,earthquake,0101000020E6100000B81E85EB516857405C8FC2F5281C3840,3.80,low,EMSC,1633530,2024-03-13 14:50:58+06:30,2026-02-17 20:36:24.666883+06:30,f,,{},
66d55358-f5d0-485e-bb04-f6ce40077235,108f62cd-dcd8-46b0-94a6-36c9c252b7f1,earthquake,0101000020E6100000499D8026C2B2574080B74082E2872640,4.20,medium,EMSC,1633279,2024-03-13 00:32:09.118+06:30,2026-02-17 20:36:24.670219+06:30,f,,{},
83c33d67-a031-417c-9371-fe093608d006,6e613cce-9bf7-46e7-b06f-399ac846f7c2,earthquake,0101000020E6100000AE47E17A149E5740CDCCCCCCCC8C3740,3.60,low,EMSC,1633131,2024-03-12 14:53:54+06:30,2026-02-17 20:36:24.67449+06:30,f,,{},
62e38e88-5948-468d-a86c-4cac6cb534ed,8426b42e-215a-4175-b473-4d4e864f0827,earthquake,0101000020E6100000B84082E2C764574061545227A0092340,4.40,medium,EMSC,1637580,2024-03-11 23:37:19.912+06:30,2026-02-17 20:36:24.678491+06:30,f,,{},
85b7c75a-eeb2-4b79-81ad-55edce05c453,d1f3b032-3eb8-489c-b258-85dc179a41e2,earthquake,0101000020E6100000C3F5285C8F7257403333333333333740,3.50,low,EMSC,1632745,2024-03-11 18:29:29+06:30,2026-02-17 20:36:24.681691+06:30,f,,{},
b0935e49-99de-4d6a-a4de-5f919dd64631,f304b3ab-67b4-45df-a753-88a8397b673a,earthquake,0101000020E6100000D34D621058395740E17A14AE47812B40,4.40,medium,USGS,us6000mk21,2024-03-16 01:56:08.49+06:30,2026-02-17 20:36:25.088971+06:30,f,,{},
a5e29aff-467e-4bdf-ab57-3282dc464aa2,4c3d8f90-a614-4489-85a1-ab00be07bc85,earthquake,0101000020E6100000C6DCB5847CC857407C613255308A2640,4.80,medium,USGS,us6000misc,2024-03-14 12:43:01.91+06:30,2026-02-17 20:36:25.102855+06:30,f,,{},
c27312a5-6344-42a4-9774-66714fa9d5bd,fbd9e445-6d21-464f-872d-ecbab2e962b0,earthquake,0101000020E610000003098A1F637A57406ABC749318D43740,4.20,medium,USGS,us6000mjsp,2024-03-13 14:50:56.953+06:30,2026-02-17 20:36:25.110239+06:30,f,,{},
c820d0d8-0639-42a2-88ca-709ae02099d5,108f62cd-dcd8-46b0-94a6-36c9c252b7f1,earthquake,0101000020E6100000499D8026C2B2574080B74082E2872640,4.20,medium,USGS,us6000mjm1,2024-03-13 00:32:09.118+06:30,2026-02-17 20:36:25.116484+06:30,f,,{},
10a231ac-df00-456a-a7ee-cac20fd42cb7,8426b42e-215a-4175-b473-4d4e864f0827,earthquake,0101000020E6100000B84082E2C764574061545227A0092340,4.40,medium,USGS,us6000mj44,2024-03-11 23:37:19.912+06:30,2026-02-17 20:36:25.120604+06:30,f,,{},
b32bcea2-db66-4649-a9d3-6235adfdc574,40d2c2e1-64ae-4d1d-aaaa-ff77aa46b038,earthquake,0101000020E6100000E17A14AE47B15740E17A14AE47A13840,3.70,low,EMSC,1638001,2024-03-24 22:45:40+06:30,2026-02-17 20:36:25.419666+06:30,f,,{},
871668af-d4f6-4009-b125-aa25d3dd3fda,62f68a1b-ce21-490c-9bcd-c460c7ade120,earthquake,0101000020E61000000000000000905740CDCCCCCCCC4C3840,3.90,low,EMSC,1636637,2024-03-21 15:57:10+06:30,2026-02-17 20:36:25.433661+06:30,f,,{},
0ff76ca4-879f-4597-ac4e-5620769fa51e,a52b10ef-d0da-47b5-8cab-c0f4f4f5a800,earthquake,0101000020E6100000E17A14AE47315740E17A14AE47613B40,3.70,low,EMSC,1636414,2024-03-21 02:49:54+06:30,2026-02-17 20:36:25.440392+06:30,f,,{},
db03ac8d-8427-46b0-8dd6-c71f8c8f7c9e,ff8f6fee-1542-40e8-a23d-bb6632b972b8,earthquake,0101000020E610000014AE47E17A6457409A99999999D93740,3.50,low,EMSC,1643665,2024-04-07 17:47:48+06:30,2026-02-17 20:36:26.996645+06:30,f,,{},
b43fe859-5165-4997-bb7e-13e4ac6ce149,6c8eb794-de6d-47d1-bf1a-a7a5b7457a1f,earthquake,0101000020E6100000C74B378941185840AAF1D24D62902E40,3.50,low,EMSC,1643327,2024-04-06 22:21:57+06:30,2026-02-17 20:36:27.02836+06:30,f,,{},
fc5056c9-e078-49d2-b33d-96524c0c2add,2801da42-ccb8-458d-bb1c-9bc867e6b662,earthquake,0101000020E61000006ABC7493183458405C8FC2F528DC2E40,3.50,low,EMSC,1643287,2024-04-06 20:08:36+06:30,2026-02-17 20:36:27.032686+06:30,f,,{},
87d40a2d-1c4d-4691-9d5a-46dafe1ec170,626eb4cf-b921-4a1b-b8a6-c291dfe70680,earthquake,0101000020E6100000840D4FAF943D58405917B7D1008E3A40,5.80,medium,EMSC,1642839,2024-04-05 19:15:32.57+06:30,2026-02-17 20:36:27.037358+06:30,f,,{},
360c0d89-a939-4268-b925-43a3707d6677,34524d25-349e-4745-91b5-437266074878,earthquake,0101000020E61000008FC2F5285CFF58405EBA490C022B3540,3.80,low,EMSC,1641289,2024-04-02 09:17:50+06:30,2026-02-17 20:36:27.042926+06:30,f,,{},
4b98c403-36ca-47aa-af42-eaf22a1ac286,626eb4cf-b921-4a1b-b8a6-c291dfe70680,earthquake,0101000020E61000001FF46C567D3A5840E78C28ED0D7E3A40,5.70,medium,USGS,us7000ma59,2024-04-05 19:15:38.655+06:30,2026-02-17 20:36:27.464384+06:30,f,,{},
5b6b272a-ff59-49c2-9a40-c0f299991a57,777b152e-90ff-45cd-a60b-d7735649dbf6,earthquake,0101000020E61000007B14AE47E19A5740D7A3703D0A973740,3.70,low,EMSC,1646794,2024-04-15 04:58:52+06:30,2026-02-17 20:36:27.772174+06:30,f,,{},
874df0e7-210c-42bc-8098-ca29f6dd6af9,b7e312cb-9821-485c-8c13-4205d52464f1,earthquake,0101000020E6100000F775E09C11C157406519E25817673540,4.00,medium,EMSC,1646340,2024-04-14 01:57:02.865+06:30,2026-02-17 20:36:27.786221+06:30,f,,{},
22853d00-5e95-4f84-b039-b9072ef22e5b,1c2a2685-88ac-4365-a57c-98ac00192d14,earthquake,0101000020E6100000B9FC87F4DBC7574067D5E76A2B563140,4.30,medium,EMSC,1646193,2024-04-13 16:24:43.847+06:30,2026-02-17 20:36:27.792566+06:30,f,,{},
4f0cb7e8-4450-410c-8164-eff9dc6565c1,5a578763-be53-437f-a51c-d69204d3af4f,earthquake,0101000020E6100000448B6CE7FB15594065AA605452073C40,5.00,medium,EMSC,1644587,2024-04-09 20:37:03.84+06:30,2026-02-17 20:36:27.798291+06:30,f,,{},
f38dd2a9-0281-45fd-b57c-69b7332492e2,b7e312cb-9821-485c-8c13-4205d52464f1,earthquake,0101000020E6100000F775E09C11C157406519E25817673540,4.00,medium,USGS,us7000md85,2024-04-14 01:57:02.865+06:30,2026-02-17 20:36:28.372988+06:30,f,,{},
bd45f389-1c0b-494e-a4df-32c754b6d19c,1c2a2685-88ac-4365-a57c-98ac00192d14,earthquake,0101000020E6100000B9FC87F4DBC7574067D5E76A2B563140,4.30,medium,USGS,us7000md7n,2024-04-13 16:24:43.847+06:30,2026-02-17 20:36:28.385852+06:30,f,,{},
1194ec15-1b58-4511-b489-bbc76bea84e0,5a578763-be53-437f-a51c-d69204d3af4f,earthquake,0101000020E6100000ECC039234A0F5940068195438B0C3C40,5.00,medium,USGS,us7000mazk,2024-04-09 20:37:05.932+06:30,2026-02-17 20:36:28.391019+06:30,f,,{},
e2646b3c-ca9f-45f2-8f32-9b9e805c62da,e3f8b652-8761-4936-94f2-189f53919d88,earthquake,0101000020E6100000CDCCCCCCCC0C574085EB51B81E853640,3.70,low,EMSC,1649177,2024-04-20 23:16:40+06:30,2026-02-17 20:36:28.703269+06:30,f,,{},
aa5e895d-bc00-4782-b3a7-cc3e69aee427,a17a766d-07f1-465a-bba1-cae5d9ccddfc,earthquake,0101000020E610000050FC1873D7F65840174850FC18333940,4.30,medium,EMSC,1648433,2024-04-19 04:24:13.52+06:30,2026-02-17 20:36:28.714163+06:30,f,,{},
23a552f6-bc43-4138-84fc-f785e02c4852,dc55f3aa-883a-430a-bb86-5e0cbfe097fa,earthquake,0101000020E610000093A98251491557403411363CBD122540,4.40,medium,EMSC,1652032,2024-04-19 04:03:57.064+06:30,2026-02-17 20:36:28.721397+06:30,f,,{},
5d07fc06-3415-42bd-8917-4df765584c1a,a83f6b14-b77f-41b1-b6d6-d7c1d89fbec2,earthquake,0101000020E6100000CC7F48BF7D3D57403F355EBA49CC2640,5.20,medium,EMSC,1647557,2024-04-17 05:31:23.46+06:30,2026-02-17 20:36:28.727+06:30,f,,{},
e383e5ea-24fc-49fc-b245-e9bf738f36ec,9d7540a0-c1b9-4432-9a3b-f54c32fa2320,earthquake,0101000020E61000008B6CE7FBA9295740D0D556EC2FFB3540,4.10,medium,USGS,us6000mu0v,2024-04-20 23:16:37.024+06:30,2026-02-17 20:36:29.308407+06:30,f,,{},
ea4825ad-7dd1-426a-8dd1-6cc6196bea85,dc55f3aa-883a-430a-bb86-5e0cbfe097fa,earthquake,0101000020E610000093A98251491557403411363CBD122540,4.40,medium,USGS,us6000mts6,2024-04-19 04:03:57.064+06:30,2026-02-17 20:36:29.320723+06:30,f,,{},
17356199-d516-4ba9-a7a2-a9a34ae90422,a83f6b14-b77f-41b1-b6d6-d7c1d89fbec2,earthquake,0101000020E61000008CDB68006F3D574017D9CEF753C32640,5.00,medium,USGS,us7000mcjj,2024-04-17 05:31:24.137+06:30,2026-02-17 20:36:29.325832+06:30,f,,{},
8be85518-74d4-47df-af80-ecb1aa8a3fb6,409d81a8-be37-4885-b47b-dc8b6ecca3fc,earthquake,0101000020E6100000C364AA60542E5840CEAACFD5568C3940,4.60,medium,EMSC,1652731,2024-04-29 03:15:38.89+06:30,2026-02-17 20:36:29.625418+06:30,f,,{},
b24450b2-10b8-4052-8952-5880c9e5ebea,12d61534-3cb3-4585-8cd1-1740a87a4cf7,earthquake,0101000020E6100000295C8FC2F5A857400AD7A3703D0A3840,3.60,low,EMSC,1651839,2024-04-27 01:56:36+06:30,2026-02-17 20:36:29.639271+06:30,f,,{},
59eafcdd-db50-4c01-9888-f3689310c954,6395523b-d371-4a4b-86bd-787b27c4f0ba,earthquake,0101000020E61000002B1895D409F45840F163CC5D4B383940,4.40,medium,EMSC,1651138,2024-04-24 11:35:18.618+06:30,2026-02-17 20:36:29.646691+06:30,f,,{},
b90a7a56-fe1e-40e7-af3d-b361ad23b72b,409d81a8-be37-4885-b47b-dc8b6ecca3fc,earthquake,0101000020E6100000764F1E166A295840A1F831E6AE853940,4.60,medium,USGS,us6000muqt,2024-04-29 03:15:38.172+06:30,2026-02-17 20:36:30.256058+06:30,f,,{},
97ebbb20-de2e-4208-b4f6-057f781206f5,6395523b-d371-4a4b-86bd-787b27c4f0ba,earthquake,0101000020E61000002B1895D409F45840F163CC5D4B383940,4.40,medium,USGS,us6000mteb,2024-04-24 11:35:18.618+06:30,2026-02-17 20:36:30.267257+06:30,f,,{},
23227af8-6d8d-498d-84ab-b9977fe74630,f95d98f9-349c-400a-be02-e78f8de56997,earthquake,0101000020E6100000D7A3703D0AA757403333333333333740,3.60,low,EMSC,1654984,2024-05-04 07:33:38+06:30,2026-02-17 20:36:30.564061+06:30,f,,{},
8a0795b8-5162-44c7-a549-213d1e9ebe43,7b37bede-0245-4248-96fd-887fb0171a9b,earthquake,0101000020E61000006666666666F65740D7A3703D0A573A40,4.00,medium,EMSC,1653998,2024-05-01 21:51:43+06:30,2026-02-17 20:36:30.576454+06:30,f,,{},
269a8ec5-9ed2-41fc-9a2a-9ed17c41f42c,a818e90f-1ebb-4d87-923b-3bab3dc33ba8,earthquake,0101000020E6100000A7E8482EFF8D5740492EFF21FD763140,4.80,medium,EMSC,1653167,2024-04-30 01:38:28.48+06:30,2026-02-17 20:36:30.584614+06:30,f,,{},
00297ad3-0a56-4bc3-865f-0e748a010a7e,4a1c76b9-8ff0-4c60-a10a-a54897061b0d,earthquake,0101000020E610000048E17A14AE2757401F85EB51B81E3C40,4.10,medium,EMSC,1653053,2024-04-29 20:25:49+06:30,2026-02-17 20:36:30.591275+06:30,f,,{},
abc3d068-76d4-494d-b336-ea8eff23f051,da58ef3e-6a6d-4d72-981f-ab011b5006d8,earthquake,0101000020E6100000744694F6061B58400612143FC66C3A40,4.30,medium,USGS,us6000mx9p,2024-05-01 21:51:40.576+06:30,2026-02-17 20:36:31.174622+06:30,f,,{},
bdc39547-ce68-4b58-b886-686c42454db0,a818e90f-1ebb-4d87-923b-3bab3dc33ba8,earthquake,0101000020E6100000E63FA4DFBE8E57401B0DE02D90603140,4.80,medium,USGS,us6000mv0v,2024-04-30 01:38:28.046+06:30,2026-02-17 20:36:31.189542+06:30,f,,{},
7e80d136-90e1-475c-a67c-53266c1b0c80,4a1c76b9-8ff0-4c60-a10a-a54897061b0d,earthquake,0101000020E6100000ED9E3C2CD4265740A54E401361233C40,4.00,medium,USGS,us6000mwzs,2024-04-29 20:25:48.298+06:30,2026-02-17 20:36:31.196706+06:30,f,,{},
4a0b7c42-f918-4229-9293-c92e287da532,d7ccddba-e9e9-4582-8662-44943161d69a,earthquake,0101000020E6100000D7A3703D0A7757405C8FC2F5289C3B40,3.80,low,EMSC,1657184,2024-05-09 15:42:38+06:30,2026-02-17 20:36:31.488777+06:30,f,,{},
cd4c8f14-e1b9-4926-ba39-a7f15f7be36a,90ecaf7b-8490-4371-b7e4-39fb6502d841,earthquake,0101000020E6100000A4703D0AD7E357405C8FC2F5281C3940,3.80,low,EMSC,1656806,2024-05-08 14:56:25+06:30,2026-02-17 20:36:31.495888+06:30,f,,{},
bf502017-ed63-435b-b5d2-353efeda9d67,a260888a-d1d1-4a4b-b3f9-257e5d6198b1,earthquake,0101000020E6100000DE9387855AB35740ADFA5C6DC55E3840,4.30,medium,EMSC,1656272,2024-05-07 08:10:29.15+06:30,2026-02-17 20:36:31.502842+06:30,f,,{},
40f57ca5-23f3-4b4b-bf1e-da3f3f8d15d0,7239c532-c8af-4bab-b206-134e5504d40d,earthquake,0101000020E6100000386744696F3057401FF46C567D8E2A40,4.30,medium,EMSC,1659441,2024-05-07 06:47:49.295+06:30,2026-02-17 20:36:31.509769+06:30,f,,{},
17bf4d3a-8fdb-46c1-bae2-8a49f1981cf1,4ab7eb7a-0a80-4617-b056-d138719715b3,earthquake,0101000020E61000007B14AE47E19A574085EB51B81EC53740,3.60,low,EMSC,1656193,2024-05-07 02:20:53+06:30,2026-02-17 20:36:31.514189+06:30,f,,{},
1c60399f-a8ca-457b-b43d-1486df20e902,a260888a-d1d1-4a4b-b3f9-257e5d6198b1,earthquake,0101000020E61000004F1E166A4DB35740C66D3480B7603840,4.40,medium,USGS,us6000mwva,2024-05-07 08:10:29.325+06:30,2026-02-17 20:36:31.915828+06:30,f,,{},
9b5f99c2-ce1d-4641-a49a-bcd23c2b3087,7239c532-c8af-4bab-b206-134e5504d40d,earthquake,0101000020E6100000386744696F3057401FF46C567D8E2A40,4.30,medium,USGS,us6000myil,2024-05-07 06:47:49.295+06:30,2026-02-17 20:36:31.92611+06:30,f,,{},
8bf3ea12-0b46-48ab-b062-d6a003aa6c65,75271237-a6ad-412e-85df-764723e201ee,earthquake,0101000020E61000002DB29DEFA7EE58402B8716D9CE573540,3.60,low,EMSC,1663964,2024-05-26 07:07:45+06:30,2026-02-17 20:36:32.911713+06:30,f,,{},
46490e2e-6ef2-48a1-be80-ace47f900ec2,30f59bf6-c726-464c-b57a-b9c6e308747f,earthquake,0101000020E6100000AE47E17A145E57409A99999999D93940,3.50,low,EMSC,1663597,2024-05-25 06:25:52+06:30,2026-02-17 20:36:32.923194+06:30,f,,{},
2c556212-90a8-40cd-8849-cf7a14f5f355,2bb6c22f-9a94-4caf-9181-ac3d0a290278,earthquake,0101000020E6100000F7065F984CA55740FED478E926E13640,4.80,medium,EMSC,1666802,2024-06-02 15:14:58.82+06:30,2026-02-17 20:36:33.623255+06:30,f,,{},
99ddb104-1e11-421b-9095-d9bf49ab4bdd,d237da95-ac64-4316-9acb-48bacba648e0,earthquake,0101000020E61000006666666666865740295C8FC2F5E83740,3.50,low,EMSC,1666621,2024-06-02 03:38:50+06:30,2026-02-17 20:36:33.639544+06:30,f,,{},
37b56722-b3f9-4d47-81fb-bfadc4e8499e,62cf580b-e89e-4ae2-9cf2-711b2c082577,earthquake,0101000020E6100000508D976E122F5940CE88D2DEE05B3C40,4.20,medium,EMSC,1669176,2024-05-30 23:40:22.521+06:30,2026-02-17 20:36:33.643269+06:30,f,,{},
678610f6-0b55-495d-b4e1-a0007a57dc24,425e5abc-3c08-495c-8c05-11e6334a34ff,earthquake,0101000020E61000003255302AA9AB5740F0164850FC883740,5.40,medium,EMSC,1665244,2024-05-29 19:43:27.41+06:30,2026-02-17 20:36:33.647152+06:30,f,,{},
fc5df2e4-7f9e-4b68-bc63-307a116668e0,00b4080a-c764-450e-96a6-dbdda25cc563,earthquake,0101000020E6100000302AA913D01C594064CC5D4BC8173C40,4.80,medium,EMSC,1664490,2024-05-27 17:07:12.44+06:30,2026-02-17 20:36:33.650002+06:30,f,,{},
a125ba06-b2f4-4fc9-a301-5813c6dca391,427f616c-b4b4-4ed5-8328-eadd7eed4695,earthquake,0101000020E610000029CB10C7BA245940BB270F0BB5463C40,4.70,medium,EMSC,1664462,2024-05-27 14:55:37.81+06:30,2026-02-17 20:36:33.653712+06:30,f,,{},
5d2aff76-62af-4587-bfa7-39ad5be42ff5,6a47b9d6-445e-486c-bbe4-f1f8aef2158d,earthquake,0101000020E610000022FDF675E028594011363CBD52463C40,5.10,medium,EMSC,1664378,2024-05-27 09:37:12.48+06:30,2026-02-17 20:36:33.658479+06:30,f,,{},
cfdf717e-21ee-46f1-b167-5988c0f5220c,2bb6c22f-9a94-4caf-9181-ac3d0a290278,earthquake,0101000020E6100000CD3B4ED191A45740BC0512143FD63640,4.80,medium,USGS,us7000mplk,2024-06-02 15:14:59.515+06:30,2026-02-17 20:36:34.087407+06:30,f,,{},
0fda438c-dc73-486e-a37b-765f352a052e,62cf580b-e89e-4ae2-9cf2-711b2c082577,earthquake,0101000020E6100000508D976E122F5940CE88D2DEE05B3C40,4.20,medium,USGS,us7000mqnp,2024-05-30 23:40:22.521+06:30,2026-02-17 20:36:34.099506+06:30,f,,{},
2bb55a1c-c9f6-44b3-a5d1-ff042f334edd,425e5abc-3c08-495c-8c05-11e6334a34ff,earthquake,0101000020E610000003098A1F63AA5740F4FDD478E9863740,5.40,medium,USGS,us7000mnrr,2024-05-29 19:43:27+06:30,2026-02-17 20:36:34.104872+06:30,f,,{},
937ac223-eb2c-4ee3-b173-24e3fa635d7c,00b4080a-c764-450e-96a6-dbdda25cc563,earthquake,0101000020E610000036AB3E575B295940BE9F1A2FDD343C40,4.50,medium,USGS,us7000mq2k,2024-05-27 17:09:17.621+06:30,2026-02-17 20:36:34.108103+06:30,f,,{},
ff69e823-bfec-4415-8505-38130ace9e50,00b4080a-c764-450e-96a6-dbdda25cc563,earthquake,0101000020E610000062105839B424594054742497FF203C40,4.80,medium,USGS,us6000n18x,2024-05-27 17:07:11.374+06:30,2026-02-17 20:36:34.111776+06:30,f,,{},
81976fbc-99dc-449d-89ee-c728ca5c2048,427f616c-b4b4-4ed5-8328-eadd7eed4695,earthquake,0101000020E6100000B6F3FDD47821594068226C787A253C40,4.70,medium,USGS,us6000n18p,2024-05-27 14:55:36.603+06:30,2026-02-17 20:36:34.115469+06:30,f,,{},
a9b8d917-17fa-4029-b3c2-781e22c71468,6a47b9d6-445e-486c-bbe4-f1f8aef2158d,earthquake,0101000020E6100000D0D556EC2F2B594008AC1C5A643B3C40,5.10,medium,USGS,us6000n177,2024-05-27 09:37:11.247+06:30,2026-02-17 20:36:34.118823+06:30,f,,{},
b75af67e-05c6-4028-aca1-de368e47f515,40d00228-3c79-435e-9878-2df38eb4f5e9,earthquake,0101000020E6100000CDCCCCCCCC4C574014AE47E17A943B40,3.80,low,EMSC,1669764,2024-06-09 11:05:08+06:30,2026-02-17 20:36:34.415484+06:30,f,,{},
9e49a0a0-590c-4ff6-b341-b68d11066435,fd025549-0313-4d68-a057-fc44335ad0ff,earthquake,0101000020E6100000C3F5285C8F7257408FC2F5285CCF3740,3.80,low,EMSC,1668603,2024-06-06 16:58:20+06:30,2026-02-17 20:36:34.432699+06:30,f,,{},
0bd71961-ea67-49e5-b8ba-e54d39c87482,cc9d15a7-e51f-436a-9bce-0d5dc2bc4e9b,earthquake,0101000020E610000058CA32C4B1AA5740B3EA73B5156B3140,4.50,medium,EMSC,1667460,2024-06-03 19:51:04.048+06:30,2026-02-17 20:36:34.436665+06:30,f,,{},
64f55cb1-ffe5-4eb0-84b4-13b4cd7f1d5f,40d00228-3c79-435e-9878-2df38eb4f5e9,earthquake,0101000020E61000001283C0CAA1455740F4FDD478E9763B40,4.30,medium,USGS,us7000mrac,2024-06-09 11:05:09.641+06:30,2026-02-17 20:36:34.84497+06:30,f,,{},
180f9863-b20e-4c6a-a468-e2458bb25f56,842a1eba-bdc7-431e-895f-1115b9666324,earthquake,0101000020E6100000E09C11A5BD8957400F0BB5A679E73740,4.10,medium,USGS,us7000ms6q,2024-06-06 16:58:16.661+06:30,2026-02-17 20:36:34.864035+06:30,f,,{},
5c6c8f3a-09d2-47e6-a2e6-1d8614860e00,cc9d15a7-e51f-436a-9bce-0d5dc2bc4e9b,earthquake,0101000020E610000058CA32C4B1AA5740B3EA73B5156B3140,4.50,medium,USGS,us7000mrim,2024-06-03 19:51:04.048+06:30,2026-02-17 20:36:34.867767+06:30,f,,{},
b278f6e7-edb3-4aba-ace7-540529464cf9,0a08a04b-f4e6-4279-bfeb-4214bee204b1,earthquake,0101000020E61000003D0AD7A3707D57403D0AD7A370FD3840,3.50,low,EMSC,1672447,2024-06-16 14:21:30+06:30,2026-02-17 20:36:35.163363+06:30,f,,{},
ab09edbb-6f13-4aea-8042-8e66a08557d6,0ff9f555-d3ac-407d-9a0a-75c2b4eb1b61,earthquake,0101000020E61000003D0AD7A3707D574048E17A14AE873740,3.60,low,EMSC,1671295,2024-06-13 08:56:30+06:30,2026-02-17 20:36:35.173559+06:30,f,,{},
4c6d8a83-e06a-4f5f-84f8-1099db7bf3cd,126fe65c-5e81-4bbf-8d71-3827d0a98845,earthquake,0101000020E610000094F6065F9870574082E2C798BB762440,4.30,medium,EMSC,1683032,2024-06-30 13:40:58.52+06:30,2026-02-17 20:36:36.930762+06:30,f,,{},
f8b99ecf-d299-43f9-a9d1-b6811fbbea8a,0b905786-534b-4eea-a08c-99f98067fd7b,earthquake,0101000020E6100000B8AF03E78C6C5740AA8251499D402440,5.00,medium,EMSC,1677088,2024-06-28 23:46:44.92+06:30,2026-02-17 20:36:36.943918+06:30,f,,{},
e0bce945-0693-4c8f-a51b-3aafc4c67ade,08560715-5454-4005-be8c-015609fefa38,earthquake,0101000020E6100000D200DE02097A5740F90FE9B7AF733840,4.60,medium,EMSC,1676257,2024-06-26 20:09:33.19+06:30,2026-02-17 20:36:36.948118+06:30,f,,{},
adf6fe74-fb29-4a48-bbb8-bc195b329d3b,a9f1d7c0-6f0c-4696-a26e-8046eb6569cc,earthquake,0101000020E61000001CEBE2361A345940295C8FC2F5F83A40,4.70,medium,EMSC,1676193,2024-06-26 15:06:15.05+06:30,2026-02-17 20:36:36.950916+06:30,f,,{},
c9f388c9-6136-4746-a75f-1ce5d2cace23,61b82592-5c6c-4499-b9d9-42be112782d4,earthquake,0101000020E6100000894160E5D03A5940265305A392EA3A40,4.80,medium,EMSC,1676191,2024-06-26 14:49:09.07+06:30,2026-02-17 20:36:36.954254+06:30,f,,{},
2f69687a-5d81-4a1a-9a6d-4f7d29b89d0f,e6f56ab8-ad25-414c-bfc0-48413df193ee,earthquake,0101000020E6100000A167B3EA73795740AA8251499DA02440,4.50,medium,EMSC,1676083,2024-06-26 07:26:23.56+06:30,2026-02-17 20:36:36.959548+06:30,f,,{},
bdb18016-1c8b-4e85-ab4a-b62520fdc380,c02803d2-11af-475c-9947-954d5d3d5d58,earthquake,0101000020E6100000273108AC1C725740FE43FAEDEB602440,4.10,medium,EMSC,1681106,2024-06-25 09:10:00.746+06:30,2026-02-17 20:36:36.964961+06:30,f,,{},
07475a1d-3722-45d7-a50c-329468f09fd6,126fe65c-5e81-4bbf-8d71-3827d0a98845,earthquake,0101000020E6100000CA32C4B12E7257406744696FF0852440,4.40,medium,USGS,us7000mx9u,2024-06-30 13:40:58.147+06:30,2026-02-17 20:36:37.560849+06:30,f,,{},
947fdff5-a5cd-4bb5-bf79-d2b58090720d,5c463f52-d692-4f89-9916-66651832a11d,earthquake,0101000020E61000002A3A92CB7F8057409031772D21AF3640,4.40,medium,USGS,us7000mx8d,2024-06-29 03:26:27.864+06:30,2026-02-17 20:36:37.58005+06:30,f,,{},
132b9e26-b4e0-42e1-acbe-4f8fc445de63,0b905786-534b-4eea-a08c-99f98067fd7b,earthquake,0101000020E61000009EEFA7C64B6B574055C1A8A44E402440,5.00,medium,USGS,us6000n8zg,2024-06-28 23:46:45.1+06:30,2026-02-17 20:36:37.583988+06:30,f,,{},
cd5df66b-cfba-4319-8a42-0648b57ac033,08560715-5454-4005-be8c-015609fefa38,earthquake,0101000020E6100000ACADD85F76735740BE30992A18653840,4.60,medium,USGS,us6000n89d,2024-06-26 20:09:33.305+06:30,2026-02-17 20:36:37.587935+06:30,f,,{},
15035a58-2ce4-44dc-9c36-bdb0b9e1e3d3,a9f1d7c0-6f0c-4696-a26e-8046eb6569cc,earthquake,0101000020E6100000B8AF03E78C345940158C4AEA04043B40,4.70,medium,USGS,us6000n88e,2024-06-26 15:06:14.541+06:30,2026-02-17 20:36:37.593679+06:30,f,,{},
b2cb8d24-900f-4bcc-8ba0-847e66d3d8a8,61b82592-5c6c-4499-b9d9-42be112782d4,earthquake,0101000020E61000005F984C158C3659407DD0B359F5D93A40,4.80,medium,USGS,us6000n88d,2024-06-26 14:49:08.14+06:30,2026-02-17 20:36:37.598328+06:30,f,,{},
0af0c284-81a8-4a0e-b8b1-dbf7ff120c26,e6f56ab8-ad25-414c-bfc0-48413df193ee,earthquake,0101000020E6100000CDCCCCCCCC7857408126C286A7772440,4.50,medium,USGS,us6000n874,2024-06-26 07:26:22.555+06:30,2026-02-17 20:36:37.602613+06:30,f,,{},
ac57b3c5-5b44-4fb3-9652-625746615cc1,c02803d2-11af-475c-9947-954d5d3d5d58,earthquake,0101000020E6100000BA490C022B6F57407E1D386744092440,4.30,medium,USGS,us6000n9w7,2024-06-25 09:09:50.64+06:30,2026-02-17 20:36:37.606331+06:30,f,,{},
ff123f2a-6c0d-43a3-b75f-4b3879cb4782,d9fb7b70-01cd-4676-a704-a7ad2f6452b5,earthquake,0101000020E610000083C0CAA145D257400AD7A3703D0A3940,4.40,medium,EMSC,1679875,2024-07-05 23:44:35.75+06:30,2026-02-17 20:36:37.912994+06:30,f,,{},
618e0bd7-96af-4cdf-8762-4c5881e6b423,dc669a57-8abc-469f-8440-655475ccf22d,earthquake,0101000020E6100000CA32C4B12E2E574037894160E5603840,4.40,medium,EMSC,1679535,2024-07-05 03:42:27.75+06:30,2026-02-17 20:36:37.925286+06:30,f,,{},
d33b7e54-760d-4d22-b08a-cb644238474f,3600c4aa-fe02-4cbd-a037-37dc3e250a41,earthquake,0101000020E6100000BE9F1A2FDDF85740273108AC1C1A3340,4.50,medium,EMSC,1679000,2024-07-03 21:43:27.121+06:30,2026-02-17 20:36:37.932059+06:30,f,,{},
6864677d-d43b-470c-b9d4-a5a77234b04d,268776a8-3d28-466e-984a-a9138b3db79d,earthquake,0101000020E61000000AD7A3703DAA57401F85EB51B89E3840,3.80,low,EMSC,1678583,2024-07-02 20:29:19+06:30,2026-02-17 20:36:37.937759+06:30,f,,{},
f4a77f6f-3493-4196-9890-ac1d35881efb,d9fb7b70-01cd-4676-a704-a7ad2f6452b5,earthquake,0101000020E6100000EA04341136D05740AC1C5A643BFF3840,4.40,medium,USGS,us7000mxba,2024-07-05 23:44:36.604+06:30,2026-02-17 20:36:38.367246+06:30,f,,{},
3a7a177f-a130-4f66-a035-8b2365f64e57,dc669a57-8abc-469f-8440-655475ccf22d,earthquake,0101000020E61000005C2041F1632C5740567DAEB6625F3840,4.40,medium,USGS,us7000mx4s,2024-07-05 03:42:27.022+06:30,2026-02-17 20:36:38.382381+06:30,f,,{},
48329a8d-02d2-4e45-b193-300b0e0d6c20,3600c4aa-fe02-4cbd-a037-37dc3e250a41,earthquake,0101000020E6100000DE02098A1FF75740B29DEFA7C61B3340,4.50,medium,USGS,us7000myb6,2024-07-03 21:43:23.196+06:30,2026-02-17 20:36:38.389921+06:30,f,,{},
2af78e62-cd6e-41dd-b09e-43fc29f0ab0b,d150f52e-0f4b-4abf-9391-c0ec79ad316c,earthquake,0101000020E61000003D0AD7A3708D5740CDCCCCCCCC8C3740,4.20,medium,EMSC,1683160,2024-07-14 22:48:18+06:30,2026-02-17 20:36:38.682001+06:30,f,,{},
2f9067c3-014b-4233-9299-17e7f6a262bc,359ffbdd-b4c7-417b-8c58-44526fbc161c,earthquake,0101000020E61000007FD93D79589857403D9B559FABAD3640,4.40,medium,EMSC,1685746,2024-07-22 02:49:26.44+06:30,2026-02-17 20:36:39.555084+06:30,f,,{},
cd92856b-0d92-4722-8c37-f70eef9bbc33,a8f70f5b-3633-459d-8c2d-be37b9411940,earthquake,0101000020E61000000AD7A3703DFA574052B81E85EBD13A40,3.60,low,EMSC,1685196,2024-07-19 20:52:33+06:30,2026-02-17 20:36:39.570021+06:30,f,,{},
7abd955e-9a23-42fc-9b71-2a1c044f9bca,881ad8fa-1367-46cf-a994-1470e719b39d,earthquake,0101000020E61000005F07CE1951765840CE88D2DEE03B3840,4.30,medium,EMSC,1690081,2024-07-19 12:52:06.169+06:30,2026-02-17 20:36:39.575493+06:30,f,,{},
f89e5e0f-bd2c-43e6-9168-8fa41f56632a,da336af6-2e91-4c31-be6b-3728f5e79cee,earthquake,0101000020E6100000A4703D0AD783574048E17A14AE073740,3.60,low,EMSC,1684100,2024-07-17 11:18:39+06:30,2026-02-17 20:36:39.579384+06:30,f,,{},
a84100f2-e231-4e62-b37f-cb634d467c2e,359ffbdd-b4c7-417b-8c58-44526fbc161c,earthquake,0101000020E6100000B6F3FDD4789557409FCDAACFD5963640,4.30,medium,USGS,us7000n0q1,2024-07-22 02:49:29.777+06:30,2026-02-17 20:36:40.016445+06:30,f,,{},
60244103-d0c2-493d-9e41-0224495745fb,881ad8fa-1367-46cf-a994-1470e719b39d,earthquake,0101000020E61000005F07CE1951765840CE88D2DEE03B3840,4.30,medium,USGS,us6000nh53,2024-07-19 12:52:06.169+06:30,2026-02-17 20:36:40.030208+06:30,f,,{},
e2166164-6940-4aa3-98ce-976156a6a969,95447c15-2977-4b3a-bc29-54c3ffbe36e0,earthquake,0101000020E6100000F6285C8FC265574014AE47E17AD43540,4.30,medium,EMSC,1688620,2024-07-28 16:41:08+06:30,2026-02-17 20:36:40.327407+06:30,f,,{},
23970bbc-83ae-4956-8945-303207e3600f,a054e73a-4583-441f-a010-9b22f7bc3722,earthquake,0101000020E61000000AD7A3703D1A58406666666666E63940,3.70,low,EMSC,1688171,2024-07-27 04:46:33+06:30,2026-02-17 20:36:40.348417+06:30,f,,{},
368c245a-11b5-4241-b44f-ba56cd252705,9dfcb999-8d75-4bb6-aef5-976ad006aeaa,earthquake,0101000020E6100000857CD0B35979574036CD3B4ED1513540,4.80,medium,USGS,us6000njvl,2024-07-28 16:41:03.47+06:30,2026-02-17 20:36:40.933952+06:30,f,,{},
3a76f9fb-69ae-45ae-a75e-0db48003ee09,53591f7b-c5e7-48d8-86e0-7aec64c53ec2,earthquake,0101000020E610000014AE47E17AA457400000000000003940,3.70,low,EMSC,1690938,2024-08-03 20:50:28+06:30,2026-02-17 20:36:41.254376+06:30,f,,{},
dd9f7203-c123-4c5f-b6bf-68233c5b82b5,0a181a6d-62b0-4f1b-a03c-4c749bdd454f,earthquake,0101000020E6100000AE47E17A147E574048E17A14AE073740,4.00,medium,EMSC,1689931,2024-08-01 03:02:08+06:30,2026-02-17 20:36:41.277692+06:30,f,,{},
b8773591-b3e1-48bd-bb9e-ea8db5c0cece,dbedd755-5fc6-4246-a62f-46168f159bfb,earthquake,0101000020E610000085EB51B81E95574048E17A14AE473840,3.60,low,EMSC,1688990,2024-07-29 15:39:08+06:30,2026-02-17 20:36:41.284995+06:30,f,,{},
9a3e44e9-9d42-45db-b4a6-c38a4338d1b8,c0308285-9104-45b2-acb2-ae0cdd621cae,earthquake,0101000020E61000001E166A4DF3625740613255302A692A40,4.50,medium,USGS,us7000n76l,2024-07-30 08:03:35.216+06:30,2026-02-17 20:36:41.894628+06:30,f,,{},
d274aff6-aa8e-495c-a89e-04de68195e2f,0259e965-4c63-4457-9c0a-ffa6fd522a91,earthquake,0101000020E610000098DD9387858A5740F38E537424A73740,4.00,medium,USGS,us6000nk4x,2024-07-29 08:12:43.39+06:30,2026-02-17 20:36:41.920511+06:30,f,,{},
e3691454-081a-47fc-bcda-9563486f0c8a,2b60e417-b01c-4b9d-a3ad-deb862f4c314,earthquake,0101000020E61000007CF2B0506BB65740F697DD9387653840,4.50,medium,EMSC,1692528,2024-08-07 20:05:57.34+06:30,2026-02-17 20:36:42.217052+06:30,f,,{},
f7121bc3-d13b-456c-b362-3b6470858a02,e35b9cac-0b9e-419e-966c-bd10f5639049,earthquake,0101000020E6100000925CFE43FAA957408E06F01648303840,4.40,medium,USGS,us6000niqj,2024-08-07 20:06:03.663+06:30,2026-02-17 20:36:42.805486+06:30,f,,{},
4b776fe3-7f7b-42ac-b9bc-77dd5f333cfd,f4f4e712-04dc-4850-9e32-0d954026ac2d,earthquake,0101000020E6100000C5FEB27BF2145840BE9F1A2FDD842E40,4.30,medium,USGS,us6000nmvk,2024-08-06 07:11:14.761+06:30,2026-02-17 20:36:42.819481+06:30,f,,{},
cbb092a9-044b-4b61-a0a8-e2f9898e7303,c418456e-4103-486a-a4cd-52e7af09f396,earthquake,0101000020E6100000295C8FC2F5C8574048E17A14AE073940,3.50,low,EMSC,1695872,2024-08-16 14:36:47+06:30,2026-02-17 20:36:43.118951+06:30,f,,{},
17a4678c-d435-47c4-820b-aa54239588cb,5e1d6cd8-7527-4cf3-9762-03c15d19ecb1,earthquake,0101000020E61000000F9C33A2B4A357407B832F4CA62A3940,4.20,medium,EMSC,1695249,2024-08-15 05:36:52.05+06:30,2026-02-17 20:36:43.142808+06:30,f,,{},
806d98af-ae3c-4822-bd3c-98bfad540edb,09837830-9ecf-463e-b3c3-7e7520992648,earthquake,0101000020E61000007B14AE47E11A57407B14AE47E13A3940,3.70,low,EMSC,1694950,2024-08-14 11:55:22+06:30,2026-02-17 20:36:43.151653+06:30,f,,{},
e4e90824-f33d-4c30-a15a-547650fe7660,3069b82c-e585-42ff-93a3-8f308a48a56e,earthquake,0101000020E6100000F6285C8FC2D557407B14AE47E1FA3840,3.60,low,EMSC,1694441,2024-08-13 04:21:19+06:30,2026-02-17 20:36:43.158005+06:30,f,,{},
47ec0039-fdc4-4aff-9c4a-fa2f87a26354,077a6daf-64d2-4d3a-9384-8fbd58054a92,earthquake,0101000020E61000005C8FC2F5288C57407B14AE47E1BA3740,3.60,low,EMSC,1694291,2024-08-12 20:00:55+06:30,2026-02-17 20:36:43.162485+06:30,f,,{},
c8fe68d0-7476-477d-9fa4-09e6035ab71e,359de2c4-c5a3-471a-983d-4d257c2d8cb7,earthquake,0101000020E61000004BC8073D9BFD57406EA301BC05123740,4.40,medium,USGS,us7000nd3p,2024-08-18 12:14:36.079+06:30,2026-02-17 20:36:43.591396+06:30,f,,{},
ac9bc8e8-acf0-4204-8882-362deedd7c51,5e1d6cd8-7527-4cf3-9762-03c15d19ecb1,earthquake,0101000020E6100000C364AA6054AA57403D2CD49AE62D3940,4.20,medium,USGS,us7000n729,2024-08-15 05:36:45.518+06:30,2026-02-17 20:36:43.60515+06:30,f,,{},
cbd5b291-ecf5-4054-9396-a2ea5af8834c,c34a83fb-7001-4d97-a8aa-06d8a987f97b,earthquake,0101000020E6100000029A081B9E2259406688635DDC263B40,4.00,medium,USGS,us6000nq2j,2024-08-14 21:12:58.933+06:30,2026-02-17 20:36:43.613083+06:30,f,,{},
1fcfa339-634e-45e7-9d22-9095c892855d,a47cbf98-f8e5-4ae4-975b-ff6da96cb6cd,earthquake,0101000020E6100000DB8AFD65F7245940D881734694263C40,4.30,medium,USGS,us6000npvp,2024-08-13 18:38:58.968+06:30,2026-02-17 20:36:43.618049+06:30,f,,{},
0ccda4fb-f175-4f08-bd0d-9ccf1fa3dc81,a3536e1c-41c5-4577-b30a-ad1688c87fa3,earthquake,0101000020E6100000A301BC05127457403A92CB7F483F2440,4.70,medium,EMSC,1699702,2024-08-25 15:51:24.954+06:30,2026-02-17 20:36:43.918855+06:30,f,,{},
64ff4049-3c4e-41f3-9df5-dd015511795f,56ec8c9f-bf21-4e99-854e-1397c2994576,earthquake,0101000020E610000048E17A14AE075840CDCCCCCCCC0C3A40,3.60,low,EMSC,1699390,2024-08-24 16:58:05+06:30,2026-02-17 20:36:43.938888+06:30,f,,{},
a5c8895f-c906-4637-817b-12dc56787e26,a56247b1-5eb9-46ea-a296-6fa508295269,earthquake,0101000020E61000008FC2F5285CFF5740EC51B81E85AB3A40,4.10,medium,EMSC,1698627,2024-08-22 22:15:49+06:30,2026-02-17 20:36:43.946422+06:30,f,,{},
d2ca05b9-8a27-4721-aab6-00752b563ed2,93f99252-f1af-4e46-af04-30bb5bdde60a,earthquake,0101000020E6100000C3F5285C8F1258405C8FC2F528DC3940,3.60,low,EMSC,1698081,2024-08-21 15:21:27+06:30,2026-02-17 20:36:43.951485+06:30,f,,{},
1ffc238c-898e-4786-91d5-1aecf4c4b3f1,5c114aea-a750-4660-86df-e0239b45c48b,earthquake,0101000020E610000048E17A14AEF75740295C8FC2F5E83940,3.50,low,EMSC,1698088,2024-08-21 15:04:17+06:30,2026-02-17 20:36:43.956871+06:30,f,,{},
8f8c7c4a-d43d-4bdf-90f3-c45c50fc4f84,e9b0a3ec-a8d6-402a-9445-5e4d9066b600,earthquake,0101000020E6100000D7A3703D0AC75740F6285C8FC2F53840,3.80,low,EMSC,1698035,2024-08-21 13:37:27+06:30,2026-02-17 20:36:43.96061+06:30,f,,{},
15b2ef64-3390-4910-8d34-6fb37f230c86,d65f4bc2-8cd5-4680-9620-b0b432f8cd71,earthquake,0101000020E6100000FC1873D712425940933A014D84BD3640,4.70,medium,EMSC,1697774,2024-08-20 21:34:39.06+06:30,2026-02-17 20:36:43.963655+06:30,f,,{},
5989a7ab-4fc2-45da-9d58-de32ea4d3aef,a3536e1c-41c5-4577-b30a-ad1688c87fa3,earthquake,0101000020E6100000AA8251499D74574062105839B4682440,4.70,medium,USGS,us7000n9ak,2024-08-25 15:51:25.503+06:30,2026-02-17 20:36:44.531692+06:30,f,,{},
1881f284-7ee4-490a-afed-dfa6a3a7e730,ed308f21-e944-43b7-ab08-2b995450a142,earthquake,0101000020E610000064CC5D4BC8475740F931E6AE25A42A40,4.50,medium,USGS,us7000ndjh,2024-08-21 23:15:24.944+06:30,2026-02-17 20:36:44.542635+06:30,f,,{},
4fb3187f-a6c0-4e11-ae4f-0ae60bda5c9c,990a6b39-4244-4afd-ab83-9ede4bc2b2a5,earthquake,0101000020E6100000E561A1D6346F5740B1E1E995B2CC2640,4.30,medium,USGS,us7000ndja,2024-08-21 19:46:15.518+06:30,2026-02-17 20:36:44.547111+06:30,f,,{},
83175a3c-3276-4e36-b62c-932cb076ef56,d65f4bc2-8cd5-4680-9620-b0b432f8cd71,earthquake,0101000020E610000080B74082E247594058CA32C4B1BE3640,4.70,medium,USGS,us7000n89f,2024-08-20 21:34:38.606+06:30,2026-02-17 20:36:44.550102+06:30,f,,{},
cc417ab4-a1be-4cff-aafe-6090fbbe9c87,2ac39a3f-dc84-47b1-9d70-32c30a194a5f,earthquake,0101000020E610000075931804561A5840CE88D2DEE01B3940,4.50,medium,USGS,us7000nd91,2024-08-19 07:14:51.858+06:30,2026-02-17 20:36:44.554831+06:30,f,,{},
9ee29926-ee1b-4c6a-9e8f-054db00e42b2,51e6cbdd-9774-47d5-99dc-8bfe4e5348b7,earthquake,0101000020E6100000295C8FC2F51857400000000000403A40,3.60,low,EMSC,1702411,2024-09-01 19:51:52+06:30,2026-02-17 20:36:44.849196+06:30,f,,{},
e60818b3-17cf-4b62-bf22-a2926882e01b,312e4a32-867f-49b3-8fbb-631a43832b2d,earthquake,0101000020E6100000AE47E17A14CE574014AE47E17A943840,3.60,low,EMSC,1700611,2024-08-27 22:11:26+06:30,2026-02-17 20:36:44.871651+06:30,f,,{},
f93db076-1c6d-4883-b471-79ad00efcb75,d6f547e9-f00c-474b-9598-354d38c7a47b,earthquake,0101000020E61000005C8FC2F528BC5740CDCCCCCCCC0C3940,3.80,low,EMSC,1700237,2024-08-26 23:18:33+06:30,2026-02-17 20:36:44.879741+06:30,f,,{},
2e92ec12-d19c-4670-bb1c-eca1000046e6,29bb6a8c-b94c-4235-9131-1c4f1b3059f9,earthquake,0101000020E61000004182E2C7982B5940B22E6EA3018C3740,4.20,medium,USGS,us6000nwal,2024-08-28 03:45:02.136+06:30,2026-02-17 20:36:45.573996+06:30,f,,{},
0c05217a-981a-4d56-9382-0a853fdbb6d3,b4494fc3-dd81-4b1d-b019-456fa3802b32,earthquake,0101000020E61000005D6DC5FEB2B757407958A835CDBB3440,4.40,medium,USGS,us6000nwaj,2024-08-28 02:49:40.853+06:30,2026-02-17 20:36:45.591296+06:30,f,,{},
23eaaf8f-026f-41bf-a02b-8fa44c2e093a,6cc36284-b197-4448-8a35-7da20c782c28,earthquake,0101000020E61000009A99999999895740295C8FC2F5283740,3.70,low,EMSC,1703978,2024-09-06 02:28:18+06:30,2026-02-17 20:36:45.887469+06:30,f,,{},
fb6c56ae-f012-4b0f-802c-699a053d23f4,a76a264e-2a31-4aa1-a3c6-23ce04785cdd,earthquake,0101000020E610000085EB51B81EA5574052B81E85EB513740,4.30,medium,EMSC,1703357,2024-09-04 08:19:11+06:30,2026-02-17 20:36:45.91093+06:30,f,,{},
b77c88cd-ad1b-4f05-bfe2-02e788ebd414,1595e8c0-b72b-4854-8801-3f02e7c4ece3,earthquake,0101000020E61000001F85EB51B82E57409A99999999993B40,3.50,low,EMSC,1707771,2024-09-16 05:14:20+06:30,2026-02-17 20:36:46.63169+06:30,f,,{},
7415e514-f532-4518-a168-5d4b1df68265,5faf3b54-97cc-4904-976b-6156e3ec165d,earthquake,0101000020E6100000AE47E17A147E5740C3F5285C8FC23640,4.30,medium,EMSC,1707571,2024-09-15 20:47:08+06:30,2026-02-17 20:36:46.642433+06:30,f,,{},
4c853de0-aedd-4ffd-baed-a18288d4e704,300b42ca-ed7d-428e-ac0f-4ecf3025fba0,earthquake,0101000020E61000001F85EB51B8BE574052B81E85EBD13840,3.60,low,EMSC,1707433,2024-09-15 14:25:32+06:30,2026-02-17 20:36:46.648413+06:30,f,,{},
056f39d8-45d2-4414-9b8a-9630bc89e173,0a8b7bae-3327-48e1-a30b-a0bb620edd45,earthquake,0101000020E610000026E4839ECDC2574010E9B7AF03672740,4.70,medium,EMSC,1706702,2024-09-13 15:52:52.64+06:30,2026-02-17 20:36:46.65271+06:30,f,,{},
39f11629-ad21-4f65-bddf-7c51064bb260,900603ec-e679-43e3-9cce-c02001cd506e,earthquake,0101000020E6100000B81E85EB518857408FC2F5285C0F3740,4.20,medium,EMSC,1705210,2024-09-09 19:16:52+06:30,2026-02-17 20:36:46.656885+06:30,f,,{},
b3f11d35-ff91-4410-a12c-b8db97e5941b,4550ff7c-a17a-4b90-9d65-5af7c2e18645,earthquake,0101000020E6100000F5DBD78173C65740280F0BB5A6792740,4.20,medium,USGS,us6000nytj,2024-09-13 20:25:31.93+06:30,2026-02-17 20:36:47.231135+06:30,f,,{},
7cbbbe09-5dda-440e-81a4-d755927512e8,0a8b7bae-3327-48e1-a30b-a0bb620edd45,earthquake,0101000020E610000087A757CA32C057408CDB68006F612740,4.70,medium,USGS,us7000ndh5,2024-09-13 15:52:52.46+06:30,2026-02-17 20:36:47.245139+06:30,f,,{},
2caef77d-9488-474a-8cf9-22de22386035,e1aad097-0e2a-4d8b-8ce4-4d3f681114b9,earthquake,0101000020E610000005A3923A01A95740AB3E575BB15F3640,4.10,medium,USGS,us6000ny32,2024-09-09 19:16:46.822+06:30,2026-02-17 20:36:47.250774+06:30,f,,{},
c3e826a9-c42c-4dc7-a15a-f238e331d21f,c7db70ba-a804-4de5-86d2-50bf1b719317,earthquake,0101000020E61000000AD7A3703D8A5740AE47E17A14AE3740,3.50,low,EMSC,1710168,2024-09-22 23:14:54+06:30,2026-02-17 20:36:47.54482+06:30,f,,{},
beb959f1-d60f-4d7f-a2e0-d36b6023b8ad,c0fa45b6-34fe-4e14-9b8c-3f54317086e0,earthquake,0101000020E6100000E17A14AE47B15740B81E85EB51B83840,3.50,low,EMSC,1709496,2024-09-21 00:18:17+06:30,2026-02-17 20:36:47.563725+06:30,f,,{},
ba3628ab-6f20-4c42-8edb-b052203c097f,9b6a855a-094c-4c19-b026-995c4808199a,earthquake,0101000020E6100000B1E1E995B21C5740840D4FAF94A52840,4.30,medium,EMSC,1708549,2024-09-18 02:32:04.835+06:30,2026-02-17 20:36:47.572976+06:30,f,,{},
901be44f-c76d-474d-b84d-5c64abf32a20,9b6a855a-094c-4c19-b026-995c4808199a,earthquake,0101000020E6100000B1E1E995B21C5740840D4FAF94A52840,4.30,medium,USGS,us6000nt2t,2024-09-18 02:32:04.835+06:30,2026-02-17 20:36:48.153745+06:30,f,,{},
a866bba3-fc3d-4252-a988-c0e3dce9ccb3,21f1d516-69b6-4c1a-9bb2-5b1b59f4b7a6,earthquake,0101000020E610000011C7BAB88D2657404BEA043411063A40,4.30,medium,EMSC,1711468,2024-09-26 17:30:51.36+06:30,2026-02-17 20:36:48.457447+06:30,f,,{},
8b09a4fd-80c9-4836-a24a-4c0565bc6e55,5ea46ea2-5e99-42e5-80b6-cd5be91aad03,earthquake,0101000020E6100000B81E85EB51C8574085EB51B81E053940,3.50,low,EMSC,1710914,2024-09-24 22:56:01+06:30,2026-02-17 20:36:48.475285+06:30,f,,{},
6f5b1527-8f1e-4192-a72d-5e7ca78e242c,cda39f00-a21b-4df6-8c40-1fa66027e2e4,earthquake,0101000020E6100000857CD0B359B957403A234A7B831F3540,4.60,medium,EMSC,1710839,2024-09-24 17:07:47.56+06:30,2026-02-17 20:36:48.482668+06:30,f,,{},
2953e396-0990-44ed-9030-49d8c12752d2,27c5c360-8744-4969-95d1-d68eaf36801e,earthquake,0101000020E61000009A99999999655740C74B378941602940,4.60,medium,EMSC,1710820,2024-09-24 15:54:23.66+06:30,2026-02-17 20:36:48.489339+06:30,f,,{},
b96abde9-c61b-4276-a447-50d15cc526a6,dd523233-5b95-4438-9814-e29838c54710,earthquake,0101000020E61000009CC420B07208594096438B6CE73B3540,4.00,medium,EMSC,1710432,2024-09-23 15:52:00+06:30,2026-02-17 20:36:48.494427+06:30,f,,{},
118a0a0b-f9cc-40b5-81f5-f7c9ae3730de,8eba576e-ece2-459a-b190-9078324eb6e6,earthquake,0101000020E6100000E71DA7E8483E57406519E25817372440,4.30,medium,USGS,us6000p02u,2024-09-29 15:09:06.984+06:30,2026-02-17 20:36:49.07395+06:30,f,,{},
c875fe07-43e3-4fed-86e4-b6d8c5bf5b66,21f1d516-69b6-4c1a-9bb2-5b1b59f4b7a6,earthquake,0101000020E6100000A2B437F8C22057405BD3BCE314ED3940,4.30,medium,USGS,us7000ngj5,2024-09-26 17:30:47.109+06:30,2026-02-17 20:36:49.087592+06:30,f,,{},
f52bd0ca-e5e2-4a55-baa5-25811a732559,cda39f00-a21b-4df6-8c40-1fa66027e2e4,earthquake,0101000020E610000072F90FE9B7BF574039B4C876BE1F3540,4.50,medium,USGS,us6000nu1v,2024-09-24 17:07:50.107+06:30,2026-02-17 20:36:49.092863+06:30,f,,{},
b3a07642-27f9-4ae4-b47f-a7679b75cca3,27c5c360-8744-4969-95d1-d68eaf36801e,earthquake,0101000020E610000016FBCBEEC9635740B3EA73B5153B2940,4.60,medium,USGS,us6000nu1i,2024-09-24 15:54:24.06+06:30,2026-02-17 20:36:49.096629+06:30,f,,{},
66e250fa-ce43-4506-83fd-6200712b73a4,1a87d191-4a19-4748-a7a2-d2089f35b560,earthquake,0101000020E6100000CDCCCCCCCC8C57400AD7A3703D0A3940,3.60,low,EMSC,1713925,2024-10-04 08:02:23+06:30,2026-02-17 20:36:49.399643+06:30,f,,{},
7c6e285d-4b17-4188-b10d-affa95dd315b,18a1574f-3de1-407d-9439-87999e6358ae,earthquake,0101000020E610000052B81E85EB615740CDCCCCCCCC4C3640,3.60,low,EMSC,1713913,2024-10-04 05:43:42+06:30,2026-02-17 20:36:49.414601+06:30,f,,{},
0855b848-0cf7-4f2e-8124-b10df28dd326,72b12424-37a9-4ae5-8480-b49aa730a092,earthquake,0101000020E6100000728A8EE4F29F5740B459F5B9DAEA3540,4.20,medium,EMSC,1713636,2024-10-03 07:39:16.53+06:30,2026-02-17 20:36:49.420459+06:30,f,,{},
24f7462e-faf2-493e-a3d9-834546d3ea91,cabff575-b66f-4e3f-b67c-870280e7bd49,earthquake,0101000020E61000006666666666965740CDCCCCCCCCCC3840,4.10,medium,EMSC,1713417,2024-10-02 15:41:59+06:30,2026-02-17 20:36:49.424502+06:30,f,,{},
698355ee-fe4d-478b-967e-6aa2f9007674,de3892b4-8d9c-418a-ab20-b39bd2840b58,earthquake,0101000020E6100000B29DEFA7C69357405305A3923A213740,4.50,medium,USGS,us7000nmxe,2024-10-05 22:11:51.486+06:30,2026-02-17 20:36:50.021853+06:30,f,,{},
663e4a65-51a8-441b-93ac-34eb3f5498d6,18a1574f-3de1-407d-9439-87999e6358ae,earthquake,0101000020E61000003480B740827257403D0AD7A3703D3640,4.40,medium,USGS,us7000nmp3,2024-10-04 05:43:47.772+06:30,2026-02-17 20:36:50.037039+06:30,f,,{},
818a9ea2-e5a9-49e5-8aff-4abd73b39784,72b12424-37a9-4ae5-8480-b49aa730a092,earthquake,0101000020E6100000302AA913D09C5740F775E09C11F53540,4.30,medium,USGS,us6000nw74,2024-10-03 07:39:15.175+06:30,2026-02-17 20:36:50.043255+06:30,f,,{},
2622170c-f017-4417-b31f-ea602da35d3f,6679368f-36d4-4df4-9bda-687d64d8d9ec,earthquake,0101000020E6100000C7BAB88D06A0574043AD69DE717A3840,4.40,medium,USGS,us7000nmmz,2024-10-02 15:42:03.3+06:30,2026-02-17 20:36:50.04728+06:30,f,,{},
da9ac305-7a92-4b35-a7ea-7e35113d2a33,a2816478-e19b-431a-a695-d4a288ec8ba2,earthquake,0101000020E61000008B6CE7FBA97957401904560E2DB22640,4.10,medium,USGS,us7000nmfx,2024-10-02 01:35:28.054+06:30,2026-02-17 20:36:50.053534+06:30,f,,{},
be5f97e7-adcb-4ffe-8db3-55587069268b,069fab5b-8850-46ea-947f-14ae9a4b7bc0,earthquake,0101000020E610000011363CBD5222574086C954C1A8443A40,4.40,medium,EMSC,1717170,2024-10-13 08:47:29.51+06:30,2026-02-17 20:36:50.350583+06:30,f,,{},
5630d158-9951-499c-9137-27803e74fec3,898b1bf9-6d8e-4b70-84fe-8ece5097d665,earthquake,0101000020E6100000AC1C5A643BF3574039454772F9EF3640,4.90,medium,EMSC,1716443,2024-10-11 11:10:54.99+06:30,2026-02-17 20:36:50.370169+06:30,f,,{},
4f832d79-c859-43d8-94a5-4ec016648d8c,178bd0db-225a-44f3-8b62-5913e4bfac03,earthquake,0101000020E6100000ACADD85F766F574058A835CD3B4E2840,4.30,medium,EMSC,1716050,2024-10-10 07:40:37.96+06:30,2026-02-17 20:36:50.377227+06:30,f,,{},
e37a0d58-81ca-4fd5-a695-51a23a213708,3aaa1008-8003-407d-8bac-a964e9b3e837,earthquake,0101000020E6100000E17A14AE478157408FC2F5285CCF3640,3.80,low,EMSC,1715814,2024-10-09 17:12:00+06:30,2026-02-17 20:36:50.382331+06:30,f,,{},
38255d08-0183-440d-9613-962327ba8e8c,e537d199-42c8-48f3-aa62-a6f885f54867,earthquake,0101000020E61000005305A3923A1157406744696FF0B53A40,4.40,medium,USGS,us6000nyde,2024-10-13 08:47:29.478+06:30,2026-02-17 20:36:50.787762+06:30,f,,{},
a9c40719-a4a7-436e-bb0f-d4f0afa4cac4,898b1bf9-6d8e-4b70-84fe-8ece5097d665,earthquake,0101000020E610000000917EFB3AFC574017D9CEF753F33640,5.00,medium,USGS,us6000ny0s,2024-10-11 11:10:54.951+06:30,2026-02-17 20:36:50.803871+06:30,f,,{},
37eae993-ec0c-4ce9-b1c8-35434528d17d,178bd0db-225a-44f3-8b62-5913e4bfac03,earthquake,0101000020E61000004772F90FE9775740865AD3BCE3742840,4.20,medium,USGS,us6000nxqc,2024-10-10 07:40:38.951+06:30,2026-02-17 20:36:50.811978+06:30,f,,{},
fd9df703-e534-4b45-b536-47f4f4d2f0a8,bd611ce8-caed-4269-b0d4-15a2284e7876,earthquake,0101000020E6100000A779C7293A7E5740DD24068195832240,4.20,medium,USGS,us7000nn60,2024-10-07 09:42:19.394+06:30,2026-02-17 20:36:50.816604+06:30,f,,{},
35bfef20-f0fb-483b-8f16-6b738e100906,3219882d-ae04-45cf-b152-dcb23f9e2154,earthquake,0101000020E610000085EB51B81E25584076E09C11A5BD3940,4.30,medium,EMSC,1717569,2024-10-14 13:32:46.33+06:30,2026-02-17 20:36:51.109661+06:30,f,,{},
c402ec5c-9ada-4036-b640-e1710ff0c6c9,241d58dd-b4dd-4025-ab41-8806e640a865,earthquake,0101000020E610000052B81E85EB35574099BB96900FBA2B40,4.70,medium,USGS,us7000nqmm,2024-10-20 16:30:01.194+06:30,2026-02-17 20:36:51.559051+06:30,f,,{},
5abe4762-fc46-40c0-8b2e-80716424ac80,8acf3f9f-cf99-48d6-857b-b860e075ed15,earthquake,0101000020E610000009F9A067B36E5840E7FBA9F1D2FD3840,4.40,medium,USGS,us6000nyj8,2024-10-14 13:32:35.638+06:30,2026-02-17 20:36:51.565381+06:30,f,,{},
b61af74d-868d-431d-9b04-4d7004cababa,ae5e2053-ae63-4ac7-9b2d-6eb0656234d1,earthquake,0101000020E61000006666666666865740D7A3703D0A973640,3.80,low,EMSC,1721823,2024-10-24 10:34:12+06:30,2026-02-17 20:36:51.862235+06:30,f,,{},
8cb468f2-75cb-4534-8a26-8e1fea10b43a,bec85884-1f67-4e73-a1d5-85f3c9c0964b,earthquake,0101000020E6100000FCA9F1D24D3E5740984C158C4A5A3140,4.20,medium,EMSC,1726065,2024-11-03 11:28:06.328+06:30,2026-02-17 20:36:52.583111+06:30,f,,{},
043bfac8-e90e-4a81-8fea-b56aa78da2a6,f5bc1003-9da2-4ff5-ac66-c9e1b6971675,earthquake,0101000020E61000005BB1BFEC9E885740645DDC4603D83B40,4.60,medium,EMSC,1723651,2024-10-28 19:38:35.88+06:30,2026-02-17 20:36:52.596815+06:30,f,,{},
e30c8f11-8606-4ee6-9a99-4d4f8a50fff7,bec85884-1f67-4e73-a1d5-85f3c9c0964b,earthquake,0101000020E6100000E7FBA9F1D239574092CB7F48BF5D3140,4.30,medium,USGS,us7000npne,2024-11-03 11:28:05.89+06:30,2026-02-17 20:36:53.347113+06:30,f,,{},
156960fc-d100-48ba-b654-971eedbc5793,ca65835c-46a3-4c19-a7e5-a95463f41ea8,earthquake,0101000020E61000004A7B832F4C72574026E4839ECD2A2640,4.20,medium,USGS,us7000np67,2024-10-31 18:35:18.58+06:30,2026-02-17 20:36:53.359516+06:30,f,,{},
e72567c9-dcb5-429d-b109-e9b3b732cc08,f5bc1003-9da2-4ff5-ac66-c9e1b6971675,earthquake,0101000020E610000030BB270F0B815740C364AA6054E23B40,4.70,medium,USGS,us7000nnml,2024-10-28 19:38:36.561+06:30,2026-02-17 20:36:53.364131+06:30,f,,{},
374732a0-dfb8-4716-85c7-e9646ad5060d,c94f2ee2-636e-4138-bc6e-8f13826711ec,earthquake,0101000020E610000052B81E85EB4157406666666666663A40,3.60,low,EMSC,1729774,2024-11-12 13:28:27+06:30,2026-02-17 20:36:54.340199+06:30,f,,{},
b44a5a76-d466-4006-8999-4f76924f1c39,bdcdc77d-f0f7-4993-87e4-a85e28b8a835,earthquake,0101000020E6100000371AC05B203557402EFF21FDF6F52740,4.60,medium,USGS,us7000nuy3,2024-11-14 16:07:05.117+06:30,2026-02-17 20:36:54.928822+06:30,f,,{},
c53d3b5a-6fc9-4ce4-9865-bbe84bddbf72,7aedc2d4-b956-456a-8663-165a1b719e36,earthquake,0101000020E61000004E621058392C5740CE88D2DEE0EB2440,4.40,medium,USGS,us7000nus8,2024-11-12 17:12:41.806+06:30,2026-02-17 20:36:54.941784+06:30,f,,{},
2c52eb29-bedc-4129-85e8-f8d1d08e7cb6,98401450-746a-4263-bd4a-46bdf58d8341,earthquake,0101000020E6100000E17A14AE471157403333333333333840,3.60,low,EMSC,1735040,2024-11-25 04:56:54+06:30,2026-02-17 20:36:55.242198+06:30,f,,{},
978abef3-ff14-44de-b754-9905ae1cecb2,deb3feb2-6f9b-4eae-8919-08579cb92389,earthquake,0101000020E6100000A4703D0AD76B58406891ED7C3FF53240,3.70,low,EMSC,1734807,2024-11-24 11:06:55+06:30,2026-02-17 20:36:55.253042+06:30,f,,{},
5904c49b-7934-4c67-942d-68158729c530,83c9e34a-b170-42dc-a5f7-aac42809916b,earthquake,0101000020E61000003333333333335740AE47E17A142E3940,3.80,low,EMSC,1734591,2024-11-24 00:05:02+06:30,2026-02-17 20:36:55.262112+06:30,f,,{},
0268104d-80e1-46b8-a72d-9a3d34194115,09b24d3c-25cc-4a25-bd67-20acc393a5bc,earthquake,0101000020E610000085EB51B81E755740A4703D0AD7A33840,3.60,low,EMSC,1733929,2024-11-22 05:42:37+06:30,2026-02-17 20:36:55.269016+06:30,f,,{},
8debd89e-adde-4b6b-b47a-d8fc4d2c1db9,c6caa3a6-9f89-4536-8b6e-281983b65684,earthquake,0101000020E61000003D0AD7A3701D5740A4703D0AD7E33A40,3.50,low,EMSC,1733763,2024-11-21 19:53:56+06:30,2026-02-17 20:36:55.273796+06:30,f,,{},
614dbd04-48da-43a9-9b1c-03a7e7ee7ed0,187fddd4-09e3-4e77-8b81-49d6e47f3975,earthquake,0101000020E6100000E17A14AE470158401F85EB51B89E3A40,3.70,low,EMSC,1733633,2024-11-21 13:34:32+06:30,2026-02-17 20:36:55.277691+06:30,f,,{},
d07c886f-6b32-4cf1-91ab-f40fce29f35b,be6983a2-95ec-41fc-8c88-c6a370faa18a,earthquake,0101000020E6100000295C8FC2F5F8574052B81E85EBD13040,4.50,medium,EMSC,1733265,2024-11-20 17:48:29+06:30,2026-02-17 20:36:55.280695+06:30,f,,{},
299afa93-6117-4b6e-99a4-82f45b4b8501,be6983a2-95ec-41fc-8c88-c6a370faa18a,earthquake,0101000020E61000003D0AD7A370FD5740C3F5285C8FC23040,4.60,medium,EMSC,1733259,2024-11-20 17:34:50.2+06:30,2026-02-17 20:36:55.283988+06:30,f,,{},
c41339ca-ed34-450d-8989-9f1915020134,5a945e47-d498-49c8-8283-98f9d2a92f10,earthquake,0101000020E6100000000000000000584048E17A14AE873A40,3.60,low,EMSC,1732285,2024-11-18 12:57:28+06:30,2026-02-17 20:36:55.288961+06:30,f,,{},
c4a1d9b1-adcd-44e9-8b6a-963f1b53a162,83c9e34a-b170-42dc-a5f7-aac42809916b,earthquake,0101000020E6100000CB10C7BAB8315740ECC039234A0B3940,4.20,medium,USGS,us6000p7ad,2024-11-24 00:05:06.04+06:30,2026-02-17 20:36:55.696039+06:30,f,,{},
9a4dbd1f-adf3-41ea-8e99-6dc4323ce764,47dfa5b3-842f-4c65-bcb9-d27b8c4d20be,earthquake,0101000020E610000031992A1895F05740A4DFBE0E9C633040,4.20,medium,USGS,us7000nw5y,2024-11-20 17:48:25.182+06:30,2026-02-17 20:36:55.709934+06:30,f,,{},
1b39de68-dc21-4187-b9fe-0b0f6482fe24,47dfa5b3-842f-4c65-bcb9-d27b8c4d20be,earthquake,0101000020E6100000ADFA5C6DC5EE5740ABCFD556EC5F3040,4.20,medium,USGS,us7000nw5x,2024-11-20 17:34:45.627+06:30,2026-02-17 20:36:55.716728+06:30,f,,{},
7bf7ac16-70a7-4407-9de3-eb74f14061b4,d715e7e6-dcc3-41fa-9b37-d15b5cffb8f9,earthquake,0101000020E6100000B8AF03E78C48574032772D211FF42840,4.70,medium,USGS,us7000nw5n,2024-11-20 10:51:33.1+06:30,2026-02-17 20:36:55.722285+06:30,f,,{},
750f15d0-4ee7-4abe-b0d5-4018f39b23e1,5a945e47-d498-49c8-8283-98f9d2a92f10,earthquake,0101000020E610000000000000000058404DF38E5374543A40,4.00,medium,USGS,us7000nvux,2024-11-18 12:57:31.689+06:30,2026-02-17 20:36:55.72689+06:30,f,,{},
725705f5-66c4-4ac5-a227-81215b255c07,e0c1c24d-45d1-47bb-a153-9b1f6c1ba23a,earthquake,0101000020E61000004BC8073D9BC95740E86A2BF6975D3240,4.60,medium,EMSC,1737652,2024-12-01 14:27:42.37+06:30,2026-02-17 20:36:56.039389+06:30,f,,{},
c1c21971-407f-4581-ad6c-fa266be3b592,bc4cf0bb-b5a6-43a8-bfce-480c4ba729eb,earthquake,0101000020E6100000E9263108ACBC5740F54A598638863940,4.30,medium,EMSC,1736413,2024-11-28 08:22:58.46+06:30,2026-02-17 20:36:56.048547+06:30,f,,{},
fdd7dbd6-291e-4ca0-b4bf-9c4b52b462b8,ee6c64b7-bd3b-4fe5-ac4a-727b8e3c85e5,earthquake,0101000020E6100000273108AC1C625740E86A2BF6979D3840,4.30,medium,EMSC,1736205,2024-11-27 19:20:08.2+06:30,2026-02-17 20:36:56.05679+06:30,f,,{},
8f939b16-0795-4124-be58-94aab5561eb6,fa5e8fdc-6194-471d-9b71-b9dcb7e97c9d,earthquake,0101000020E6100000ADFA5C6DC5025840B8AF03E78CC83840,4.90,medium,EMSC,1735615,2024-11-26 14:33:25.66+06:30,2026-02-17 20:36:56.064572+06:30,f,,{},
109a89a2-1218-4e7f-a405-7286f58a090b,e0c1c24d-45d1-47bb-a153-9b1f6c1ba23a,earthquake,0101000020E61000008E06F01648CC57403A92CB7F486F3240,4.60,medium,USGS,us7000nv8y,2024-12-01 14:27:44.83+06:30,2026-02-17 20:36:56.649294+06:30,f,,{},
c50cb230-74d1-4c3b-8407-2e38651b8140,bc4cf0bb-b5a6-43a8-bfce-480c4ba729eb,earthquake,0101000020E6100000545227A089B45740014D840D4F5F3940,4.30,medium,USGS,us7000numd,2024-11-28 08:22:59.71+06:30,2026-02-17 20:36:56.657345+06:30,f,,{},
f312e497-1de1-417c-a627-08bbba975bb2,ee6c64b7-bd3b-4fe5-ac4a-727b8e3c85e5,earthquake,0101000020E610000013F241CF66615740B1506B9A77AC3840,4.30,medium,USGS,us7000nuhz,2024-11-27 19:20:07.302+06:30,2026-02-17 20:36:56.663191+06:30,f,,{},
2314d332-1daa-439f-a732-4bd105bdf0f0,fa5e8fdc-6194-471d-9b71-b9dcb7e97c9d,earthquake,0101000020E6100000894160E5D00658400C022B8716D93840,4.90,medium,USGS,us7000nu7y,2024-11-26 14:33:26.083+06:30,2026-02-17 20:36:56.668247+06:30,f,,{},
8385983e-062b-4042-94dc-b06aacd833e3,1ef6e274-30c1-48fe-9853-79169b1a7a29,earthquake,0101000020E610000045D8F0F44A4D57408D976E1283602640,4.30,medium,EMSC,1745434,2024-12-05 11:00:48.822+06:30,2026-02-17 20:36:56.962417+06:30,f,,{},
44137704-4236-4903-ba4e-d6e85d2d4183,1ef6e274-30c1-48fe-9853-79169b1a7a29,earthquake,0101000020E610000045D8F0F44A4D57408D976E1283602640,4.30,medium,USGS,us7000nztg,2024-12-05 11:00:48.822+06:30,2026-02-17 20:36:57.382026+06:30,f,,{},
987e544f-dcae-41f8-a0db-a674b24fb4d9,58fa3d2b-8312-4d6d-b885-1a57db8af291,earthquake,0101000020E6100000D656EC2FBB235840AEB6627FD9ED3940,4.40,medium,EMSC,1743393,2024-12-14 07:35:35.437+06:30,2026-02-17 20:36:57.682427+06:30,f,,{},
81cecea9-1dbc-4b98-9891-fc86da7d3818,b4b3cd4c-c2cf-417f-aa92-9413a204bffe,earthquake,0101000020E610000008AC1C5A64735740F0A7C64B37993640,4.40,medium,EMSC,1742081,2024-12-11 18:23:29.38+06:30,2026-02-17 20:36:57.694015+06:30,f,,{},
78d38c41-e1d0-4433-8c80-34caaf3f5479,8dcb1f91-4179-4cff-9749-e32cd6346527,earthquake,0101000020E61000004B598638D6A55740FCA9F1D24D923740,4.70,medium,EMSC,1741891,2024-12-11 07:55:59.75+06:30,2026-02-17 20:36:57.700231+06:30,f,,{},
77d601d8-2399-4305-8ba3-5c807d87a325,58fa3d2b-8312-4d6d-b885-1a57db8af291,earthquake,0101000020E6100000F5B9DA8AFD25584072F90FE9B7EF3940,4.40,medium,USGS,us7000nyrk,2024-12-14 07:35:29.137+06:30,2026-02-17 20:36:58.100959+06:30,f,,{},
f8308fe8-9f1f-4674-870b-9a4c9fd5ba8d,b4b3cd4c-c2cf-417f-aa92-9413a204bffe,earthquake,0101000020E61000002CD49AE61D775740D50968226C983640,4.40,medium,USGS,us7000nxub,2024-12-11 18:23:29.138+06:30,2026-02-17 20:36:58.114789+06:30,f,,{},
b44d3f9c-2e56-4385-8d00-a0502bb8ba98,8dcb1f91-4179-4cff-9749-e32cd6346527,earthquake,0101000020E61000006891ED7C3FA95740BF0E9C33A2943740,4.60,medium,USGS,us7000nxr5,2024-12-11 07:56:00.061+06:30,2026-02-17 20:36:58.121394+06:30,f,,{},
064fc614-47e3-4ac1-8c21-bc1ca99dc28d,36e95162-cfb2-4797-b6d9-0314bcc2d2a3,earthquake,0101000020E61000003BDF4F8D970E5740BA6B09F9A0672840,4.40,medium,USGS,us6000ph1n,2024-12-11 07:08:28.651+06:30,2026-02-17 20:36:58.125475+06:30,f,,{},
186424a6-f74a-4194-b5d0-1f0a1009fdfb,5df4ef8d-b474-45da-b649-27bda1041e29,earthquake,0101000020E6100000EC51B81E85EB57408FC2F5285C0F3A40,3.80,low,EMSC,1746521,2024-12-21 23:08:10+06:30,2026-02-17 20:36:58.42106+06:30,f,,{},
69746707-7fcf-41e2-84bb-71c0ca6dc8d8,0342f357-0c2b-4747-8dff-c2891374a20d,earthquake,0101000020E610000092CB7F48BF8D57403EE8D9ACFABC3740,4.70,medium,EMSC,1746064,2024-12-20 19:43:09.8+06:30,2026-02-17 20:36:58.429009+06:30,f,,{},
51043632-6446-4295-a8fe-ab215b6ae25c,93059db2-d298-46b9-8f34-b744887c227c,earthquake,0101000020E61000008FC2F5285C0F5940CDCCCCCCCC4C3B40,4.40,medium,EMSC,1745243,2024-12-18 23:16:54.7+06:30,2026-02-17 20:36:58.433406+06:30,f,,{},
2b3c805a-4bc5-4023-b682-c472bb53dd72,d583eac9-9280-429b-829f-2519dc1985ce,earthquake,0101000020E61000005C8FC2F5285C57403333333333B33640,3.90,low,EMSC,1745070,2024-12-18 13:18:55+06:30,2026-02-17 20:36:58.437744+06:30,f,,{},
136a1ea8-bf62-47b4-b6d8-36cdb23ab93d,fb3c047d-03ed-4c47-a434-cfa3a422c43a,earthquake,0101000020E6100000713D0AD7A3605740AE47E17A146E3840,3.70,low,EMSC,1744379,2024-12-16 23:25:08+06:30,2026-02-17 20:36:58.440969+06:30,f,,{},
c790411b-9992-45b7-b500-4bac7dd94302,35f308ba-7228-4a4e-9979-21b2e6d4db3e,earthquake,0101000020E6100000764F1E166AE15740EA043411369C2540,4.50,medium,USGS,us7000p0cq,2024-12-20 22:12:43.959+06:30,2026-02-17 20:36:59.012689+06:30,f,,{},
5dcfee0e-5450-407d-9226-bd47e0c47e15,0342f357-0c2b-4747-8dff-c2891374a20d,earthquake,0101000020E6100000DE02098A1F8357407B14AE47E1AA3740,4.40,medium,USGS,us7000p0au,2024-12-20 19:43:08.914+06:30,2026-02-17 20:36:59.025253+06:30,f,,{},
5a32f8c2-2e65-410d-bca5-bffcfd961bb0,2b679d9e-3bb8-4a6d-884d-941215834259,earthquake,0101000020E6100000C139234A7B2F59401A51DA1B7C213A40,4.30,medium,USGS,us6000phh7,2024-12-18 23:16:43.648+06:30,2026-02-17 20:36:59.030044+06:30,f,,{},
a886ec4a-444b-4663-8a01-f48bedb9b521,3fec4273-a42f-4ce6-9efc-8f07397240e1,earthquake,0101000020E61000000000000000905740AE47E17A14AE3740,3.50,low,EMSC,1747839,2024-12-25 09:22:27+06:30,2026-02-17 20:36:59.33119+06:30,f,,{},
cfbccde3-b49f-4724-a6c8-de6cffb9dcc8,97264fec-49e0-419e-80b8-974caa4617b5,earthquake,0101000020E6100000B1506B9A77C457403C4ED1915C8E3340,4.90,medium,EMSC,1747281,2024-12-24 00:27:25.89+06:30,2026-02-17 20:36:59.345825+06:30,f,,{},
08d8b31e-3fcd-4aee-bd60-23d8f29e04f7,97264fec-49e0-419e-80b8-974caa4617b5,earthquake,0101000020E6100000ABCFD556ECC357402063EE5A428E3340,4.90,medium,USGS,us6000pfbh,2024-12-24 00:27:25.649+06:30,2026-02-17 20:36:59.782913+06:30,f,,{},
c15056cb-2313-4afc-9591-01e2e3022186,f8cfe517-b68c-4d0c-aa0b-ce06f73d3fdd,earthquake,0101000020E6100000B37BF2B050DB5740068195438BEC3840,5.00,medium,EMSC,1751520,2025-01-03 11:02:37.78+06:30,2026-02-17 20:37:00.09461+06:30,f,,{},
ba2db03c-9e8d-4166-add5-eb5ec083ff4e,5c4ec08c-b8fa-4bd6-affd-8a02262d84fa,earthquake,0101000020E6100000F6285C8FC2555740295C8FC2F5E83840,3.80,low,EMSC,1751244,2025-01-02 19:52:46+06:30,2026-02-17 20:37:00.105181+06:30,f,,{},
90ecdf96-1533-412d-bca7-b306d291724a,f8cfe517-b68c-4d0c-aa0b-ce06f73d3fdd,earthquake,0101000020E6100000F085C954C1E057401361C3D32BF53840,5.00,medium,USGS,us6000phdf,2025-01-03 11:02:38.138+06:30,2026-02-17 20:37:00.522074+06:30,f,,{},
9fc13f75-d0d2-4c09-b2ce-25fe603b0cfa,aed65664-fd41-4684-9ec4-5bab7c9c3948,earthquake,0101000020E61000005C8FC2F5288C5740E17A14AE47A13840,3.60,low,EMSC,1753217,2025-01-07 03:32:26+06:30,2026-02-17 20:37:00.832367+06:30,f,,{},
44d1e603-9297-4dc2-b156-963631aa1b4b,3e0bb0df-f690-4a80-9522-2fca71f693e2,earthquake,0101000020E61000001F85EB51B84E5840AE47E17A142E3B40,3.90,low,EMSC,1752899,2025-01-06 14:04:23+06:30,2026-02-17 20:37:00.846424+06:30,f,,{},
db0641f0-418b-42ef-84c9-2758c3fbebf6,8d6e0a73-013c-4654-b13f-8b7fcec72f4f,earthquake,0101000020E6100000F0164850FCF4584044FAEDEBC0193C40,4.40,medium,USGS,us6000pkql,2025-01-07 13:17:44.965+06:30,2026-02-17 20:37:01.255685+06:30,f,,{},
33ad0d40-49d7-4e71-abf8-5f56a0db205a,8a5add11-81f6-439f-989b-a47a4d6a6fd4,earthquake,0101000020E61000009E5E29CB103B584033C4B12E6EB33A40,4.50,medium,USGS,us6000pkn9,2025-01-06 14:04:21.777+06:30,2026-02-17 20:37:01.271045+06:30,f,,{},
fd114e72-c135-4781-91b4-395ac0f18aa0,445983a1-2d43-4326-ac59-c63fb0833a66,earthquake,0101000020E6100000AE47E17A14C65740545227A089803840,4.50,medium,EMSC,1758440,2025-01-19 02:31:46.27+06:30,2026-02-17 20:37:01.567129+06:30,f,,{},
7c039ae9-1067-48fa-a4c9-bbc275afebdb,5760d330-a8b7-418e-b6aa-46799b60b535,earthquake,0101000020E6100000F6285C8FC2155840A4703D0AD7A33A40,4.00,medium,EMSC,1756296,2025-01-13 19:21:08+06:30,2026-02-17 20:37:01.581692+06:30,f,,{},
50e6505f-126d-4bf3-a787-07713f76257c,445983a1-2d43-4326-ac59-c63fb0833a66,earthquake,0101000020E6100000174850FC18C757406F1283C0CA713840,4.50,medium,USGS,us6000pkzi,2025-01-19 02:31:47.716+06:30,2026-02-17 20:37:02.162379+06:30,f,,{},
c49fa28b-efaa-48f9-9baf-e4fa2fb4d2e1,53a2f257-6ddc-43f3-9ff7-25470a08c8fd,earthquake,0101000020E61000007E1D386744B157402497FF907E4B3440,4.50,medium,EMSC,1761077,2025-01-25 13:41:21.82+06:30,2026-02-17 20:37:02.47005+06:30,f,,{},
d06ac3fb-5275-4a88-88fd-7aa5c511a9db,8dd0de2b-ef50-40cc-8fab-3152b348bb56,earthquake,0101000020E610000048E17A14AEC75740DFE00B93A9A23840,5.10,medium,EMSC,1760508,2025-01-24 01:53:35.83+06:30,2026-02-17 20:37:02.484147+06:30,f,,{},
8ca195e9-3864-4e3a-a846-0e8c2b352944,6380ed80-b300-40db-a58a-4b4e374591e0,earthquake,0101000020E6100000B22E6EA301485740B37BF2B050BB3840,4.50,medium,EMSC,1760045,2025-01-22 21:57:42.86+06:30,2026-02-17 20:37:02.491646+06:30,f,,{},
df156e58-3993-4697-bbf6-430f244b43c0,53a2f257-6ddc-43f3-9ff7-25470a08c8fd,earthquake,0101000020E6100000ADFA5C6DC5BE57407E1D386744693440,4.40,medium,USGS,us6000pm9m,2025-01-25 13:41:26.402+06:30,2026-02-17 20:37:03.078179+06:30,f,,{},
5b752bc4-cb22-478f-bf96-f225cbd0e995,8dd0de2b-ef50-40cc-8fab-3152b348bb56,earthquake,0101000020E6100000CBA145B6F3C55740014D840D4F9F3840,5.00,medium,USGS,us6000plwf,2025-01-24 01:53:36.273+06:30,2026-02-17 20:37:03.088861+06:30,f,,{},
99f3c348-2719-4cdd-ab03-28c611a2b66a,6380ed80-b300-40db-a58a-4b4e374591e0,earthquake,0101000020E6100000C05B2041F147574094F6065F98AC3840,4.40,medium,USGS,us6000pll1,2025-01-22 21:57:46.576+06:30,2026-02-17 20:37:03.094386+06:30,f,,{},
5967d011-2aa5-4706-910d-d16ccce8a3ce,a53467dd-9382-480c-81c9-da9673a2083e,earthquake,0101000020E6100000CDCCCCCCCC7C574014AE47E17AD43640,4.40,medium,EMSC,1764074,2025-02-01 19:10:45+06:30,2026-02-17 20:37:03.389052+06:30,f,,{},
f472f9e1-e7b1-4d08-9e44-08cba3e8a2be,eba1067a-12c5-4d2e-92bc-ce15133306d5,earthquake,0101000020E610000014AE47E17A84574085EB51B81E853640,3.60,low,EMSC,1762953,2025-01-30 04:51:55+06:30,2026-02-17 20:37:03.403611+06:30,f,,{},
0697cf14-445d-41bc-949b-cfb08bb53ebb,c8f64eeb-1cb8-4afb-a6b3-9609cdb0c8e5,earthquake,0101000020E6100000CDCCCCCCCC6857406F1283C0CAC13740,4.10,medium,USGS,us7000pc5t,2025-02-01 19:16:34.402+06:30,2026-02-17 20:37:03.982885+06:30,f,,{},
28ceb7eb-5e65-4de9-a017-daabdadfa0fc,c8f64eeb-1cb8-4afb-a6b3-9609cdb0c8e5,earthquake,0101000020E6100000D1915CFE4372574098DD938785FA3740,4.50,medium,USGS,us7000pc5s,2025-02-01 19:11:00.066+06:30,2026-02-17 20:37:03.991885+06:30,f,,{},
ff059f70-1462-4d2b-a735-cea392eeba93,e1f6ec31-8754-499e-9579-42504b8dfc41,earthquake,0101000020E6100000B81E85EB516857400AD7A3703D0A3840,3.50,low,EMSC,1772107,2025-02-15 18:48:01+06:30,2026-02-17 20:37:06.001349+06:30,f,,{},
c2185908-8ba6-450e-9666-9e425e4d1f8e,1b358e4c-75fe-4798-96d7-198e1f1971e9,earthquake,0101000020E610000048E17A14AE9757400000000000403840,3.60,low,EMSC,1771843,2025-02-15 04:09:00+06:30,2026-02-17 20:37:06.015075+06:30,f,,{},
6b7abb99-f2be-4fde-b410-68552128c7f4,b7ca18d4-2c87-4a37-bc7a-8eef1b798a81,earthquake,0101000020E6100000C3F5285C8F925740B81E85EB51F83640,4.40,medium,EMSC,1771057,2025-02-13 13:35:21+06:30,2026-02-17 20:37:06.022167+06:30,f,,{},
67975395-3fea-45d1-8b1f-69f756bb5d05,7d37deab-6cbe-43a7-a3fa-a9f4e3864b6a,earthquake,0101000020E610000011C7BAB88D9A57401C7C613255F03540,4.30,medium,EMSC,1775517,2025-02-24 02:55:40.12+06:30,2026-02-17 20:37:06.717314+06:30,f,,{},
dc7dec0a-f8c9-4b41-b6f5-7677f09c0804,4a57eb4d-2652-47f3-a49d-533b7f34898a,earthquake,0101000020E6100000FAEDEBC0397757405839B4C8768E3540,5.20,medium,EMSC,1775088,2025-02-22 17:03:31.45+06:30,2026-02-17 20:37:06.726994+06:30,f,,{},
db8a80e4-d831-4b0f-8b6b-f52fe0629c3c,b844d267-b68d-46b8-908f-c29fcb2ff4f2,earthquake,0101000020E6100000643BDF4F8DF758406ABC749318243540,3.90,low,EMSC,1774944,2025-02-22 05:48:13+06:30,2026-02-17 20:37:06.732856+06:30,f,,{},
bf72fffc-5e45-48ab-8ae3-360b5532605d,7d37deab-6cbe-43a7-a3fa-a9f4e3864b6a,earthquake,0101000020E61000008E06F01648985740287E8CB96BF93540,4.30,medium,USGS,us7000pfnn,2025-02-24 02:55:39.368+06:30,2026-02-17 20:37:07.322267+06:30,f,,{},
62b8cc01-ea1c-4c08-98ab-933ab459e2c3,4a57eb4d-2652-47f3-a49d-533b7f34898a,earthquake,0101000020E61000000F0BB5A679735740D93D7958A8953540,5.00,medium,USGS,us7000pffe,2025-02-22 17:03:30.853+06:30,2026-02-17 20:37:07.334111+06:30,f,,{},
51c3309a-bdc8-4eed-a2a6-3b1c4a1d6451,3d6a4871-690d-41bf-8e75-3eee399b6418,earthquake,0101000020E61000001F85EB51B81E574085EB51B81E853740,3.70,low,EMSC,1779584,2025-03-02 14:03:26+06:30,2026-02-17 20:37:07.629888+06:30,f,,{},
7781ba75-1bcf-4a53-a08a-ace8b4245659,6d9a4ba3-4c73-4cd8-9bc0-cb4ff6229ef4,earthquake,0101000020E6100000386744696FC45740029A081B9E5E3440,4.20,medium,EMSC,1777743,2025-03-01 15:27:00.748+06:30,2026-02-17 20:37:07.641331+06:30,f,,{},
3a1d176c-f576-41b9-909c-286b7e631780,0492512f-51f5-4bdd-9b57-c2c4c5d1f23d,earthquake,0101000020E6100000CDCCCCCCCC2C5840F6285C8FC2B53A40,3.50,low,EMSC,1779573,2025-03-01 05:14:20+06:30,2026-02-17 20:37:07.646545+06:30,f,,{},
cef4803e-f05c-4420-aed1-751f796c5463,01cb62ad-985d-4567-9268-c236703a52c1,earthquake,0101000020E6100000BA490C022B2F57403D0AD7A3707D3B40,4.20,medium,EMSC,1777375,2025-02-28 16:35:45.11+06:30,2026-02-17 20:37:07.649362+06:30,f,,{},
36ab219c-040f-4ac0-afc1-e038adf54a93,b783d156-fe15-43b4-8f1e-a5c02a30241c,earthquake,0101000020E61000003FC6DCB5841057403255302AA9633A40,5.30,medium,EMSC,1776791,2025-02-27 03:25:37.32+06:30,2026-02-17 20:37:07.652625+06:30,f,,{},
48d4ad11-ff97-4bf2-8809-bd5a17a12786,6d9a4ba3-4c73-4cd8-9bc0-cb4ff6229ef4,earthquake,0101000020E610000066F7E461A1C657403F355EBA496C3440,4.20,medium,USGS,us6000pw91,2025-03-01 15:27:01.257+06:30,2026-02-17 20:37:08.226752+06:30,f,,{},
8a29e632-a43f-4cc0-968e-aee0edfefb8a,01cb62ad-985d-4567-9268-c236703a52c1,earthquake,0101000020E610000013F241CF66295740C0EC9E3C2C743B40,4.40,medium,USGS,us6000pw15,2025-02-28 16:35:45.867+06:30,2026-02-17 20:37:08.23538+06:30,f,,{},
ad853f62-273b-4c43-8e42-b850e32a4001,b783d156-fe15-43b4-8f1e-a5c02a30241c,earthquake,0101000020E6100000849ECDAACF1557405B423EE8D94C3A40,5.30,medium,USGS,us6000pvpc,2025-02-27 03:25:36.821+06:30,2026-02-17 20:37:08.241192+06:30,f,,{},
9f4496a6-23c0-4b7f-9d93-53d31179f425,f933cb81-8214-4901-901d-75dbea3ea3d5,earthquake,0101000020E6100000C74B378941E858405C8FC2F5281C2540,3.60,low,EMSC,1780807,2025-03-10 04:56:02+06:30,2026-02-17 20:37:08.545248+06:30,f,,{},
b319c271-9565-4774-88d0-53736f2980af,1ce37549-040d-4d99-9e18-e6227354c240,earthquake,0101000020E610000052B81E85EBD1574048E17A14AE073940,4.30,medium,EMSC,1780588,2025-03-09 14:25:12+06:30,2026-02-17 20:37:08.558403+06:30,f,,{},
82391b2c-2616-4088-bc93-9b20f402fbcf,ac464893-56a9-419a-ade7-80d334b25ce8,earthquake,0101000020E61000005C8FC2F5289C5740E17A14AE47E13740,3.80,low,EMSC,1780109,2025-03-08 09:22:27+06:30,2026-02-17 20:37:08.564684+06:30,f,,{},
b6fcb1f5-6dbd-4cf8-952e-c81c888ff25b,aa7203d9-9298-45fd-9a44-3ca9490184c4,earthquake,0101000020E61000001F85EB51B87E574014AE47E17A143740,4.20,medium,EMSC,1780050,2025-03-08 05:33:35+06:30,2026-02-17 20:37:08.570246+06:30,f,,{},
74623805-abdc-4206-ac5a-63f35beeebc3,e60bde9c-2eca-49a3-b8ef-f22f9cb240e4,earthquake,0101000020E6100000713D0AD7A3A85740F697DD9387853840,4.30,medium,EMSC,1779100,2025-03-05 13:20:41.91+06:30,2026-02-17 20:37:08.574136+06:30,f,,{},
12665edf-a4aa-4c54-aa27-6df662c640cb,502198fc-1fd1-4251-9ad1-73ed152ac655,earthquake,0101000020E61000005BB1BFEC9EAC5740925CFE43FA9D3840,5.40,medium,EMSC,1779064,2025-03-05 12:06:33.15+06:30,2026-02-17 20:37:08.577745+06:30,f,,{},
b086c6df-ac93-4d58-9242-fc37048a2dbe,702bc123-21a9-45fd-9662-f813ace072b9,earthquake,0101000020E6100000BC74931804E657407F6ABC7493D83040,4.70,medium,EMSC,1778956,2025-03-05 04:54:06.71+06:30,2026-02-17 20:37:08.581921+06:30,f,,{},
0afedfaf-1b00-448b-b0e4-68bdc7a28688,3e1ccd7e-1fd0-4ab9-b513-c1e732ba86ad,earthquake,0101000020E6100000956588635DE057409031772D21DF3040,5.10,medium,EMSC,1778950,2025-03-05 04:36:44.59+06:30,2026-02-17 20:37:08.585532+06:30,f,,{},
9684a95d-ce33-4bf5-9d46-7d82352cab48,3e1ccd7e-1fd0-4ab9-b513-c1e732ba86ad,earthquake,0101000020E610000007F0164850E45740C1A8A44E40B33040,4.10,medium,EMSC,1778963,2025-03-05 04:35:39.407+06:30,2026-02-17 20:37:08.588612+06:30,f,,{},
8cbb752c-3fc2-433d-bf28-5a66be142694,f466a118-fa37-4cd4-8e1d-c7d1b5919f5f,earthquake,0101000020E6100000BDE3141DC9ED5740FE65F7E461513040,4.50,medium,EMSC,1778330,2025-03-03 10:03:03.43+06:30,2026-02-17 20:37:08.591639+06:30,f,,{},
17727f0f-e90a-4bba-b73f-f62d89e40356,1ce37549-040d-4d99-9e18-e6227354c240,earthquake,0101000020E6100000371AC05B20D557408E75711B0DF03840,4.30,medium,USGS,us6000pxru,2025-03-09 14:25:14.441+06:30,2026-02-17 20:37:09.001678+06:30,f,,{},
55519710-cb4a-4e78-acad-81fa07a80ce0,e60bde9c-2eca-49a3-b8ef-f22f9cb240e4,earthquake,0101000020E61000002BF697DD93A75740567DAEB6628F3840,4.30,medium,USGS,us6000pwzr,2025-03-05 13:20:41.588+06:30,2026-02-17 20:37:09.014542+06:30,f,,{},
f91d02a0-5a80-4282-8d54-060105f20c92,502198fc-1fd1-4251-9ad1-73ed152ac655,earthquake,0101000020E6100000DC68006F81AC5740CD3B4ED1918C3840,5.40,medium,USGS,us6000pwz6,2025-03-05 12:06:35.568+06:30,2026-02-17 20:37:09.021329+06:30,f,,{},
07ec1bf4-62eb-4f90-a53f-56b4929e313c,702bc123-21a9-45fd-9662-f813ace072b9,earthquake,0101000020E6100000865AD3BCE3EC5740C05B2041F1C33040,4.70,medium,USGS,us6000pwwz,2025-03-05 04:54:05.473+06:30,2026-02-17 20:37:09.02761+06:30,f,,{},
accc1702-5180-4cfa-b21e-f3579c421ffe,3e1ccd7e-1fd0-4ab9-b513-c1e732ba86ad,earthquake,0101000020E61000001D5A643BDFE7574048BF7D1D38E73040,5.10,medium,USGS,us6000pwx1,2025-03-05 04:36:43.695+06:30,2026-02-17 20:37:09.031903+06:30,f,,{},
a721533e-f18d-4aa7-8b0b-95f644857604,3e1ccd7e-1fd0-4ab9-b513-c1e732ba86ad,earthquake,0101000020E6100000D93D7958A8E55740FAEDEBC039B33040,4.10,medium,USGS,us6000pylr,2025-03-05 04:35:39.516+06:30,2026-02-17 20:37:09.036333+06:30,f,,{},
be28e388-b72a-4439-819e-ed3a09f755fe,39e76466-8529-4b6f-9332-e773fef13155,earthquake,0101000020E6100000423EE8D9ACE25740EBE2361AC0EB3840,4.10,medium,USGS,us6000pyem,2025-03-03 11:15:58.185+06:30,2026-02-17 20:37:09.03983+06:30,f,,{},
8e6f894e-30c1-4bb4-8c56-ae582f173343,f466a118-fa37-4cd4-8e1d-c7d1b5919f5f,earthquake,0101000020E6100000645DDC4603EC5740E63FA4DFBE5E3040,4.50,medium,USGS,us6000pwjj,2025-03-03 10:03:03.313+06:30,2026-02-17 20:37:09.043503+06:30,f,,{},
43217219-d3f2-4854-80bb-334461cd8153,f5eded78-aa94-492a-9ab4-51c1b54cbf00,earthquake,0101000020E61000004C37894160155740DE9387855A333B40,4.20,medium,EMSC,1782419,2025-03-14 07:01:25.88+06:30,2026-02-17 20:37:09.347801+06:30,f,,{},
147de00f-3589-4553-af87-5ecddffbcb4b,60a9f854-a7e8-4e3e-8fd5-4219982dfe67,earthquake,0101000020E61000001F85EB51B89E5740AE47E17A14AE3840,3.80,low,EMSC,1781886,2025-03-12 20:31:45+06:30,2026-02-17 20:37:09.36292+06:30,f,,{},
18639a30-a590-41ec-890a-39b79e3deaf9,f5eded78-aa94-492a-9ab4-51c1b54cbf00,earthquake,0101000020E6100000A1D634EF3811574085EB51B81E253B40,4.20,medium,USGS,us6000pyqh,2025-03-14 07:01:26.002+06:30,2026-02-17 20:37:09.935342+06:30,f,,{},
db07dafb-246e-43b3-9b65-f43913a7683f,60a9f854-a7e8-4e3e-8fd5-4219982dfe67,earthquake,0101000020E61000005917B7D100AA5740EEEBC039239A3840,4.20,medium,USGS,us6000pybb,2025-03-12 20:31:45.151+06:30,2026-02-17 20:37:09.947441+06:30,f,,{},
a9719833-ef7e-4410-a41e-5ed66b0c09f0,7889de6a-42c8-4926-b337-64f56ce71f89,earthquake,0101000020E61000002497FF907E53574030BB270F0B152A40,4.40,medium,EMSC,1788688,2025-03-19 10:08:14.792+06:30,2026-02-17 20:37:10.244744+06:30,f,,{},
c9240f30-4db3-45b0-823f-a8e0c8d01620,58eab7bc-d2b1-460f-b834-8d2767c6a971,earthquake,0101000020E6100000D200DE0209B65740E7FBA9F1D25D3840,5.10,medium,EMSC,1784014,2025-03-18 14:19:00.6+06:30,2026-02-17 20:37:10.257296+06:30,f,,{},
1b12c932-0388-47c1-a3c2-af9f4b994129,55a6072d-22d5-4189-aa8e-90c4d6975a69,earthquake,0101000020E61000003411363CBD625740744694F6067F3840,4.10,medium,EMSC,1783809,2025-03-18 02:07:18.84+06:30,2026-02-17 20:37:10.262285+06:30,f,,{},
1a0631a6-cef7-4266-a77c-e41d7fba113f,0926fb5d-d786-49ae-8ab3-98803f25084b,earthquake,0101000020E61000002DB29DEFA7625740BE9F1A2FDD842A40,4.30,medium,USGS,us7000pn3v,2025-03-19 10:08:19.177+06:30,2026-02-17 20:37:10.838773+06:30,f,,{},
4dfa6dfe-cf16-41d5-984d-5671a114e047,58eab7bc-d2b1-460f-b834-8d2767c6a971,earthquake,0101000020E6100000E9482EFF21B557403B014D840D4F3840,5.10,medium,USGS,us6000pzix,2025-03-18 14:19:00.454+06:30,2026-02-17 20:37:10.847717+06:30,f,,{},
10f47d8b-14e3-41b5-b53c-24bbd79181fe,55a6072d-22d5-4189-aa8e-90c4d6975a69,earthquake,0101000020E6100000DBF97E6ABC5C5740C6DCB5847C703840,4.20,medium,USGS,us6000pzed,2025-03-18 02:07:18.228+06:30,2026-02-17 20:37:10.853148+06:30,f,,{},
8f57c5d0-b8d2-4c70-b5f0-bd46dd4c0cb9,bb81ef62-8985-4827-a615-f058b614ce9c,earthquake,0101000020E6100000CFF753E3A51B5840B29DEFA7C6CB3540,4.20,medium,EMSC,1789036,2025-03-31 06:25:58+06:30,2026-02-17 20:37:11.155467+06:30,f,,{},
ee1e5f3c-22c7-4057-9b5d-831c8cba8bf7,813da3f6-df8f-4948-848c-0c49b5b3bcba,earthquake,0101000020E61000008FC2F5285C0F584037894160E5503340,3.80,low,EMSC,1789029,2025-03-31 05:52:03+06:30,2026-02-17 20:37:11.165031+06:30,f,,{},
699716ec-781b-4161-91fb-0a67a4d557b4,af0c728c-c26c-4265-8dbf-fbd9a791a955,earthquake,0101000020E6100000F6285C8FC2555740CDCCCCCCCC8C3540,3.50,low,EMSC,1789012,2025-03-31 04:37:35+06:30,2026-02-17 20:37:11.171783+06:30,f,,{},
6707c653-b282-448d-b8c3-0eb0aa6aefe2,927d31b6-065f-4743-bace-af67bcf9f996,earthquake,0101000020E6100000DF4F8D976E1258409CC420B072C83540,4.20,medium,EMSC,1788984,2025-03-31 02:46:30+06:30,2026-02-17 20:37:11.176975+06:30,f,,{},
92767ce5-ed64-409c-a181-aba979671eee,3cd55faa-61dc-42aa-82f2-fe76250153ee,earthquake,0101000020E6100000C898BB9690F7574076711B0DE08D3640,4.10,medium,EMSC,1788947,2025-03-31 00:00:48.042+06:30,2026-02-17 20:37:11.181801+06:30,f,,{},
27123966-5140-4bbd-9e50-41b4ade2d795,7f8a8dfc-bf71-47be-8ce5-bf09868c9528,earthquake,0101000020E610000014AE47E17A24584085EB51B81E853A40,3.60,low,EMSC,1788931,2025-03-30 22:33:07+06:30,2026-02-17 20:37:11.186385+06:30,f,,{},
b51a2e00-b742-4434-b1b3-e983de743afa,66a92b90-0ca0-4fc8-8f28-d0c778e93d2c,earthquake,0101000020E61000007D3F355EBA215840AE47E17A148E3240,3.80,low,EMSC,1788900,2025-03-30 21:00:29+06:30,2026-02-17 20:37:11.189657+06:30,f,,{},
ab87c6e5-50cd-486c-8801-081fc7598c33,55126d14-a176-465c-93ce-67f3c1718039,earthquake,0101000020E610000085EB51B81E055840F4FDD478E9E63540,4.10,medium,EMSC,1788859,2025-03-30 19:38:27+06:30,2026-02-17 20:37:11.193039+06:30,f,,{},
3fa900fa-7256-4ea8-8966-61dacea53f4e,59e0e4aa-ba54-4730-9900-ccf101eccfaa,earthquake,0101000020E6100000AC1C5A643B1F5840508D976E12033440,4.00,medium,EMSC,1788810,2025-03-30 17:36:27+06:30,2026-02-17 20:37:11.197562+06:30,f,,{},
16ebbef6-49b6-4117-9711-1a234e2afe9e,04480476-2322-4859-9e76-f60fac00705d,earthquake,0101000020E61000001D5A643BDF275840C1CAA145B6F33540,3.50,low,EMSC,1788789,2025-03-30 16:30:25+06:30,2026-02-17 20:37:11.200864+06:30,f,,{},
8023667f-a3e2-4cc6-87aa-5cc92391e786,d0bf7cc3-3761-4ac3-ba39-46926b1709de,earthquake,0101000020E6100000FF21FDF675FC57408FE4F21FD27F3640,4.30,medium,EMSC,1788765,2025-03-30 15:07:57.92+06:30,2026-02-17 20:37:11.204723+06:30,f,,{},
c2d4bc8c-499d-4263-83f5-17373466557c,4f08e812-99d4-4479-a53e-f3ef66a61701,earthquake,0101000020E6100000736891ED7C0F58408D976E1283A03440,4.00,medium,EMSC,1788742,2025-03-30 13:52:20+06:30,2026-02-17 20:37:11.20792+06:30,f,,{},
92ad607d-458a-4e45-ad82-bb0642762cd3,2284fd1b-1a89-482c-a9c5-449153543f2d,earthquake,0101000020E61000002C6519E258FF5740E3C798BB96503640,5.10,medium,EMSC,1788731,2025-03-30 13:38:01.89+06:30,2026-02-17 20:37:11.211832+06:30,f,,{},
1258414c-f72f-4898-ac02-362db7d38fa6,b0f3a259-eb6d-4359-9486-8f51fac34ba5,earthquake,0101000020E61000007FD93D7958FC57406B9A779CA2033640,4.10,medium,EMSC,1788721,2025-03-30 12:43:05.377+06:30,2026-02-17 20:37:11.214909+06:30,f,,{},
6fdffadb-102d-4501-85fd-0d3797c7e10b,824160bf-d2ac-4a84-b00d-77141725503b,earthquake,0101000020E61000001D5A643BDF075840D578E92631483640,4.10,medium,EMSC,1788717,2025-03-30 12:26:54+06:30,2026-02-17 20:37:11.218631+06:30,f,,{},
43a8e08c-ad1b-4a12-9639-71cebecf2f42,134853a5-f690-47c9-8d12-e34ece165e28,earthquake,0101000020E6100000295C8FC2F5205840D578E92631C83240,3.60,low,EMSC,1788698,2025-03-30 11:38:00+06:30,2026-02-17 20:37:11.222418+06:30,f,,{},
0801004e-d985-477e-8247-13138737e7a6,f4cc41bf-bb64-465f-b41f-4c194c523850,earthquake,0101000020E610000025068195430B58404C37894160053540,3.60,low,EMSC,1788684,2025-03-30 10:31:10+06:30,2026-02-17 20:37:11.225576+06:30,f,,{},
d00ac8d8-308f-48a7-a317-e9da65323180,55df7224-796c-4f3f-b187-8102c4127719,earthquake,0101000020E61000008B6CE7FBA9195840D9CEF753E3453640,4.20,medium,EMSC,1788671,2025-03-30 09:16:51+06:30,2026-02-17 20:37:11.229585+06:30,f,,{},
73d068e3-ff9c-420e-bad3-9587919b8bc1,f154fd3f-bd30-49f1-8ab6-73f6d62ff880,earthquake,0101000020E61000002B8716D9CE075840986E1283C06A3540,4.00,medium,EMSC,1788658,2025-03-30 08:59:34+06:30,2026-02-17 20:37:11.232915+06:30,f,,{},
bef126fc-397c-4554-8a9c-54c2035b1668,17532f85-3d64-4cc8-bbf5-951f5ff6cbbe,earthquake,0101000020E610000008AC1C5A641B5840D34D621058793240,4.10,medium,EMSC,1788656,2025-03-30 08:49:33+06:30,2026-02-17 20:37:11.236358+06:30,f,,{},
d0e0d07b-778e-47b6-869e-d6b72fa050de,2b493eee-08e6-4611-89a3-fcc9c0aa4c9b,earthquake,0101000020E61000004C378941601D584017D9CEF753A33540,3.80,low,EMSC,1788633,2025-03-30 08:20:12+06:30,2026-02-17 20:37:11.239317+06:30,f,,{},
9192cfa5-06e3-4a15-a467-6832d8a8f9db,b5248a09-6359-4500-aec0-c5383fe02c6a,earthquake,0101000020E6100000E9263108AC145840E3A59BC420103340,3.70,low,EMSC,1788628,2025-03-30 07:49:46+06:30,2026-02-17 20:37:11.242415+06:30,f,,{},
14128d03-a3cf-4538-825e-183e52021d36,b5248a09-6359-4500-aec0-c5383fe02c6a,earthquake,0101000020E6100000CDCCCCCCCC2458400AD7A3703D2A3340,4.10,medium,EMSC,1788624,2025-03-30 07:35:13+06:30,2026-02-17 20:37:11.246787+06:30,f,,{},
975255a5-3a3f-48f7-baec-4f0cd9098ea0,179262b0-6abc-47be-b301-bcc6106ecf0f,earthquake,0101000020E6100000B0726891ED0C58406ABC749318843540,4.10,medium,EMSC,1788620,2025-03-30 07:28:46+06:30,2026-02-17 20:37:11.25071+06:30,f,,{},
a2fb182a-2652-4a71-b36d-2620403ec0b5,14b7318d-fd79-4b2c-bde9-3794749a2f19,earthquake,0101000020E6100000A8C64B3789195840F853E3A59B643540,3.70,low,EMSC,1788618,2025-03-30 06:57:24+06:30,2026-02-17 20:37:11.254869+06:30,f,,{},
5a81fd7a-a17e-43c8-8a7e-5db28f1c763c,eb9fd741-f2fc-4627-b8c3-09d99b978c95,earthquake,0101000020E6100000560E2DB29DFF5740728A8EE4F2BF3340,4.50,medium,EMSC,1788600,2025-03-30 06:38:28.693+06:30,2026-02-17 20:37:11.258335+06:30,f,,{},
871579c7-9baf-4bdb-a630-ed9a6f3b7145,17046713-6073-4b21-a968-5caa39b3c623,earthquake,0101000020E6100000F5B9DA8AFDFD5740EEEBC039237A3640,4.20,medium,EMSC,1788588,2025-03-30 05:57:34.71+06:30,2026-02-17 20:37:11.262313+06:30,f,,{},
1c3c3705-9065-4d08-bcff-7b30c29c5f66,4bfeb1dc-02e4-4a17-a52a-9f6613970788,earthquake,0101000020E610000046B6F3FDD41858401283C0CAA1A53540,3.60,low,EMSC,1788586,2025-03-30 05:41:03+06:30,2026-02-17 20:37:11.266197+06:30,f,,{},
beff755f-1c36-4bed-b8a0-71439ca464ce,3d0f30db-d667-47ae-941d-a480dc706ffe,earthquake,0101000020E6100000A69BC420B0225840560E2DB29DAF3240,3.60,low,EMSC,1788579,2025-03-30 05:01:02+06:30,2026-02-17 20:37:11.270276+06:30,f,,{},
55079f6d-9a56-4de3-af80-79f8e17de770,dbe8d924-1de2-4dc9-ace1-6c15a5d7f9f6,earthquake,0101000020E61000006F1283C0CA195840F4FDD478E9C63540,3.70,low,EMSC,1788558,2025-03-30 03:18:58+06:30,2026-02-17 20:37:11.273413+06:30,f,,{},
97f96639-cdd6-46c9-ae17-7e5e82fc926e,2cf5b08d-ca0b-4d19-9e8c-fb470a131f44,earthquake,0101000020E6100000DBF97E6ABC5C5840A245B6F3FD743340,3.60,low,EMSC,1788538,2025-03-30 02:00:50+06:30,2026-02-17 20:37:11.276988+06:30,f,,{},
14493cc7-3b33-4902-903b-0632969b48c1,cc7546e3-6e6f-4091-8e60-504a4429e38d,earthquake,0101000020E6100000BE9F1A2FDD2458409EEFA7C64BD73240,4.40,medium,EMSC,1788521,2025-03-30 00:58:58+06:30,2026-02-17 20:37:11.280199+06:30,f,,{},
0bec09b9-fab2-4cf8-ae51-24de8652f909,e533b503-fb3a-45a0-be94-ffc6a149b70d,earthquake,0101000020E6100000931804560E1558400C022B8716D93340,4.10,medium,EMSC,1788514,2025-03-30 00:16:38+06:30,2026-02-17 20:37:11.282994+06:30,f,,{},
1f431e29-20ae-4e37-b001-93a8f284bbac,c8476205-2768-4ffb-a185-8af07701853b,earthquake,0101000020E6100000986E1283C00258407F6ABC7493783440,4.10,medium,EMSC,1788466,2025-03-29 23:24:39+06:30,2026-02-17 20:37:11.286698+06:30,f,,{},
c4f99fd6-e1c6-4a46-bed2-a4de9d886cc4,7a78ec18-001d-483d-ab8e-4f66b23f60ea,earthquake,0101000020E6100000068195438B1458403F355EBA490C3440,3.60,low,EMSC,1788463,2025-03-29 23:02:50+06:30,2026-02-17 20:37:11.289549+06:30,f,,{},
1a7c8864-efae-4060-9d80-87bbc9acd07a,91c309e5-7ccd-49ec-b54c-a06cbffad884,earthquake,0101000020E610000062105839B400584014AE47E17AD43540,3.70,low,EMSC,1788461,2025-03-29 22:43:16+06:30,2026-02-17 20:37:11.293243+06:30,f,,{},
81ce928c-4bcb-4d88-853d-47191c420dac,b39d14ac-5dfe-4270-946d-0d3af56d4016,earthquake,0101000020E6100000736891ED7C1758402DB29DEFA7E63540,3.50,low,EMSC,1788434,2025-03-29 21:18:40+06:30,2026-02-17 20:37:11.296844+06:30,f,,{},
59be67ff-e5d3-4a26-b3dc-23eb6b455741,43a053bb-1d47-49b5-86e7-658314fc27da,earthquake,0101000020E6100000A8C64B3789195840A4703D0AD7033540,4.10,medium,EMSC,1788399,2025-03-29 20:02:38+06:30,2026-02-17 20:37:11.301447+06:30,f,,{},
7238f14a-3c34-4a75-a626-a14fb129cd30,8ac214a7-4d48-4192-88dd-c57a118e5eaf,earthquake,0101000020E6100000643BDF4F8D0F58406F1283C0CA213440,3.50,low,EMSC,1788358,2025-03-29 18:11:32+06:30,2026-02-17 20:37:11.305278+06:30,f,,{},
0abf9f6e-91d7-42ab-8fc4-36a72f744997,32e52139-5875-4f56-9589-fdc968a2cb41,earthquake,0101000020E610000060E5D022DB195840022B8716D9AE3540,3.90,low,EMSC,1788355,2025-03-29 18:08:31+06:30,2026-02-17 20:37:11.30876+06:30,f,,{},
8f5faa88-f5da-4ef4-95c9-651e3ed49a1a,277e38fc-b65b-4eb8-8b8f-5373b39a2ec7,earthquake,0101000020E6100000CC7F48BF7D055840AEB6627FD9AD3340,5.10,medium,EMSC,1788311,2025-03-29 15:50:47.33+06:30,2026-02-17 20:37:11.31307+06:30,f,,{},
66afb2b9-d068-4fba-b340-861a9a4e873d,9b9d1f8e-b60b-4491-9f2f-5b819d674ffc,earthquake,0101000020E6100000F6285C8FC26557406666666666E63840,3.80,low,EMSC,1788345,2025-03-29 15:31:39+06:30,2026-02-17 20:37:11.31663+06:30,f,,{},
bbc6805b-7b19-43c5-96ab-a453e69251d8,0b850b12-fc57-43c9-a488-579a1c05d13e,earthquake,0101000020E61000004E621058391C5840DD24068195433340,3.50,low,EMSC,1788281,2025-03-29 13:32:57+06:30,2026-02-17 20:37:11.320415+06:30,f,,{},
114401e5-3d16-4b48-8dec-a1d46ab122f9,e5a6da95-e227-41df-8b17-2bd55b368406,earthquake,0101000020E61000007E1D3867443D5840DB8AFD65F7343B40,4.40,medium,EMSC,1793876,2025-03-29 12:55:04.192+06:30,2026-02-17 20:37:11.324071+06:30,f,,{},
66ba1fd1-5c81-4014-97e8-5b03c29bec45,1f54d68f-10bf-49c1-9e1f-ddd7c31df67c,earthquake,0101000020E61000007958A835CDFF57400C022B8716F93440,4.30,medium,EMSC,1788274,2025-03-29 12:53:51.147+06:30,2026-02-17 20:37:11.328349+06:30,f,,{},
baedffb9-901a-4b17-b6ae-470594352564,96489de2-7980-4037-ac46-7005f0e12e91,earthquake,0101000020E6100000B0726891ED1458404C37894160453340,3.60,low,EMSC,1788261,2025-03-29 11:47:16+06:30,2026-02-17 20:37:11.331508+06:30,f,,{},
6fdfce6e-ccc6-48ba-91b7-09bd014645fe,670740c8-8dc3-4a48-87a3-906f6eb3b721,earthquake,0101000020E6100000D578E926312858408FC2F5285CAF3240,3.50,low,EMSC,1788248,2025-03-29 10:56:26+06:30,2026-02-17 20:37:11.33528+06:30,f,,{},
cd06b334-0cf7-45b6-9102-d3f1a94a3254,14d0414e-674e-45c1-a872-ff87b9248d02,earthquake,0101000020E6100000BA490C022BEF57403BDF4F8D972E3440,3.60,low,EMSC,1788234,2025-03-29 09:49:16+06:30,2026-02-17 20:37:11.338902+06:30,f,,{},
fe877f7e-8ef7-4e74-9faf-330a44eae0a6,9d0e65b3-4ca8-4977-a15a-782cb58fff5d,earthquake,0101000020E610000052B81E85EB1158409CC420B072A83540,3.70,low,EMSC,1788206,2025-03-29 08:16:00+06:30,2026-02-17 20:37:11.342471+06:30,f,,{},
6aadcc55-77a7-4aac-92d0-2d4d451dd6e5,beec4b8e-90e2-403b-b333-e11fc54f6f32,earthquake,0101000020E6100000AC1C5A643BFF5740F853E3A59BA43440,3.80,low,EMSC,1788188,2025-03-29 07:50:15+06:30,2026-02-17 20:37:11.346424+06:30,f,,{},
a2689526-178f-4d72-a7ad-471964192838,e3c85ee3-7181-4296-a7d8-979d2265d993,earthquake,0101000020E61000004260E5D0221358404260E5D0227B3440,3.80,low,EMSC,1788178,2025-03-29 07:11:15+06:30,2026-02-17 20:37:11.349893+06:30,f,,{},
43bcd65b-7f5f-4a71-9d6b-f16904b03161,7586c2a2-67ac-4f1d-ba26-5f1112d55b88,earthquake,0101000020E61000005C8FC2F528FC574017D9CEF753233640,3.60,low,EMSC,1788169,2025-03-29 06:29:49+06:30,2026-02-17 20:37:11.35393+06:30,f,,{},
e8b2fd4a-f88e-4e86-a4da-5358ea247f8a,b9cd57ea-77d4-4027-97a4-b01738e0f6ab,earthquake,0101000020E6100000C3F5285C8F0A5840FA7E6ABC74D33440,4.10,medium,EMSC,1788147,2025-03-29 05:31:10+06:30,2026-02-17 20:37:11.357521+06:30,f,,{},
7b975f44-e748-4aaa-be4c-df95ad873c4e,b9d069bb-e179-45a5-91f6-8537a7faac74,earthquake,0101000020E610000000000000002058406891ED7C3FB53540,4.00,medium,EMSC,1788142,2025-03-29 05:08:57+06:30,2026-02-17 20:37:11.362117+06:30,f,,{},
59569462-4055-4b51-979a-410089e76a5b,b0381a2b-04b2-4418-aa4e-ed0d6772aed1,earthquake,0101000020E6100000AE47E17A14165840AE47E17A14EE3540,4.00,medium,EMSC,1788103,2025-03-29 02:46:43+06:30,2026-02-17 20:37:11.365592+06:30,f,,{},
6615ddf8-9649-4020-94b8-89b5a817c698,1350b11a-2413-4937-be2b-859854287db2,earthquake,0101000020E6100000B6F3FDD478115840C74B378941C03540,4.10,medium,EMSC,1788075,2025-03-29 01:45:00+06:30,2026-02-17 20:37:11.369512+06:30,f,,{},
d4001c75-88c6-4e09-a0fe-e5e4db3fb03b,ff623ebf-0ebd-4b99-b0cb-d4518985b39e,earthquake,0101000020E6100000931804560E0D584091ED7C3F353E3640,3.60,low,EMSC,1788076,2025-03-29 01:24:06+06:30,2026-02-17 20:37:11.373012+06:30,f,,{},
2484d8d1-78d7-4cad-af1f-759a7bdd1c78,53cd8052-a908-40ee-bbf3-17af656f5b12,earthquake,0101000020E6100000560E2DB29D175840E9263108ACBC3340,4.00,medium,EMSC,1788070,2025-03-29 01:18:37+06:30,2026-02-17 20:37:11.376767+06:30,f,,{},
cfbb4b61-3929-436a-a929-91d6cc9f69c5,fc244792-6805-4544-92ca-0faff8bc3ac4,earthquake,0101000020E61000003D0AD7A370155840DBF97E6ABCB43540,4.30,medium,EMSC,1788060,2025-03-29 00:56:24+06:30,2026-02-17 20:37:11.380702+06:30,f,,{},
d32aa198-5ed6-448f-9601-e3d90915c36a,6e0f07c1-b0fb-4876-aac8-8e79d5433f69,earthquake,0101000020E6100000931804560E155840F2D24D6210383340,3.50,low,EMSC,1788056,2025-03-29 00:35:58+06:30,2026-02-17 20:37:11.384344+06:30,f,,{},
d88cdd20-8d95-4522-8aac-d244f8ce3929,1186c44d-2048-4a0a-88d8-3ab1d65c1302,earthquake,0101000020E6100000CBA145B6F33D58409A99999999B93640,4.00,medium,EMSC,1788057,2025-03-29 00:30:06+06:30,2026-02-17 20:37:11.387638+06:30,f,,{},
24d6e11d-62ff-4c05-8b6b-ae6d7f5201a1,019f5caa-f176-4fcc-8232-5181a27cf1f0,earthquake,0101000020E6100000448B6CE7FB1958404E62105839D43540,3.80,low,EMSC,1788052,2025-03-29 00:21:30+06:30,2026-02-17 20:37:11.39111+06:30,f,,{},
d652e15e-9922-408b-b79a-26cc90be6d39,019f5caa-f176-4fcc-8232-5181a27cf1f0,earthquake,0101000020E6100000F0A7C64B37115840F4FDD478E9C63540,3.50,low,EMSC,1788053,2025-03-29 00:17:02+06:30,2026-02-17 20:37:11.395668+06:30,f,,{},
bb13db86-abe8-4b27-ac8e-dd49e5b4b806,69d3db42-83d7-4fc2-a68b-4dc5bda72ea5,earthquake,0101000020E610000052B81E85EB095840FA7E6ABC74533440,4.20,medium,EMSC,1788044,2025-03-29 00:01:57+06:30,2026-02-17 20:37:11.398778+06:30,f,,{},
f8d87721-aae2-488e-912c-8bd29622e926,c4a407b3-2c09-4909-9bea-a130fcf5eaa7,earthquake,0101000020E6100000AF25E4839E0558406891ED7C3F453440,4.50,medium,EMSC,1788021,2025-03-28 23:16:20.85+06:30,2026-02-17 20:37:11.402635+06:30,f,,{},
32b4d905-652e-4095-b8ac-1d71bcae2323,2534e222-cd21-4598-86fc-0763b05d9550,earthquake,0101000020E6100000894160E5D01A5840A8C64B3789413440,4.40,medium,EMSC,1788025,2025-03-28 22:57:02+06:30,2026-02-17 20:37:11.406013+06:30,f,,{},
cdf51c97-28c0-4d92-8ad9-bce902db93e2,f826d275-3ff4-40f6-99be-da852dd424d5,earthquake,0101000020E6100000105839B4C89E5840AC1C5A643B9F3340,4.10,medium,EMSC,1788026,2025-03-28 22:51:01+06:30,2026-02-17 20:37:11.409182+06:30,f,,{},
4f4dc683-1582-45a2-ae16-2492efdfa0e0,d3fd660a-1cb5-498d-8b60-b33c0a793811,earthquake,0101000020E61000007D3F355EBA115840A69BC420B0D23240,3.70,low,EMSC,1788027,2025-03-28 22:27:43+06:30,2026-02-17 20:37:11.413281+06:30,f,,{},
993fc3e4-4221-48ea-905e-eeb8067cc719,7d9bad9c-fd0b-4240-974a-a730e13108cb,earthquake,0101000020E6100000F0A7C64B37195840FED478E926913540,3.60,low,EMSC,1788000,2025-03-28 21:47:28+06:30,2026-02-17 20:37:11.416493+06:30,f,,{},
f8a4a583-657f-4d60-89ac-75bcb94d15c6,29c8927c-4c4d-4187-8469-33fb38ba3b58,earthquake,0101000020E610000036CD3B4ED1FD57408F53742497FF3540,4.20,medium,EMSC,1787993,2025-03-28 21:19:19.423+06:30,2026-02-17 20:37:11.42051+06:30,f,,{},
ed005c21-9208-4576-aad0-18aabb7e17fa,8e228eec-a0f2-4c8e-b3c9-dbd2ef36eca4,earthquake,0101000020E61000007B14AE47E17A57403D0AD7A3703D3840,3.70,low,EMSC,1787960,2025-03-28 19:47:28+06:30,2026-02-17 20:37:11.42367+06:30,f,,{},
44ab853a-1dbb-4a38-aac8-69b26b4912a7,c16d8776-c460-4713-b41f-c17a49022f5a,earthquake,0101000020E61000008D976E1283205840FCA9F1D24DA23540,4.20,medium,EMSC,1787947,2025-03-28 19:22:46+06:30,2026-02-17 20:37:11.42748+06:30,f,,{},
99dc1618-9369-4db3-8508-b0e930297828,55bd02c2-6a82-4a94-a03b-afe05dad2035,earthquake,0101000020E6100000C3F5285C8F0A5840CBA145B6F3DD3340,4.00,medium,EMSC,1787948,2025-03-28 19:21:12+06:30,2026-02-17 20:37:11.430928+06:30,f,,{},
321d3241-88ff-41f1-aa74-cff0cf26389c,52a2c69e-dd84-4db2-bd76-0b39ba0f07af,earthquake,0101000020E61000003108AC1C5AFC5740AAF1D24D62903540,4.00,medium,EMSC,1787949,2025-03-28 19:13:46+06:30,2026-02-17 20:37:11.434583+06:30,f,,{},
c49ef2b6-53a7-4c2b-bb9b-2ddac730827c,577b6f44-e654-4484-b081-74aa5e5d60c4,earthquake,0101000020E6100000FA7E6ABC740B58402DB29DEFA7663440,3.80,low,EMSC,1787950,2025-03-28 19:06:50+06:30,2026-02-17 20:37:11.438915+06:30,f,,{},
d1816873-3149-4c3e-a337-b69ac2f806ed,d9951198-3deb-447c-a464-c8c550b636fc,earthquake,0101000020E6100000F0A7C64B3701584004560E2DB2DD3340,4.00,medium,EMSC,1787951,2025-03-28 19:03:01+06:30,2026-02-17 20:37:11.44222+06:30,f,,{},
b0d68db7-e168-49a0-9074-ff0a204bfcbc,d985c8ce-4d9f-46b6-b327-082b7e6c1a6e,earthquake,0101000020E6100000ED0DBE3099F25740C976BE9F1AEF3540,4.60,medium,EMSC,1787924,2025-03-28 18:51:56.71+06:30,2026-02-17 20:37:11.44676+06:30,f,,{},
c2b5149e-e860-426a-9e70-7645c27f519b,f65687c0-8c5b-47cb-8cfd-2bcd9c566a9c,earthquake,0101000020E610000091ED7C3F350E58405839B4C876DE3540,4.10,medium,EMSC,1787925,2025-03-28 18:32:29+06:30,2026-02-17 20:37:11.450159+06:30,f,,{},
62853206-2f9e-46ac-9720-ec723d2dc05b,48dbc741-816b-458e-9eb7-f8434cce9e05,earthquake,0101000020E6100000DD240681951B58400E2DB29DEFC73540,4.00,medium,EMSC,1787926,2025-03-28 18:06:48+06:30,2026-02-17 20:37:11.454812+06:30,f,,{},
c54b7582-d0d5-4967-9d2b-652f4717b690,87217fcc-9aa9-4089-8f76-9a7448ea9aa5,earthquake,0101000020E610000004560E2DB2F5574021B0726891ED3540,4.20,medium,EMSC,1787927,2025-03-28 18:00:52+06:30,2026-02-17 20:37:11.458572+06:30,f,,{},
ca699776-1938-4a12-9116-e82e3fbe77f1,f851da89-aff3-4933-a615-7d33015c065f,earthquake,0101000020E6100000D734EF3845F7574002BC0512149F3640,4.50,medium,EMSC,1787958,2025-03-28 17:46:53.76+06:30,2026-02-17 20:37:11.463183+06:30,f,,{},
b911c96d-2909-41ac-bd8c-2f51876c5441,c957d257-b467-4899-a308-a4aa36ebbcbc,earthquake,0101000020E61000001A51DA1B7C11584018265305A3B23340,4.50,medium,EMSC,1787860,2025-03-28 16:25:35.3+06:30,2026-02-17 20:37:11.466648+06:30,f,,{},
c1632658-ed39-4830-a45c-aa684452e1ab,6188196d-344f-47dd-b77a-cf520e8c5560,earthquake,0101000020E61000002FDD2406810D58401904560E2DD23540,4.50,medium,EMSC,1787861,2025-03-28 16:00:42+06:30,2026-02-17 20:37:11.471044+06:30,f,,{},
f71ac14a-12b7-4f5e-ad9c-f66ab700388d,24205e34-1d0c-461b-9bbb-d01901f09645,earthquake,0101000020E61000009487855AD36C5840FA7E6ABC74A33540,4.10,medium,EMSC,1788071,2025-03-28 15:56:46.362+06:30,2026-02-17 20:37:11.474311+06:30,f,,{},
1c8d33e9-1835-4d98-9d14-5b125e809bf4,09cb51cf-49b7-468e-b32e-ce5d10e9e39f,earthquake,0101000020E610000096B20C71ACD757402F6EA301BC853740,4.40,medium,EMSC,1787859,2025-03-28 15:48:28.345+06:30,2026-02-17 20:37:11.478821+06:30,f,,{},
3b370449-a342-42dc-90d3-9f6f8535170c,6cac774c-06ff-4196-91a0-f61a4297bac9,earthquake,0101000020E6100000E3A59BC420185840CDCCCCCCCCEC3340,3.80,low,EMSC,1787863,2025-03-28 15:41:46+06:30,2026-02-17 20:37:11.482093+06:30,f,,{},
88456c0b-be01-4be5-b8cc-8b8cc3917ac8,3bfb77f4-710e-4c87-ba20-d2f2bb64116f,earthquake,0101000020E6100000BC749318041E5840BE9F1A2FDDC43440,4.20,medium,EMSC,1787864,2025-03-28 15:36:18+06:30,2026-02-17 20:37:11.48608+06:30,f,,{},
16dc9b0a-3b17-4716-b260-38ca25a23d6a,219c53e8-9f61-4271-80b7-3068c445edd9,earthquake,0101000020E6100000FED478E9262158406F1283C0CA013340,3.80,low,EMSC,1787865,2025-03-28 15:22:00+06:30,2026-02-17 20:37:11.489761+06:30,f,,{},
93ccb517-cc74-47dc-a66c-ce77ccb7556c,57b1328a-44c1-4533-9ca7-bc928449d2ad,earthquake,0101000020E610000037894160E518584004560E2DB25D3340,3.70,low,EMSC,1787866,2025-03-28 15:15:57+06:30,2026-02-17 20:37:11.4931+06:30,f,,{},
06675499-300e-455a-a9d8-f821b75e0619,94baf364-09f8-4b57-8ea7-0f9b0ecea463,earthquake,0101000020E6100000F4FDD478E926584085EB51B81EC53240,4.00,medium,EMSC,1787867,2025-03-28 14:51:22+06:30,2026-02-17 20:37:11.497399+06:30,f,,{},
2ba50d88-5c9b-4420-a1f6-3d48659473b2,18b8c273-205a-45ee-a6b9-6868fbfc4374,earthquake,0101000020E61000005C8FC2F528AC5740F6285C8FC2F53840,4.30,medium,EMSC,1787840,2025-03-28 14:29:55+06:30,2026-02-17 20:37:11.501076+06:30,f,,{},
265ac2ca-4dc8-4540-8944-e01bba1a854a,cc1a4914-9048-4c77-91f0-d83efdbe469a,earthquake,0101000020E61000002B1895D409F85740265305A3927A3640,4.50,medium,EMSC,1787836,2025-03-28 14:27:00.28+06:30,2026-02-17 20:37:11.505088+06:30,f,,{},
9e704993-8c91-4229-9dc1-24556574a8f3,5dc28ed3-b932-4bb6-88f3-32cebbe85419,earthquake,0101000020E6100000BC96900F7A3E584088855AD3BC133440,4.30,medium,EMSC,1788047,2025-03-28 14:12:37.052+06:30,2026-02-17 20:37:11.508984+06:30,f,,{},
81596cde-9ab3-44d2-bf05-98a5034978db,33c6a0a3-0be8-46b6-9bcf-475284374085,earthquake,0101000020E6100000CCEEC9C342F95740302AA913D0C43640,4.60,medium,EMSC,1787820,2025-03-28 14:06:58.94+06:30,2026-02-17 20:37:11.513128+06:30,f,,{},
128ee242-d303-4ad8-8ac0-51297dd19342,33c6a0a3-0be8-46b6-9bcf-475284374085,earthquake,0101000020E6100000B3EA73B515EF574054E3A59BC4A03640,4.40,medium,EMSC,1788043,2025-03-28 14:03:37.783+06:30,2026-02-17 20:37:11.516191+06:30,f,,{},
c531302d-d072-4f3e-957b-cb1918b2e394,33c6a0a3-0be8-46b6-9bcf-475284374085,earthquake,0101000020E6100000DA1B7C6132F15740AC8BDB6800AF3640,4.60,medium,EMSC,1787824,2025-03-28 13:57:47.21+06:30,2026-02-17 20:37:11.519633+06:30,f,,{},
d38300a8-ff76-429e-85e5-6ab27925028d,68bea836-46ad-4a66-b14b-94fc684b4670,earthquake,0101000020E6100000C139234A7BF757403D9B559FAB0D3640,4.40,medium,EMSC,1792749,2025-03-28 13:31:28.86+06:30,2026-02-17 20:37:11.522627+06:30,f,,{},
887918cb-d9a9-482e-9b7d-e46c5469558a,68bea836-46ad-4a66-b14b-94fc684b4670,earthquake,0101000020E61000002AA913D044045840F0164850FC183640,4.50,medium,EMSC,1792721,2025-03-28 13:27:53.711+06:30,2026-02-17 20:37:11.526134+06:30,f,,{},
efa35539-9ee1-4ba9-a789-69d9502a0ce0,87dc78fb-85c1-4aca-97d1-9b5c1ae09946,earthquake,0101000020E6100000FAEDEBC0391358403BDF4F8D973E3340,4.90,medium,EMSC,1787812,2025-03-28 13:15:45.96+06:30,2026-02-17 20:37:11.530101+06:30,f,,{},
d06f611c-e7de-4e80-93e5-a9ea70500be7,930ea6b7-51b1-4c8d-9121-1ad12bf6be4b,earthquake,0101000020E6100000EB73B515FBF75740F5DBD78173D63540,4.90,medium,EMSC,1787809,2025-03-28 13:12:24.76+06:30,2026-02-17 20:37:11.534057+06:30,f,,{},
4b111349-b792-4d5f-9939-c5f379bbe601,15bee2cd-ffac-4f8b-97b9-74a4f77b4474,earthquake,0101000020E610000041F163CC5DF3574012143FC6DCE53340,4.80,medium,EMSC,1788015,2025-03-28 13:09:14.645+06:30,2026-02-17 20:37:11.538248+06:30,f,,{},
ee17b17a-36ac-4b69-9c88-88b2541ee0b3,930ea6b7-51b1-4c8d-9121-1ad12bf6be4b,earthquake,0101000020E6100000BADA8AFD65FF57406E3480B740C23540,6.70,high,EMSC,1787804,2025-03-28 13:02:05.58+06:30,2026-02-17 20:37:11.542615+06:30,f,,{},
c35b2e83-f66d-4018-aef3-cd489010b4cf,930ea6b7-51b1-4c8d-9121-1ad12bf6be4b,earthquake,0101000020E6100000DDB5847CD0FB5740E7FBA9F1D2FD3540,7.70,high,EMSC,1787796,2025-03-28 12:50:54.84+06:30,2026-02-17 20:37:11.54763+06:30,f,,{},
55befb45-9156-45bf-b40e-cba9be4cc404,d14cce1c-449d-4d89-b829-aef3c74a1c1d,earthquake,0101000020E6100000931804560E7557405BB1BFEC9E5C2440,4.80,medium,EMSC,1786182,2025-03-24 13:49:57.05+06:30,2026-02-17 20:37:11.551337+06:30,f,,{},
3ac3da0e-acb4-4564-b99f-87009c62f743,d7c07658-d146-48f2-821f-dd47e0bca31f,earthquake,0101000020E6100000A167B3EA73695740CCEEC9C342CD2340,4.70,medium,EMSC,1786224,2025-03-24 11:06:05.252+06:30,2026-02-17 20:37:11.555318+06:30,f,,{},
be917328-d334-4f44-8156-40e1c6448e6b,d7c07658-d146-48f2-821f-dd47e0bca31f,earthquake,0101000020E6100000EA043411366C57407D3F355EBA492440,5.10,medium,EMSC,1786146,2025-03-24 10:59:36.76+06:30,2026-02-17 20:37:11.559355+06:30,f,,{},
e5d5df4c-e222-4b53-8530-2872d6b951db,3cd55faa-61dc-42aa-82f2-fe76250153ee,earthquake,0101000020E6100000C898BB9690F7574076711B0DE08D3640,4.10,medium,USGS,us7000pnwl,2025-03-31 00:00:48.042+06:30,2026-02-17 20:37:11.975525+06:30,f,,{},
ab20cc7e-f9a5-48ac-aaba-d3b721511e62,d0bf7cc3-3761-4ac3-ba39-46926b1709de,earthquake,0101000020E6100000CBA145B6F3015840B22E6EA3018C3640,4.30,medium,USGS,us7000pnsw,2025-03-30 15:07:58.122+06:30,2026-02-17 20:37:11.985773+06:30,f,,{},
bc08f477-f7a9-4564-a098-ae6ddc1dba46,2284fd1b-1a89-482c-a9c5-449153543f2d,earthquake,0101000020E610000024B9FC87F4FB57407FFB3A70CE383640,4.60,medium,USGS,us7000pnsb,2025-03-30 13:38:01.128+06:30,2026-02-17 20:37:11.994327+06:30,f,,{},
88fc92f5-ac5d-4cbd-8087-c86c903dfb69,b0f3a259-eb6d-4359-9486-8f51fac34ba5,earthquake,0101000020E61000007FD93D7958FC57406B9A779CA2033640,4.10,medium,USGS,us6000q4xv,2025-03-30 12:43:05.377+06:30,2026-02-17 20:37:12.002455+06:30,f,,{},
797a3c4d-9ea4-44e3-b563-7a6a17da5b91,eb9fd741-f2fc-4627-b8c3-09d99b978c95,earthquake,0101000020E6100000560E2DB29DFF5740728A8EE4F2BF3340,4.50,medium,USGS,us6000q4xp,2025-03-30 06:38:28.693+06:30,2026-02-17 20:37:12.007764+06:30,f,,{},
beeb24e7-5cee-4ddd-9ddc-bb059e1c31a7,17046713-6073-4b21-a968-5caa39b3c623,earthquake,0101000020E6100000C286A757CAFE5740EEEBC039237A3640,4.30,medium,USGS,us7000pnqp,2025-03-30 05:57:34.191+06:30,2026-02-17 20:37:12.013093+06:30,f,,{},
51ae56e6-2505-492c-897b-b53f3525230b,277e38fc-b65b-4eb8-8b8f-5373b39a2ec7,earthquake,0101000020E610000070CE88D2DE045840C898BB9690AF3340,5.10,medium,USGS,us7000pnkj,2025-03-29 15:50:48.229+06:30,2026-02-17 20:37:12.017127+06:30,f,,{},
75ff982d-eb90-474d-9160-ff4d7a2f8de6,e5a6da95-e227-41df-8b17-2bd55b368406,earthquake,0101000020E61000004B598638D63D5840CD3B4ED1913C3B40,4.40,medium,USGS,us6000q4rz,2025-03-29 12:55:04.47+06:30,2026-02-17 20:37:12.02272+06:30,f,,{},
1da8bdb8-5164-4493-9999-390a3d0eb1da,1f54d68f-10bf-49c1-9e1f-ddd7c31df67c,earthquake,0101000020E61000007958A835CDFF57400C022B8716F93440,4.30,medium,USGS,us6000q4s3,2025-03-29 12:53:51.147+06:30,2026-02-17 20:37:12.028679+06:30,f,,{},
3517b096-b6e5-422f-8f61-d6a2b4f4157c,ffb39885-557c-4a7a-bc01-9f0827c3ce3b,earthquake,0101000020E6100000091B9E5E29035840A1D634EF38653640,4.20,medium,USGS,us6000q4ru,2025-03-29 06:34:53.661+06:30,2026-02-17 20:37:12.034002+06:30,f,,{},
de4d28b2-3147-4a60-984a-56cda876dc8c,db529028-7805-4c5e-a754-8bfa07276eeb,earthquake,0101000020E6100000840D4FAF94F95740CA54C1A8A4FE3540,4.10,medium,USGS,us6000q4ke,2025-03-29 02:46:38.893+06:30,2026-02-17 20:37:12.038726+06:30,f,,{},
cbc3f2c1-db99-4d15-a3b8-4730a14b97a8,af73384f-73da-444b-85ff-3cd5e513d632,earthquake,0101000020E6100000302AA913D0F85740C58F31772DC13540,4.20,medium,USGS,us6000q4kb,2025-03-29 01:44:56.727+06:30,2026-02-17 20:37:12.043517+06:30,f,,{},
817ca6c0-4f61-47a5-a519-0fc54fa1fe96,0e060381-e6f0-4778-810a-2f4ce724a1f7,earthquake,0101000020E610000029ED0DBE30FD574062105839B4C83540,4.20,medium,USGS,us6000q4k2,2025-03-29 00:56:20.385+06:30,2026-02-17 20:37:12.047503+06:30,f,,{},
2bf13ed2-9c7f-4e3d-828a-12520815e4ee,c4a407b3-2c09-4909-9bea-a130fcf5eaa7,earthquake,0101000020E61000000B24287E8C0158409D11A5BDC1473440,4.50,medium,USGS,us7000pne5,2025-03-28 23:16:20.831+06:30,2026-02-17 20:37:12.050789+06:30,f,,{},
738c3daf-251e-4be5-84a7-9f1a21d5032c,29c8927c-4c4d-4187-8469-33fb38ba3b58,earthquake,0101000020E610000036CD3B4ED1FD57408F53742497FF3540,4.20,medium,USGS,us7000pnq3,2025-03-28 21:19:19.423+06:30,2026-02-17 20:37:12.054546+06:30,f,,{},
fc0fb7a8-f05c-4cf0-8f7a-63868c659032,d985c8ce-4d9f-46b6-b327-082b7e6c1a6e,earthquake,0101000020E610000031992A1895FC5740D1915CFE430A3640,4.60,medium,USGS,us7000pnc5,2025-03-28 18:51:56.504+06:30,2026-02-17 20:37:12.057617+06:30,f,,{},
55e8ca1a-587b-48ff-81c2-229ef4dd0424,f851da89-aff3-4933-a615-7d33015c065f,earthquake,0101000020E61000009EEFA7C64BEF57404A0C022B87863640,4.40,medium,USGS,us7000pnbt,2025-03-28 17:46:52.146+06:30,2026-02-17 20:37:12.062114+06:30,f,,{},
9e82300c-498a-4a31-bd63-ba162076812e,713f8393-b706-416f-8452-d0067c336241,earthquake,0101000020E61000006891ED7C3F0D584022FDF675E05C3340,4.50,medium,USGS,us7000pnfz,2025-03-28 16:25:32.962+06:30,2026-02-17 20:37:12.065661+06:30,f,,{},
fec9ebdd-37ee-4b5f-a1b0-23bc749af7cb,82e0b367-437b-42d2-80b1-e4b51daaaf75,earthquake,0101000020E610000009F9A067B3225840BA490C022BE73440,4.30,medium,USGS,us7000pnfs,2025-03-28 15:56:46.153+06:30,2026-02-17 20:37:12.069953+06:30,f,,{},
11ae2a62-5693-4d3b-83cd-8de035e92f42,09cb51cf-49b7-468e-b32e-ce5d10e9e39f,earthquake,0101000020E6100000A301BC0512D85740C74B378941803740,4.40,medium,USGS,us7000pnbh,2025-03-28 15:48:27.576+06:30,2026-02-17 20:37:12.074256+06:30,f,,{},
853d5d02-8ea1-4f90-af1a-193124ebcc1b,2fbdaf20-4ec5-4a8f-b58a-9933b31262bc,earthquake,0101000020E6100000736891ED7C075840F931E6AE25343640,4.30,medium,USGS,us6000q4jp,2025-03-28 14:29:08.865+06:30,2026-02-17 20:37:12.078565+06:30,f,,{},
eccd95ec-8c1b-4a98-b8b7-1eb6f44fbf9e,cc1a4914-9048-4c77-91f0-d83efdbe469a,earthquake,0101000020E61000001283C0CAA1F557401DC9E53FA46F3640,4.50,medium,USGS,us7000pnbe,2025-03-28 14:27:00.138+06:30,2026-02-17 20:37:12.081958+06:30,f,,{},
0ca835c7-b92a-4cfe-b247-d4d130bf119d,33c6a0a3-0be8-46b6-9bcf-475284374085,earthquake,0101000020E6100000ED0DBE3099F657408638D6C56DC43640,4.60,medium,USGS,us7000pnba,2025-03-28 14:06:58.799+06:30,2026-02-17 20:37:12.085437+06:30,f,,{},
5f01733a-8d41-41c1-b62a-c6b821ea6904,33c6a0a3-0be8-46b6-9bcf-475284374085,earthquake,0101000020E6100000EC2FBB270FEF5740C5FEB27BF2A03640,4.40,medium,USGS,us7000pnf1,2025-03-28 14:03:37.622+06:30,2026-02-17 20:37:12.08867+06:30,f,,{},
c8c4356c-f627-40ce-9121-2ffc33265297,33c6a0a3-0be8-46b6-9bcf-475284374085,earthquake,0101000020E6100000E9482EFF21F957403C4ED1915CBE3640,4.60,medium,USGS,us7000pnb8,2025-03-28 13:57:47.907+06:30,2026-02-17 20:37:12.09215+06:30,f,,{},
e972d409-aab2-47ff-9554-1321a119538f,68bea836-46ad-4a66-b14b-94fc684b4670,earthquake,0101000020E6100000C139234A7BF757403D9B559FAB0D3640,4.40,medium,USGS,us6000q4jt,2025-03-28 13:31:28.86+06:30,2026-02-17 20:37:12.096038+06:30,f,,{},
9fbcb509-d37a-46f6-8761-92df10b3176e,68bea836-46ad-4a66-b14b-94fc684b4670,earthquake,0101000020E61000002AA913D044045840F0164850FC183640,4.50,medium,USGS,us6000q4ji,2025-03-28 13:27:53.711+06:30,2026-02-17 20:37:12.099101+06:30,f,,{},
e89ff222-73fa-4c0e-ae66-c020fd1983fc,87dc78fb-85c1-4aca-97d1-9b5c1ae09946,earthquake,0101000020E6100000E17A14AE470D584070CE88D2DE203340,4.90,medium,USGS,us7000pnb6,2025-03-28 13:15:44.906+06:30,2026-02-17 20:37:12.103094+06:30,f,,{},
ad93c45c-4048-4749-b929-6a741720ccc1,930ea6b7-51b1-4c8d-9121-1ad12bf6be4b,earthquake,0101000020E6100000EB73B515FBF75740F5DBD78173D63540,4.90,medium,USGS,us7000pncv,2025-03-28 13:12:24.76+06:30,2026-02-17 20:37:12.107422+06:30,f,,{},
719432df-5764-40e7-a2f1-e664c7109eb4,15bee2cd-ffac-4f8b-97b9-74a4f77b4474,earthquake,0101000020E610000041F163CC5DF3574012143FC6DCE53340,4.80,medium,USGS,us7000pncy,2025-03-28 13:09:14.645+06:30,2026-02-17 20:37:12.111636+06:30,f,,{},
b60e32dd-7d41-4a8a-8bb6-a2fc80dd90c5,930ea6b7-51b1-4c8d-9121-1ad12bf6be4b,earthquake,0101000020E6100000BC74931804FE5740C3F5285C8FB23540,6.70,high,USGS,us7000pn9z,2025-03-28 13:02:04.777+06:30,2026-02-17 20:37:12.116096+06:30,f,,{},
095231ff-cb82-4d40-bf8e-43f4a35fff92,930ea6b7-51b1-4c8d-9121-1ad12bf6be4b,earthquake,0101000020E6100000ABCFD556ECFB5740894160E5D0023640,7.70,high,USGS,us7000pn9s,2025-03-28 12:50:52.715+06:30,2026-02-17 20:37:12.120524+06:30,f,,{},
2b30defc-d708-4025-8e2d-64b0cbbc0e82,d14cce1c-449d-4d89-b829-aef3c74a1c1d,earthquake,0101000020E6100000EEEBC039237E57409487855AD3BC2440,4.70,medium,USGS,us7000pm6h,2025-03-24 13:49:55.884+06:30,2026-02-17 20:37:12.124115+06:30,f,,{},
b0a71de7-68bf-445e-8a24-a56c52fdc9da,d7c07658-d146-48f2-821f-dd47e0bca31f,earthquake,0101000020E6100000A167B3EA73695740CCEEC9C342CD2340,4.70,medium,USGS,us7000pm5l,2025-03-24 11:06:05.252+06:30,2026-02-17 20:37:12.12767+06:30,f,,{},
6c271d8d-31a9-44a2-aced-fa39742e6c59,d7c07658-d146-48f2-821f-dd47e0bca31f,earthquake,0101000020E6100000BD5296218E6D57405AF5B9DA8A3D2440,5.10,medium,USGS,us7000pm5g,2025-03-24 10:59:29.1+06:30,2026-02-17 20:37:12.130657+06:30,f,,{},
c7762a4e-3cbf-4fd2-a325-6f4d929dd7df,0837afdc-ec88-4ab3-ad33-d1b44891db51,earthquake,0101000020E6100000DBF97E6ABC14584023DBF97E6A3C3340,3.50,low,EMSC,1792375,2025-04-07 05:58:37.02+06:30,2026-02-17 20:37:12.436567+06:30,f,,{},
403aa750-f3d6-492b-ba87-9517c082c9a4,bb8527e9-2ff0-44b5-9417-4ff92da47dce,earthquake,0101000020E6100000A01A2FDD249E58408FC2F5285CAF3340,3.80,low,EMSC,1791867,2025-04-07 05:31:01+06:30,2026-02-17 20:37:12.446407+06:30,f,,{},
8e7bf22a-4be1-4af1-b5f0-255f0b2184b0,8baf2339-6263-49b3-91df-1d6f721df732,earthquake,0101000020E6100000105839B4C89E5840105839B4C8B63340,3.80,low,EMSC,1791861,2025-04-07 04:54:35+06:30,2026-02-17 20:37:12.449785+06:30,f,,{},
23d11549-3d3e-42f1-806b-c225bd25f7b1,8cb4701b-b3ee-4b03-8590-1e304c4aa7a6,earthquake,0101000020E6100000022B8716D99E5840E3A59BC420B03340,3.50,low,EMSC,1791852,2025-04-07 04:22:23+06:30,2026-02-17 20:37:12.453361+06:30,f,,{},
c5eec19f-2c0e-4ac4-b986-5568ae8ba632,6ec5dac0-55be-4379-8e45-d52c307078d7,earthquake,0101000020E6100000AE47E17A149E584014AE47E17AB43340,3.50,low,EMSC,1791847,2025-04-07 04:02:34+06:30,2026-02-17 20:37:12.456536+06:30,f,,{},
0dec5aa2-71e2-447d-97fa-e3ee25774aeb,6ec5dac0-55be-4379-8e45-d52c307078d7,earthquake,0101000020E6100000F853E3A59B9C5840DF4F8D976EB23340,3.50,low,EMSC,1791844,2025-04-07 03:50:46+06:30,2026-02-17 20:37:12.46013+06:30,f,,{},
c31070e6-3df3-4725-aa1f-61940bb3940f,6ec5dac0-55be-4379-8e45-d52c307078d7,earthquake,0101000020E6100000022B8716D99E5840BC74931804B63340,3.70,low,EMSC,1791840,2025-04-07 03:40:03+06:30,2026-02-17 20:37:12.463996+06:30,f,,{},
422f3af3-df67-41a9-8676-176a65d3b855,19e9fe6b-e8a4-49da-bd67-4b979c477626,earthquake,0101000020E6100000B81E85EB510858407D3F355EBA293440,4.40,medium,EMSC,1791792,2025-04-06 23:40:56+06:30,2026-02-17 20:37:12.467044+06:30,f,,{},
b072299a-5bf1-45de-823e-3f1525479e77,b22091aa-6f75-41d0-b7dd-ea12db8e73c5,earthquake,0101000020E6100000F853E3A59B145840273108AC1CBA3540,3.50,low,EMSC,1791730,2025-04-06 19:25:47+06:30,2026-02-17 20:37:12.471662+06:30,f,,{},
3707ee41-c52f-481c-a5ce-b3f6b1ed1c97,540ee8ff-1877-4ae9-9013-1c5132d4f0c1,earthquake,0101000020E6100000068195438B1C58404A0C022B87163340,3.50,low,EMSC,1791713,2025-04-06 18:11:11+06:30,2026-02-17 20:37:12.474825+06:30,f,,{},
c80f52ca-8b35-429d-986f-3007827440b3,aeadd9f9-311e-4816-b3c7-688fafb86dbf,earthquake,0101000020E6100000068195438B145840643BDF4F8D773340,3.50,low,EMSC,1791675,2025-04-06 15:34:25+06:30,2026-02-17 20:37:12.478975+06:30,f,,{},
8d05cd91-249c-4f35-b514-4b58b4289646,4872249d-9297-439a-b6dd-b0a20f3b7b30,earthquake,0101000020E6100000D7A3703D0A0F58401283C0CAA1E53440,3.80,low,EMSC,1791632,2025-04-06 12:08:13+06:30,2026-02-17 20:37:12.482517+06:30,f,,{},
64f7727a-199c-404d-bfdb-2c5e8a6ef3ae,2e0326d5-e652-4005-a2eb-e6f88e9fb594,earthquake,0101000020E6100000DF4F8D976E125840A245B6F3FDD43340,4.00,medium,EMSC,1791598,2025-04-06 09:47:15+06:30,2026-02-17 20:37:12.486203+06:30,f,,{},
fac37305-b6ce-4ff7-a274-3eb9b2638933,4b1d9ba3-9772-44a6-85c1-9dad46db7872,earthquake,0101000020E61000009EEFA7C64B2F58404260E5D022DB3240,3.50,low,EMSC,1791561,2025-04-06 07:19:23+06:30,2026-02-17 20:37:12.4897+06:30,f,,{},
5ad42d72-42e9-4fe9-9d07-6aed1d6e6b02,3f3456b3-3566-4935-9b54-c5f650ffd434,earthquake,0101000020E61000001904560E2D125840BC74931804963340,4.30,medium,EMSC,1791396,2025-04-05 20:24:14.94+06:30,2026-02-17 20:37:12.493398+06:30,f,,{},
c08d83ec-18a3-4204-bcf7-55fbdb11a059,0fd06c59-bdd2-4342-858e-db113725105a,earthquake,0101000020E6100000B0726891ED045840E17A14AE47C13440,3.90,low,EMSC,1791314,2025-04-05 16:03:07+06:30,2026-02-17 20:37:12.497654+06:30,f,,{},
c981f678-d3ab-4e90-a628-2a2249d731f5,43397d10-f909-4bb9-b6de-0081cdb6fec9,earthquake,0101000020E610000017D9CEF7531358403BDF4F8D97CE3540,3.70,low,EMSC,1791287,2025-04-05 14:12:44+06:30,2026-02-17 20:37:12.501587+06:30,f,,{},
987cd097-1a2a-4b88-af71-5bbb6c9fd471,3db485db-6f9d-4624-b96c-b1c43af791e8,earthquake,0101000020E6100000295C8FC2F5185840AAF1D24D62B03240,4.10,medium,EMSC,1791277,2025-04-05 13:09:44+06:30,2026-02-17 20:37:12.504811+06:30,f,,{},
eeb94365-039e-4f4f-8e1a-80f044ea22c3,62cd66a5-b243-421e-8a70-5acfa13aa6b4,earthquake,0101000020E6100000B81E85EB51C85740E17A14AE47213940,3.90,low,EMSC,1791219,2025-04-05 09:33:25+06:30,2026-02-17 20:37:12.50806+06:30,f,,{},
6f5d5718-8643-48bc-bcf5-f36535e3e8b3,d36b5fb2-ab72-4c4c-8022-ceb8527352ff,earthquake,0101000020E6100000D34D621058115840B29DEFA7C6AB3540,3.80,low,EMSC,1791184,2025-04-05 07:38:34+06:30,2026-02-17 20:37:12.511923+06:30,f,,{},
73418ba5-7b4f-4da2-925d-fa8bca7eb062,d2a84764-375a-4006-aa9c-bfae41db00b7,earthquake,0101000020E610000017D9CEF753035840B30C71AC8B9B3540,4.80,medium,EMSC,1791025,2025-04-04 21:55:24.75+06:30,2026-02-17 20:37:12.515409+06:30,f,,{},
86ea156e-a4d3-4983-8b46-893cd6ff1c41,063a50cc-018d-4f31-86bf-f43ae4815e41,earthquake,0101000020E61000002B8716D9CE175840AAF1D24D62103640,3.70,low,EMSC,1790933,2025-04-04 16:49:01+06:30,2026-02-17 20:37:12.518895+06:30,f,,{},
d29dba1e-1558-4246-a451-d791bf77d572,234d559b-9051-44b1-a9a7-05b9b5610a9d,earthquake,0101000020E610000017D9CEF75313584054E3A59BC4003240,3.80,low,EMSC,1790876,2025-04-04 12:33:56+06:30,2026-02-17 20:37:12.523641+06:30,f,,{},
2d3564f8-b403-4235-9b7c-77b99645941b,59f3b7d5-cf7c-4ddb-b059-7bd9e2bbed93,earthquake,0101000020E6100000D7A3703D0A275840DBF97E6ABCF43540,3.70,low,EMSC,1790793,2025-04-04 07:56:27+06:30,2026-02-17 20:37:12.528669+06:30,f,,{},
c0ab4744-3276-4c97-b01f-ada164974f41,1f47d9ac-c9e0-47d8-8c2e-bf7f7d04e7cf,earthquake,0101000020E610000039B4C876BEAF584062105839B4A83640,3.70,low,EMSC,1790715,2025-04-04 03:59:03+06:30,2026-02-17 20:37:12.532457+06:30,f,,{},
29a9186f-d5b8-4a73-be72-33067e7000a9,0680f370-5a69-4b9e-b378-d805cccdc2d6,earthquake,0101000020E6100000986E1283C002584075931804566E3540,4.20,medium,EMSC,1790603,2025-04-03 21:30:00+06:30,2026-02-17 20:37:12.537194+06:30,f,,{},
f059ff78-2613-45f6-af0b-440b7d5b20e0,02176d6f-5be3-4094-9d45-e3b512d1feb6,earthquake,0101000020E61000008195438B6C0F58403D0AD7A3709D3540,4.30,medium,EMSC,1790540,2025-04-03 19:07:14+06:30,2026-02-17 20:37:12.540844+06:30,f,,{},
9ffd383a-e1a7-4088-840d-a8a61798d8b8,b1a5a926-bc09-4549-ac5e-e4f369436cd8,earthquake,0101000020E61000004A0C022B87165840C1CAA145B6733640,3.80,low,EMSC,1790467,2025-04-03 15:05:20+06:30,2026-02-17 20:37:12.545023+06:30,f,,{},
627681ae-d372-43fb-8912-6dd0737963b3,75b324d1-cb4b-431e-95aa-736402b3c782,earthquake,0101000020E6100000FA7E6ABC742B58401283C0CAA1453540,3.50,low,EMSC,1790343,2025-04-03 08:08:14+06:30,2026-02-17 20:37:12.548137+06:30,f,,{},
9ff7a244-bf54-4e19-b7d1-c347f252b555,38c309af-6d89-4272-be2d-3e1723e0212d,earthquake,0101000020E61000008D976E1283185840E9263108AC3C3640,3.90,low,EMSC,1790340,2025-04-03 07:55:54+06:30,2026-02-17 20:37:12.552083+06:30,f,,{},
fa328679-30ba-4645-9d9d-fd66ab5ca0f5,77f68bc4-7de0-4e67-bf2a-f2ffb05835a6,earthquake,0101000020E61000005396218E75E157405E4BC8073DFB3540,3.90,low,EMSC,1790307,2025-04-03 05:43:16.937+06:30,2026-02-17 20:37:12.555892+06:30,f,,{},
59c23955-67cf-4e68-8eec-93ea3b2338a9,6208075c-fc38-477b-abc4-d1cb76d8e010,earthquake,0101000020E6100000022B8716D9F6574037894160E5102F40,3.80,low,EMSC,1790234,2025-04-03 01:19:36+06:30,2026-02-17 20:37:12.559273+06:30,f,,{},
34ad62e2-dd93-44c0-b6a5-44100fb5e9a8,f87744d1-93c0-46e7-91cc-e4d52edc7bdc,earthquake,0101000020E61000003F355EBA491458408195438B6CE73440,3.50,low,EMSC,1790208,2025-04-02 23:31:04+06:30,2026-02-17 20:37:12.563246+06:30,f,,{},
2dc1bd3f-f95a-45c3-b9e4-0f0e66996f1e,e1a53128-bb87-49ea-b0b8-34cb3465ef20,earthquake,0101000020E610000051DA1B7C61EA57409FCDAACFD5162F40,4.90,medium,EMSC,1790196,2025-04-02 22:57:11.65+06:30,2026-02-17 20:37:12.56621+06:30,f,,{},
825340d9-8b6b-4e5a-9a84-73482c942e20,d98509e4-ff31-4c82-8a29-c60a6d7d8d11,earthquake,0101000020E610000060E5D022DB195840BA490C022BE73540,3.70,low,EMSC,1790174,2025-04-02 21:24:48+06:30,2026-02-17 20:37:12.570913+06:30,f,,{},
c4fa3644-1d53-4de6-91c6-6518db271218,daf2dfb8-4cff-45da-9a88-68263f6200c2,earthquake,0101000020E61000008B6CE7FBA9195840C74B378941C03440,3.60,low,EMSC,1790109,2025-04-02 18:06:04+06:30,2026-02-17 20:37:12.574731+06:30,f,,{},
1bb48ff6-4078-4ff6-b4a2-18e9290f99b3,a461ca84-de71-44fe-92a5-6d73083832b5,earthquake,0101000020E6100000B0726891EDCC5840C976BE9F1A2F3340,3.50,low,EMSC,1790101,2025-04-02 17:19:57+06:30,2026-02-17 20:37:12.579315+06:30,f,,{},
90d3a508-d2f9-4938-8b74-1597176c4a1c,287c7847-7ac3-440c-b18a-ff70f546bc38,earthquake,0101000020E6100000F7E461A1D604584062A1D634EFE83440,4.70,medium,EMSC,1790091,2025-04-02 17:15:05.98+06:30,2026-02-17 20:37:12.5827+06:30,f,,{},
90b863b8-5a9c-4b1a-ab24-a93c176a628f,72726432-33fc-4792-86eb-2431fcf643b5,earthquake,0101000020E6100000CDCCCCCCCC145840105839B4C8D63540,3.60,low,EMSC,1790062,2025-04-02 15:03:09+06:30,2026-02-17 20:37:12.586838+06:30,f,,{},
48e9eef9-11ec-443c-84db-6fe465894d89,d980adf6-7a7b-41c4-85cc-96e0cdcaf964,earthquake,0101000020E610000021B07268912D5840BE9F1A2FDDE43540,4.00,medium,EMSC,1790026,2025-04-02 13:17:53+06:30,2026-02-17 20:37:12.590668+06:30,f,,{},
ca8644b5-ff38-46b5-9d22-5290f64494ee,d980adf6-7a7b-41c4-85cc-96e0cdcaf964,earthquake,0101000020E6100000E9263108AC2C5840E3A59BC420F03540,3.90,low,EMSC,1790024,2025-04-02 13:07:00+06:30,2026-02-17 20:37:12.59487+06:30,f,,{},
63e44562-b2a7-4d3b-a86a-6b087e56dfc1,e34ad028-53a6-4fa2-bfe3-19728e3c06da,earthquake,0101000020E6100000BE9F1A2FDD145840F6285C8FC2B53540,3.60,low,EMSC,1789993,2025-04-02 10:48:55+06:30,2026-02-17 20:37:12.598691+06:30,f,,{},
6af409e5-3e75-429c-bfb8-a592c7621b32,162cb07c-bf2f-47c0-a9e2-375a47507bac,earthquake,0101000020E6100000A01A2FDD24FE57407D3F355EBAA93740,4.40,medium,EMSC,1789985,2025-04-02 10:17:12.64+06:30,2026-02-17 20:37:12.602661+06:30,f,,{},
01c08198-c72a-4cd0-b747-6ed1701bfdbc,97845974-a052-4a82-99b0-39780f6c17bb,earthquake,0101000020E610000025068195433B58407F6ABC7493B83640,3.60,low,EMSC,1789907,2025-04-02 05:25:30+06:30,2026-02-17 20:37:12.606168+06:30,f,,{},
d6e3b071-b880-4c93-836f-ca7522babd06,11f0c518-edf6-43e5-8775-887dffde4e6f,earthquake,0101000020E6100000894160E5D01258407593180456CE3440,3.50,low,EMSC,1789874,2025-04-02 03:29:41+06:30,2026-02-17 20:37:12.610494+06:30,f,,{},
182fab32-508c-4840-88fc-417cb8b7a2d5,17f701ee-73d2-440e-8e9f-d40633da4bc0,earthquake,0101000020E6100000FCA9F1D24D12584021B07268912D3640,3.70,low,EMSC,1789845,2025-04-02 01:56:24+06:30,2026-02-17 20:37:12.614416+06:30,f,,{},
37833be5-652c-4680-a9a0-b34b86aafbd0,b011828d-1ec5-4878-8a1a-8ba0a74e04b8,earthquake,0101000020E61000007B14AE47E1BA5740EC51B81E85AB3840,3.50,low,EMSC,1789782,2025-04-01 23:31:28+06:30,2026-02-17 20:37:12.617665+06:30,f,,{},
ccd4d35b-ca20-4fc4-a393-08aa0539f9ee,d8d3973f-11b2-4f63-b735-8a260b17e301,earthquake,0101000020E6100000107A36AB3E075840E02D90A0F8213440,4.80,medium,EMSC,1789735,2025-04-01 21:57:41.97+06:30,2026-02-17 20:37:12.621467+06:30,f,,{},
1b38def6-ad5c-4426-b639-a8756717c626,8dd1960b-85d5-402a-8eb6-c9b2753c3f4f,earthquake,0101000020E61000002FDD2406817D58406F1283C0CAE13340,3.80,low,EMSC,1789669,2025-04-01 20:10:54+06:30,2026-02-17 20:37:12.624911+06:30,f,,{},
483bfb0e-d8a3-4468-860d-be3f0bbc5873,1e369f2d-0850-460e-8260-18e6e99e0aa6,earthquake,0101000020E6100000560E2DB29D1758405839B4C8761E3440,3.60,low,EMSC,1789666,2025-04-01 19:55:06+06:30,2026-02-17 20:37:12.628867+06:30,f,,{},
45493f49-5204-48cf-9669-e2457674e7df,cf29e99a-afc3-4760-b17e-baf92045ed43,earthquake,0101000020E610000009F9A067B3FA5740228E75711B0D3640,5.00,medium,EMSC,1789608,2025-04-01 17:31:47.84+06:30,2026-02-17 20:37:12.632652+06:30,f,,{},
a3882386-972d-43b0-a2ab-33f584031091,bc862da9-a36f-443e-be9b-8970cfe72012,earthquake,0101000020E610000079E9263108E458404E62105839B43640,3.70,low,EMSC,1789553,2025-04-01 13:15:35+06:30,2026-02-17 20:37:12.636571+06:30,f,,{},
3ec611c7-d4e5-4098-a4d0-859e361f85e8,506f7981-a86d-49fc-bab5-8bf35dea8d2f,earthquake,0101000020E610000017D9CEF753135840AC1C5A643B9F3340,3.60,low,EMSC,1789554,2025-04-01 13:08:54+06:30,2026-02-17 20:37:12.639658+06:30,f,,{},
e0c75e39-5a50-4d78-ad05-26f73134e55d,9663fa97-0b0a-4fbb-a750-60805c812f5a,earthquake,0101000020E6100000D578E926310058403108AC1C5AA43440,3.70,low,EMSC,1789499,2025-04-01 11:43:33+06:30,2026-02-17 20:37:12.642989+06:30,f,,{},
0bb198ba-29dd-4c41-9f57-c9081278db52,4602286a-8fc6-4efa-98c5-54e856cd5605,earthquake,0101000020E610000060E5D022DB195840C976BE9F1A0F3640,4.00,medium,EMSC,1789391,2025-04-01 04:48:30+06:30,2026-02-17 20:37:12.647131+06:30,f,,{},
09c1daaa-e975-4adc-9e1d-3796f4550191,91b04c8f-1a12-47b4-8953-7c812243f971,earthquake,0101000020E61000009CC420B072185840E9263108ACFC3540,4.00,medium,EMSC,1789388,2025-04-01 04:26:13+06:30,2026-02-17 20:37:12.650382+06:30,f,,{},
60cded4e-865b-4106-a121-ea4ca22cb1f6,23fcba3e-4dd7-4161-a432-e0e8f382e034,earthquake,0101000020E610000077BE9F1A2F0D5840894160E5D0423440,3.60,low,EMSC,1789387,2025-04-01 04:15:50+06:30,2026-02-17 20:37:12.654201+06:30,f,,{},
1b2ff116-1f2b-4c14-823f-c4733147e4c0,a6ded221-a7a7-4c76-9199-1612b0b5cdde,earthquake,0101000020E610000032772D211F005840A835CD3B4E013640,4.40,medium,EMSC,1789348,2025-04-01 01:41:09.92+06:30,2026-02-17 20:37:12.657457+06:30,f,,{},
844ae4e4-5303-4459-99d7-5ae3dc4c49e0,5c7cc6f0-4509-4255-ae9e-4f7fea91a3bd,earthquake,0101000020E6100000FED478E926215840736891ED7CBF3540,4.00,medium,EMSC,1789214,2025-03-31 17:47:58+06:30,2026-02-17 20:37:12.661733+06:30,f,,{},
75495733-79bf-4eb2-b9e5-191e77bd4463,1c7f26e0-0193-4e27-8117-138f1b3ee292,earthquake,0101000020E6100000B6F3FDD478295840DF4F8D976ED23540,3.80,low,EMSC,1789200,2025-03-31 16:54:22+06:30,2026-02-17 20:37:12.66526+06:30,f,,{},
1ff03e55-ba74-4281-89b9-2a62d7b1b156,060aa5eb-41dd-4eaa-9253-9906ff8082eb,earthquake,0101000020E6100000E9263108AC145840560E2DB29D0F3340,3.60,low,EMSC,1789190,2025-03-31 16:21:13+06:30,2026-02-17 20:37:12.669376+06:30,f,,{},
b08193ce-ac3a-46f2-a095-4a5122afde7c,5622068f-aa7b-4aa0-a5f6-da263fd49a63,earthquake,0101000020E6100000BC749318047E584004560E2DB2FD3340,4.10,medium,EMSC,1789191,2025-03-31 16:12:48+06:30,2026-02-17 20:37:12.672779+06:30,f,,{},
dd60bf8f-7b5b-4aba-b2fa-98fc108d1a55,c3e52975-cf39-42d8-a3ff-19e0e0755a0c,earthquake,0101000020E6100000A4703D0AD71B58401283C0CAA1253440,3.50,low,EMSC,1789162,2025-03-31 14:43:25+06:30,2026-02-17 20:37:12.676434+06:30,f,,{},
9da98320-d50d-4093-95d6-213048274032,edd27dc0-3c5b-4fb7-b0b6-59eb3bc485fc,earthquake,0101000020E6100000CDCCCCCCCC145840E5D022DBF9FE3540,4.40,medium,EMSC,1789136,2025-03-31 12:17:00+06:30,2026-02-17 20:37:12.680319+06:30,f,,{},
9e09a2be-f613-4798-97ea-03d8b6631821,7f9e81d9-a313-4c62-a31a-b64e5297fdbc,earthquake,0101000020E61000003D0AD7A3701558401904560E2DB23540,4.50,medium,EMSC,1789126,2025-03-31 11:47:37+06:30,2026-02-17 20:37:12.68392+06:30,f,,{},
dfffea41-9fdb-4020-ace1-65736b68377d,05b55c46-61ec-42f5-876c-65a436de68ec,earthquake,0101000020E61000005839B4C8762E5840D34D621058D93540,3.70,low,EMSC,1789101,2025-03-31 09:35:19+06:30,2026-02-17 20:37:12.688054+06:30,f,,{},
6706ff5c-2330-4c7d-96a5-c89d0158c51c,4184c931-b0e0-4ade-82e3-a03288d03df8,earthquake,0101000020E6100000AE47E17A140E5840F6285C8FC2B53540,3.70,low,EMSC,1789094,2025-03-31 08:59:43+06:30,2026-02-17 20:37:12.691591+06:30,f,,{},
32c15596-c961-4a87-83c6-01a36e22bedd,c74cc955-6fa2-482a-9e78-e69db651cb00,earthquake,0101000020E61000006DE7FBA9F10258405A643BDF4F4D3540,3.50,low,EMSC,1789067,2025-03-31 08:16:36+06:30,2026-02-17 20:37:12.695882+06:30,f,,{},
b3f5e59e-9bd9-47c9-ad18-60c6d2ba9a7e,f221fc36-e703-4641-be69-8d73ed54f1e4,earthquake,0101000020E6100000AC1C5A643B1758407593180456CE3540,3.60,low,EMSC,1789065,2025-03-31 07:43:54+06:30,2026-02-17 20:37:12.699572+06:30,f,,{},
152c8b14-7ce0-4896-aaf7-d8558a3dd4b4,bb81ef62-8985-4827-a615-f058b614ce9c,earthquake,0101000020E61000000AD7A3703D2258406666666666E63540,4.00,medium,EMSC,1789038,2025-03-31 06:37:58+06:30,2026-02-17 20:37:12.703711+06:30,f,,{},
ab3cbeaf-b629-4de6-b950-509bdd498146,d2a84764-375a-4006-aa9c-bfae41db00b7,earthquake,0101000020E6100000567DAEB662035840355EBA490C923540,4.60,medium,USGS,us6000q3ye,2025-04-04 21:55:24.663+06:30,2026-02-17 20:37:13.283942+06:30,f,,{},
197d698b-720a-47d1-9103-be42c8aa53f2,ffa06b81-4c54-46a1-ba28-b6641c18cba8,earthquake,0101000020E6100000FFB27BF2B00458405F984C158CEA3540,3.50,low,USGS,us6000q3nd,2025-04-03 05:43:09.295+06:30,2026-02-17 20:37:13.294248+06:30,f,,{},
74a55598-9eef-4ef3-9b0e-7e2a83d4beca,e1a53128-bb87-49ea-b0b8-34cb3465ef20,earthquake,0101000020E61000007FFB3A70CEE857407FFB3A70CE082F40,4.90,medium,USGS,us7000ppgb,2025-04-02 22:57:12.366+06:30,2026-02-17 20:37:13.298346+06:30,f,,{},
c6e2ea1d-be76-4706-8f82-f1f61a33ff57,287c7847-7ac3-440c-b18a-ff70f546bc38,earthquake,0101000020E61000008F5374249703584046B6F3FDD4E83440,4.70,medium,USGS,us7000ppf6,2025-04-02 17:15:05.983+06:30,2026-02-17 20:37:13.302142+06:30,f,,{},
34e390e8-6cba-4dab-b318-1a33c229f16d,162cb07c-bf2f-47c0-a9e2-375a47507bac,earthquake,0101000020E61000004703780B24F857404E62105839943740,4.40,medium,USGS,us6000q5fg,2025-04-02 10:17:10.784+06:30,2026-02-17 20:37:13.306171+06:30,f,,{},
40d019d3-9e2f-4d1c-ab1c-01bcddcf8a7d,d8d3973f-11b2-4f63-b735-8a260b17e301,earthquake,0101000020E6100000EE5A423EE8055840ACADD85F760F3440,4.80,medium,USGS,us7000pp91,2025-04-01 21:57:40.823+06:30,2026-02-17 20:37:13.309567+06:30,f,,{},
6cf511ab-2902-49e9-9719-036cadfbbbc9,cf29e99a-afc3-4760-b17e-baf92045ed43,earthquake,0101000020E61000003D9B559FABFD574000917EFB3A103640,4.70,medium,USGS,us7000pp7z,2025-04-01 17:31:47.444+06:30,2026-02-17 20:37:13.313497+06:30,f,,{},
c71dd30d-117c-467c-a49e-84fb553a4c03,a6ded221-a7a7-4c76-9199-1612b0b5cdde,earthquake,0101000020E61000008195438B6CFF57405BD3BCE314FD3540,4.20,medium,USGS,us7000pp3w,2025-04-01 01:41:09.828+06:30,2026-02-17 20:37:13.317545+06:30,f,,{},
57546d80-6dcd-4678-a7c0-8c1e39e5c29a,0a88fed9-6d0e-40bd-a79a-af3ee5d3c597,earthquake,0101000020E6100000F0164850FC005840D3BCE3141D093640,4.20,medium,USGS,us6000q565,2025-03-31 18:42:21.29+06:30,2026-02-17 20:37:13.32146+06:30,f,,{},
4b550abf-5dae-4efa-a40b-133345059cc2,31337d57-03f9-420e-9e9c-0d94e5f3d161,earthquake,0101000020E6100000448B6CE7FBE95740E3A59BC420503640,4.20,medium,USGS,us6000q55v,2025-03-31 12:17:41.983+06:30,2026-02-17 20:37:13.32492+06:30,f,,{},
9da4aaa3-d507-4d3d-b158-9d0da9835d29,c5471f47-24be-45f0-b195-78e48ac4c86f,earthquake,0101000020E61000007958A835CDFF5740787AA52C430C3640,4.30,medium,USGS,us6000q55u,2025-03-31 11:47:31.336+06:30,2026-02-17 20:37:13.329715+06:30,f,,{},
536b2c38-6a16-4d3c-9959-6443bc1b97b3,cd13abef-232e-44dc-8167-da6af1be6f3b,earthquake,0101000020E6100000E17A14AE47815740098A1F63EE7A2440,4.20,medium,USGS,us6000q56x,2025-03-31 10:24:01.091+06:30,2026-02-17 20:37:13.333902+06:30,f,,{},
9217a0b6-75fd-4ccf-af5f-15c850ac02d6,5e9a9e0d-106a-48f9-bf7b-44a7de480c35,earthquake,0101000020E61000001B2FDD2406E157401361C3D32BD53340,4.70,medium,EMSC,1794480,2025-04-14 02:32:30.24+06:30,2026-02-17 20:37:13.63791+06:30,f,,{},
67a6a62d-c9cb-4e83-8ec3-38c3cda5af11,860ff6dc-e055-4f35-9485-f6b6fd8677dc,earthquake,0101000020E6100000F2D24D621080584079E9263108EC3340,3.90,low,EMSC,1794425,2025-04-13 23:16:51+06:30,2026-02-17 20:37:13.645058+06:30,f,,{},
505ea5a9-d51e-4089-ac4a-252807558566,7e249c7b-15ac-4871-97c2-7e9eaf08e9d4,earthquake,0101000020E610000029ED0DBE30015840764F1E166A3D3540,5.50,medium,EMSC,1794185,2025-04-13 08:54:57.96+06:30,2026-02-17 20:37:13.648118+06:30,f,,{},
c1e3e5a8-1e58-4a3f-b712-1bfd689816f3,36a72f35-95e2-4740-ba3c-785ffbe9d7ea,earthquake,0101000020E6100000A4703D0AD71B58402B8716D9CE373640,3.60,low,EMSC,1794003,2025-04-12 20:43:32+06:30,2026-02-17 20:37:13.651471+06:30,f,,{},
04675c74-9f4f-43e1-a353-de26b1b04e09,08822095-7b2a-4f31-aed4-5a731898c0b5,earthquake,0101000020E6100000E17A14AE4701584021B07268910D3640,4.00,medium,EMSC,1793955,2025-04-12 17:45:16+06:30,2026-02-17 20:37:13.654576+06:30,f,,{},
caf97261-f63a-4393-9197-bb85401cd478,e1f056e4-221a-469c-ba6e-d68b43309880,earthquake,0101000020E610000048E17A14AE075840B0726891EDBC3540,4.20,medium,EMSC,1793950,2025-04-12 17:03:22+06:30,2026-02-17 20:37:13.657812+06:30,f,,{},
6c25eccc-0191-476e-b3b8-0a94e1607ce6,c258ea48-8397-4923-8789-c18c60ed8b0d,earthquake,0101000020E610000066666666669657400000000000003740,3.50,low,EMSC,1793934,2025-04-12 15:50:42+06:30,2026-02-17 20:37:13.662236+06:30,f,,{},
c6715ac1-396f-4c13-a9d6-b94f9138442b,ace6e56a-2f57-4fcb-a786-945ebd930003,earthquake,0101000020E6100000068195438B2458401904560E2D123240,3.60,low,EMSC,1793924,2025-04-12 15:08:31+06:30,2026-02-17 20:37:13.665247+06:30,f,,{},
8af745dd-1d23-45e8-b58d-8fe4021842e7,f1826c26-02c8-490f-9191-ef375649cbe8,earthquake,0101000020E61000009CC420B0722058403BDF4F8D97AE3240,3.70,low,EMSC,1793764,2025-04-12 06:49:38+06:30,2026-02-17 20:37:13.668597+06:30,f,,{},
54b39fe1-5790-4e6f-9e76-22d690df2213,5e0b4121-7e79-4b74-bffd-03b00ac6fa08,earthquake,0101000020E61000001D5A643BDF075840C520B07268113440,4.60,medium,EMSC,1793598,2025-04-11 20:47:30.12+06:30,2026-02-17 20:37:13.672948+06:30,f,,{},
3cb89d4a-af31-4835-b0d8-57e61d6c1443,3c38ac77-6078-4249-bd5c-558b8bbd9e4b,earthquake,0101000020E6100000D7A3703D0A17584039B4C876BE7F3640,3.70,low,EMSC,1793569,2025-04-11 19:03:43+06:30,2026-02-17 20:37:13.676225+06:30,f,,{},
a610ef2b-bf9b-4917-81ee-f4a245d80470,63a5aa91-d85f-475e-b5e7-be076562752e,earthquake,0101000020E610000079E92631080C58408D976E1283003440,4.50,medium,EMSC,1793541,2025-04-11 15:19:09.38+06:30,2026-02-17 20:37:13.679776+06:30,f,,{},
0930493c-acd0-4ea5-8e70-969a444e9273,975e9c40-fe9d-4e55-962a-70e3364cedd8,earthquake,0101000020E61000009B559FABAD045840FB5C6DC5FE023540,4.90,medium,EMSC,1793463,2025-04-11 11:28:56.52+06:30,2026-02-17 20:37:13.683152+06:30,f,,{},
f36fbb56-237a-47b8-a22e-fd7c9a491e30,e4d20075-4d44-4212-8ed4-931dcccb18ab,earthquake,0101000020E6100000956588635D045840D734EF3845073540,4.80,medium,EMSC,1793455,2025-04-11 10:59:29.1+06:30,2026-02-17 20:37:13.687012+06:30,f,,{},
ceb45011-6cd5-455b-876c-2fe8b9c4815d,f770d132-098f-45f0-954e-e528c4511304,earthquake,0101000020E6100000D122DBF97E0E5840A1D634EF38053340,4.60,medium,EMSC,1793431,2025-04-11 09:02:19.925+06:30,2026-02-17 20:37:13.689832+06:30,f,,{},
765a58bb-5b2d-46ca-b05b-a9955c56c0ec,d58c2ec8-3316-4338-a5cc-4d266a38fc62,earthquake,0101000020E6100000A4703D0AD7135840508D976E12833440,3.50,low,EMSC,1793424,2025-04-11 08:43:20+06:30,2026-02-17 20:37:13.693293+06:30,f,,{},
61c918ae-3807-4244-a3d8-432d46a975a8,3519fdbc-7954-4a9b-8da9-46f7d0180a17,earthquake,0101000020E6100000713D0AD7A3FC57404703780B24B83540,4.20,medium,EMSC,1793254,2025-04-10 22:47:58.886+06:30,2026-02-17 20:37:13.697272+06:30,f,,{},
e3eb7f76-f893-4f65-8a7a-18ce763787d7,7ae5b60c-698e-4f76-928d-8d6d1895dd6f,earthquake,0101000020E610000004560E2DB21D5840DBF97E6ABCF43240,3.90,low,EMSC,1793021,2025-04-10 09:23:53+06:30,2026-02-17 20:37:13.700839+06:30,f,,{},
9cabd4d5-bb21-4fea-b8bc-3f155dc14282,d51e48cd-37e3-4e27-86a1-e04fa900c468,earthquake,0101000020E6100000666666666606584077BE9F1A2F9D3640,3.50,low,EMSC,1792885,2025-04-09 23:55:35+06:30,2026-02-17 20:37:13.704922+06:30,f,,{},
9eb0cf13-1f35-4eb2-8541-e9c3ad56a858,6823ff30-3f38-417d-afc5-8f6095dc4d5a,earthquake,0101000020E61000003333333333935740F6285C8FC2753640,4.20,medium,EMSC,1792880,2025-04-09 23:45:31.1+06:30,2026-02-17 20:37:13.708222+06:30,f,,{},
7b092b30-6009-4038-965f-67e303c174b5,4fb574c4-45f8-431c-abd7-9d158890f17a,earthquake,0101000020E6100000764F1E166A0158401E166A4DF3AE3540,4.00,medium,EMSC,1792859,2025-04-09 22:29:20.561+06:30,2026-02-17 20:37:13.712366+06:30,f,,{},
b9442e0f-ee8e-4b56-91be-5b2b92ac28a2,6841eb10-1021-4ad1-b092-7b652d1e5250,earthquake,0101000020E610000007CE1951DAFB5740FD87F4DBD7713540,3.90,low,EMSC,1792842,2025-04-09 21:10:17.442+06:30,2026-02-17 20:37:13.716175+06:30,f,,{},
6ed08b33-b00f-4872-ba96-0ea7b2b92347,299a5adc-1ecf-4f7c-9fbd-6602eea55c68,earthquake,0101000020E61000006891ED7C3F0D5840F853E3A59B843640,4.00,medium,EMSC,1792768,2025-04-09 15:17:21+06:30,2026-02-17 20:37:13.720798+06:30,f,,{},
8b7a7315-2b64-4160-8a62-ac7f625c476a,1638cf52-4239-49d3-bd2c-a9fd636bf83d,earthquake,0101000020E61000004F1E166A4DFB5740F2B0506B9AC73640,4.70,medium,EMSC,1792761,2025-04-09 14:28:17.7+06:30,2026-02-17 20:37:13.724135+06:30,f,,{},
96fc8fa6-69cc-43ff-87eb-dbe3fc9c7344,7ca5ca96-cfb7-4bed-b615-ade9ef0acb32,earthquake,0101000020E61000009CC420B0721058400E2DB29DEF473540,3.60,low,EMSC,1792598,2025-04-09 04:51:48+06:30,2026-02-17 20:37:13.727763+06:30,f,,{},
5ccd8650-2db5-414b-ae46-f94ce6622e52,39682523-51b5-47ff-b9f1-4eee1a3cf267,earthquake,0101000020E61000009A999999991158402B8716D9CEB73240,3.90,low,EMSC,1792409,2025-04-08 17:05:12+06:30,2026-02-17 20:37:13.731287+06:30,f,,{},
8dee707d-17ed-42fa-ad79-7d6197b5de2f,2e83d918-d70d-4c83-9076-035ed6c3622f,earthquake,0101000020E610000096438B6CE713584004560E2DB2FD3540,3.50,low,EMSC,1792340,2025-04-08 12:42:41+06:30,2026-02-17 20:37:13.734663+06:30,f,,{},
b0758b16-89b6-44c0-8f64-0bea8476d30f,25426734-4423-452e-aafb-0fb54aa998bb,earthquake,0101000020E6100000A4703D0AD70B5840560E2DB29D0F3640,4.30,medium,EMSC,1792332,2025-04-08 11:49:06+06:30,2026-02-17 20:37:13.737443+06:30,f,,{},
f00839a0-cd9a-4694-9838-05e7de593421,b78e09d9-dfa7-4bf9-8fdb-d30d91273353,earthquake,0101000020E6100000302AA913D008584058CA32C4B10E3540,4.30,medium,EMSC,1792218,2025-04-08 04:18:24.931+06:30,2026-02-17 20:37:13.740358+06:30,f,,{},
eb759008-4bc0-490f-bf10-cf0f250b8c6f,2d2f3ab5-e262-4a14-88e4-f5462bfc9e17,earthquake,0101000020E6100000022B8716D91E5840BC74931804D63240,3.70,low,EMSC,1791958,2025-04-07 12:10:39+06:30,2026-02-17 20:37:13.744373+06:30,f,,{},
260a749f-93e9-4627-a256-fff4dd09b2b4,5e9a9e0d-106a-48f9-bf7b-44a7de480c35,earthquake,0101000020E610000012A5BDC117E2574052B81E85EBD13340,4.70,medium,USGS,us6000q5tq,2025-04-14 02:32:29.684+06:30,2026-02-17 20:37:14.149517+06:30,f,,{},
df78bb83-549e-471f-838d-18a3f5ffaba7,7e249c7b-15ac-4871-97c2-7e9eaf08e9d4,earthquake,0101000020E6100000E09C11A5BD055840423EE8D9AC3A3540,5.30,medium,USGS,us6000q5ps,2025-04-13 08:54:57.717+06:30,2026-02-17 20:37:14.159173+06:30,f,,{},
6783c5a1-a0ec-4d04-88c2-fbb2a189f532,5e0b4121-7e79-4b74-bffd-03b00ac6fa08,earthquake,0101000020E61000007D3F355EBA05584042CF66D5E7FA3340,4.40,medium,USGS,us6000q5e2,2025-04-11 20:47:30.02+06:30,2026-02-17 20:37:14.162875+06:30,f,,{},
8eb070cd-5163-4d33-bff0-e525b8b7dc27,975e9c40-fe9d-4e55-962a-70e3364cedd8,earthquake,0101000020E61000009B559FABAD045840FB5C6DC5FE023540,4.40,medium,USGS,us7000putd,2025-04-11 11:28:56.52+06:30,2026-02-17 20:37:14.16618+06:30,f,,{},
f27ec854-794f-4b41-979e-029936f87932,e4d20075-4d44-4212-8ed4-931dcccb18ab,earthquake,0101000020E6100000917EFB3A70025840F7065F984CF53440,4.70,medium,USGS,us6000q5b0,2025-04-11 10:59:28.671+06:30,2026-02-17 20:37:14.175104+06:30,f,,{},
c32f7772-7d7a-42a3-a2cc-d138834eff1d,f770d132-098f-45f0-954e-e528c4511304,earthquake,0101000020E6100000E02D90A0F81158401B2FDD2406013340,4.40,medium,USGS,us7000pus6,2025-04-11 09:02:19.883+06:30,2026-02-17 20:37:14.181658+06:30,f,,{},
e5ac6ee4-cd0d-40e5-a209-0519794ecfa4,3519fdbc-7954-4a9b-8da9-46f7d0180a17,earthquake,0101000020E6100000713D0AD7A3FC57404703780B24B83540,3.90,low,USGS,us6000q575,2025-04-10 22:47:58.886+06:30,2026-02-17 20:37:14.18953+06:30,f,,{},
a2f37e14-3403-4e81-8e44-0bffb3569a9b,4fb574c4-45f8-431c-abd7-9d158890f17a,earthquake,0101000020E61000004694F6065F005840C3D32B6519F23540,3.60,low,USGS,us6000q4xc,2025-04-09 22:29:18.014+06:30,2026-02-17 20:37:14.196256+06:30,f,,{},
439e10ba-63ab-4e97-9297-7794a874717b,6841eb10-1021-4ad1-b092-7b652d1e5250,earthquake,0101000020E610000007CE1951DAFB5740FD87F4DBD7713540,3.60,low,USGS,us6000q4x4,2025-04-09 21:10:17.442+06:30,2026-02-17 20:37:14.203692+06:30,f,,{},
30e65948-9a4e-4a9c-b303-1467af84eadd,1638cf52-4239-49d3-bd2c-a9fd636bf83d,earthquake,0101000020E61000001B0DE02D90F8574062105839B4C83640,4.60,medium,USGS,us6000q4vy,2025-04-09 14:28:17.271+06:30,2026-02-17 20:37:14.209283+06:30,f,,{},
81c8442e-5fdb-46aa-b9a4-1360497dddb8,8454c997-fca3-44be-8ac4-b36fb37cf297,earthquake,0101000020E61000001283C0CAA1FD57408A1F63EE5AA23640,4.30,medium,USGS,us7000pu8u,2025-04-08 11:49:01.212+06:30,2026-02-17 20:37:14.21509+06:30,f,,{},
3ae362fd-1643-48ec-8faa-11467730b81e,b78e09d9-dfa7-4bf9-8fdb-d30d91273353,earthquake,0101000020E61000004A7B832F4C0A5840F853E3A59B143540,4.30,medium,USGS,us6000q6tu,2025-04-08 04:18:24.098+06:30,2026-02-17 20:37:14.22154+06:30,f,,{},
8fe1a5a3-9701-4049-8983-3acbfd68d5dd,b2a7422e-b625-4e8a-aa39-02d52d8f7edd,earthquake,0101000020E6100000B0726891ED1C5840560E2DB29D0F3340,4.30,medium,EMSC,1797343,2025-04-21 03:47:50+06:30,2026-02-17 20:37:14.528183+06:30,f,,{},
ee94a108-b53c-4182-8cb7-9b66512151c6,3ec26340-a39f-4fab-8b10-df7264b2086f,earthquake,0101000020E610000075931804560E58406ABC749318843540,3.90,low,EMSC,1797144,2025-04-20 13:31:40+06:30,2026-02-17 20:37:14.538926+06:30,f,,{},
4e983771-5c7d-4110-bc30-f1c3be103bba,b64efed1-25b7-4b46-aaf4-0081bebd17b0,earthquake,0101000020E6100000E7FBA9F1D225584079E92631088C3240,4.10,medium,EMSC,1796810,2025-04-19 18:20:25+06:30,2026-02-17 20:37:14.543715+06:30,f,,{},
a7634107-7b8c-4af0-904e-e497f1586572,c1d3ff24-5850-435f-b468-c532d34d4290,earthquake,0101000020E610000014AE47E17A0C584083C0CAA145163540,4.20,medium,EMSC,1796651,2025-04-19 07:50:09+06:30,2026-02-17 20:37:14.546754+06:30,f,,{},
5cb0cde4-2191-4c16-a53f-9d00fdafa2ea,c95e6ab7-be82-497c-97d3-155a92050d3a,earthquake,0101000020E6100000068195438B085840B459F5B9DA6A3440,4.20,medium,EMSC,1796541,2025-04-19 00:31:22.255+06:30,2026-02-17 20:37:14.550067+06:30,f,,{},
653ee588-ad38-403f-b041-6771854d2caa,1670f340-3dea-4726-adb8-37567c83c8a7,earthquake,0101000020E6100000894160E5D01A5840A245B6F3FD543340,4.40,medium,EMSC,1796536,2025-04-19 00:04:06+06:30,2026-02-17 20:37:14.554578+06:30,f,,{},
66bf909b-a6fc-4c14-b332-3f8ef8bebfb0,05937901-6aec-48a5-bb1e-23acb7618a9e,earthquake,0101000020E6100000FCA9F1D24D1A58407593180456CE3540,3.60,low,EMSC,1796459,2025-04-18 19:56:34+06:30,2026-02-17 20:37:14.558502+06:30,f,,{},
1b6914d6-df22-4763-9770-510d04d2e33c,2ecdc2b0-2ed9-4ca0-bdc5-2c8c05f12a8b,earthquake,0101000020E61000001F85EB51B81E5840EE7C3F355E1A3440,3.70,low,EMSC,1796447,2025-04-18 19:09:12+06:30,2026-02-17 20:37:14.563235+06:30,f,,{},
41c1d495-aab2-410b-a6cb-fa08d9e909d2,5888d7c9-4ea1-4fdd-b651-c75002ec7840,earthquake,0101000020E6100000A69BC420B01A5840273108AC1C5A3440,3.50,low,EMSC,1796409,2025-04-18 16:10:35+06:30,2026-02-17 20:37:14.566422+06:30,f,,{},
36a9c373-29ac-4864-82b5-e2bf967d457d,99d99e9f-3973-4e36-a4a6-85e93a29fabc,earthquake,0101000020E6100000A245B6F3FD245840D9CEF753E3C53240,3.90,low,EMSC,1796253,2025-04-18 09:00:35+06:30,2026-02-17 20:37:14.570827+06:30,f,,{},
4fc2b163-6ec6-437a-8caa-9c63af608abe,aceb8f29-5212-4e4d-ac8f-8d008be71e45,earthquake,0101000020E6100000EA95B20C710458403480B74082B23640,4.10,medium,EMSC,1796132,2025-04-18 03:57:43.43+06:30,2026-02-17 20:37:14.574457+06:30,f,,{},
2b2552e4-756b-481f-b095-7f0f4da0258f,98379ca5-252e-4aec-84b0-87b0f81b95ac,earthquake,0101000020E610000088F4DBD781075840A245B6F3FD143640,4.50,medium,EMSC,1795868,2025-04-17 13:02:34.41+06:30,2026-02-17 20:37:14.578585+06:30,f,,{},
5c099e7b-8bac-4c02-be8b-7a31451fcbba,f0271831-4da0-4b60-8780-b1f467216e28,earthquake,0101000020E6100000E17A14AE4711584023DBF97E6A9C3640,3.70,low,EMSC,1795842,2025-04-17 11:24:55+06:30,2026-02-17 20:37:14.581956+06:30,f,,{},
f61408ad-28c0-4e96-a704-532208fc55e7,904e830d-1b80-42ab-bc89-c5007dfe6887,earthquake,0101000020E6100000A245B6F3FD0C5840986E1283C0AA3340,3.50,low,EMSC,1795731,2025-04-17 05:31:48+06:30,2026-02-17 20:37:14.585994+06:30,f,,{},
d6763e1b-c023-437d-822c-1bf091647ce0,fe96e3a3-449b-4ce6-b626-157090145192,earthquake,0101000020E61000007D3F355EBA0958409CC420B072283440,4.10,medium,EMSC,1795523,2025-04-16 16:57:46+06:30,2026-02-17 20:37:14.589819+06:30,f,,{},
76e40a95-bb37-40d7-90c3-84d9ebf39a28,8349e7a8-6210-4026-bfd4-1006e3c7b29a,earthquake,0101000020E6100000BD5296218E015840FBCBEEC9C3F23440,4.60,medium,EMSC,1795424,2025-04-16 11:16:23.129+06:30,2026-02-17 20:37:14.593153+06:30,f,,{},
cc352e98-70f6-4272-94a2-4491e892050f,c3d83aa0-2e60-439b-a892-7b70e85bf542,earthquake,0101000020E610000075931804561658403F355EBA49EC3240,3.70,low,EMSC,1795289,2025-04-16 01:41:58+06:30,2026-02-17 20:37:14.596875+06:30,f,,{},
b0b59f0e-ee32-4d4a-a72d-1d39a374d0ab,f923a35c-857c-4bea-bf34-1ff29f643043,earthquake,0101000020E61000003F355EBA491C5840B4C876BE9F9A3240,4.10,medium,EMSC,1795258,2025-04-15 23:54:21+06:30,2026-02-17 20:37:14.600053+06:30,f,,{},
16e0cf8b-1625-4958-a59f-96585a25433d,e49d51b5-eb3f-4a11-a499-7692060d741d,earthquake,0101000020E6100000EC51B81E85135840F0A7C64B37293440,4.00,medium,EMSC,1795139,2025-04-15 15:46:18+06:30,2026-02-17 20:37:14.605081+06:30,f,,{},
62cb523e-e1b0-4b1a-b95b-b93d1adf5377,f9176031-48de-4b71-b79f-85105313f85d,earthquake,0101000020E610000052B81E85EBF957403D0AD7A3707D2F40,3.70,low,EMSC,1795133,2025-04-15 14:05:44+06:30,2026-02-17 20:37:14.609369+06:30,f,,{},
5a05ec65-8fba-482c-b5dd-95f1ef254677,d6cd61f8-7e3c-49f9-93e5-07e0e2faebc3,earthquake,0101000020E61000008FC2F5285C175840EE7C3F355EDA3540,3.70,low,EMSC,1795134,2025-04-15 09:35:07+06:30,2026-02-17 20:37:14.613287+06:30,f,,{},
45e50707-576f-4264-98e4-8bc0da3184e8,04234c54-b75e-4cbb-8a27-b1337c9878ce,earthquake,0101000020E6100000F853E3A59B145840EE7C3F355EFA3540,3.80,low,EMSC,1794932,2025-04-15 02:16:11+06:30,2026-02-17 20:37:14.616394+06:30,f,,{},
438975ed-4d03-4a45-ab47-e79741e549f9,79f4656c-5cb4-4bf9-9fe4-4e8ab1ceb936,earthquake,0101000020E61000002DB29DEFA7165840BE9F1A2FDDC43540,3.50,low,EMSC,1794902,2025-04-15 01:08:52+06:30,2026-02-17 20:37:14.620957+06:30,f,,{},
a3aba05e-b633-4493-83e2-bad80596d218,64b2b254-45bb-4fc0-9352-4bb3901220b6,earthquake,0101000020E610000014AE47E17A8457406666666666663740,4.10,medium,EMSC,1794626,2025-04-14 11:06:47+06:30,2026-02-17 20:37:14.624528+06:30,f,,{},
36b7e415-6aaa-4539-a399-953a78bcf034,8d9fb3d6-b0f5-4b85-8971-f8f1a2923955,earthquake,0101000020E61000000C022B8716295840CBA145B6F31D3240,4.20,medium,EMSC,1794607,2025-04-14 08:24:09+06:30,2026-02-17 20:37:14.62848+06:30,f,,{},
762ae68e-5dde-4c3b-b36e-d849782cd52b,c95e6ab7-be82-497c-97d3-155a92050d3a,earthquake,0101000020E61000004703780B24085840ACADD85F766F3440,4.10,medium,USGS,us6000q72i,2025-04-19 00:31:22.215+06:30,2026-02-17 20:37:15.032459+06:30,f,,{},
c817aca0-57f2-4f6e-a2ac-cf1213afd1ed,aceb8f29-5212-4e4d-ac8f-8d008be71e45,earthquake,0101000020E610000096438B6CE70758409B559FABADA83640,4.20,medium,USGS,us6000q6w6,2025-04-18 03:57:43.108+06:30,2026-02-17 20:37:15.040166+06:30,f,,{},
fd035a60-6c91-4384-8a16-c9a760bd93b1,98379ca5-252e-4aec-84b0-87b0f81b95ac,earthquake,0101000020E610000050FC1873D706584098DD9387850A3640,4.50,medium,USGS,us6000q6pf,2025-04-17 13:02:34.457+06:30,2026-02-17 20:37:15.04429+06:30,f,,{},
e8e58dce-57d0-4aee-b188-e3a4b61e5587,8349e7a8-6210-4026-bfd4-1006e3c7b29a,earthquake,0101000020E6100000BD5296218E015840FBCBEEC9C3F23440,4.30,medium,USGS,us7000pw6m,2025-04-16 11:16:23.129+06:30,2026-02-17 20:37:15.047427+06:30,f,,{},
6e1f13a1-0002-49dd-a1a2-32af6379d123,aa270b4a-957b-478b-9b48-62e7e359cd2a,earthquake,0101000020E610000048E17A14AE875740A4703D0AD7A33840,3.60,low,EMSC,1800872,2025-04-28 02:57:29+06:30,2026-02-17 20:37:15.347646+06:30,f,,{},
7774bf12-9aa6-4051-a366-a125eb654b17,80b1e992-aa22-4f45-82d0-27227f1fd59c,earthquake,0101000020E6100000C976BE9F1A0F584023DBF97E6ADC3540,4.40,medium,EMSC,1800762,2025-04-27 22:25:26+06:30,2026-02-17 20:37:15.356635+06:30,f,,{},
a7da2bd6-97ad-49df-b667-c6383b23688c,7ee04d32-a4cb-4517-b8c1-b2bb1be1c11b,earthquake,0101000020E610000052B81E85EB1158401F85EB51B87E3540,4.00,medium,EMSC,1800294,2025-04-26 20:53:27+06:30,2026-02-17 20:37:15.360857+06:30,f,,{},
59e65725-8dfe-4b52-9fbf-997f88541ac8,633bb61a-56c6-4293-88b6-1c948bb251c5,earthquake,0101000020E6100000FA7E6ABC741B5840FA7E6ABC74133340,3.60,low,EMSC,1799828,2025-04-25 23:17:50+06:30,2026-02-17 20:37:15.36443+06:30,f,,{},
8b884d6c-86e8-49b1-a47c-b28493fc30f3,c961f5c6-b8d9-416f-8cae-654d91f8634b,earthquake,0101000020E6100000736891ED7C1F584091ED7C3F359E3540,3.50,low,EMSC,1799539,2025-04-25 13:59:26+06:30,2026-02-17 20:37:15.367468+06:30,f,,{},
ae05d9e4-3d9b-403e-9f00-74c9340fee95,b2898cca-d713-4b43-8500-39126186e451,earthquake,0101000020E61000008B6CE7FBA9A1584096438B6CE75B3340,3.80,low,EMSC,1799226,2025-04-24 21:57:10+06:30,2026-02-17 20:37:15.372277+06:30,f,,{},
1c1057a8-35a6-4da3-bd21-d2fb92a24f78,5dd7bc68-1282-4eb4-9be9-7e8127695b3d,earthquake,0101000020E6100000E17A14AE47615740AE47E17A146E3740,3.60,low,EMSC,1798798,2025-04-24 02:23:57+06:30,2026-02-17 20:37:15.375962+06:30,f,,{},
3854c589-0482-480f-ad9a-703d229eb999,83b558ea-5a93-4438-8337-b00373c09b32,earthquake,0101000020E61000009031772D21FB58400B24287E8C593A40,4.90,medium,EMSC,1798682,2025-04-23 22:39:03.98+06:30,2026-02-17 20:37:15.380369+06:30,f,,{},
9df4d9e2-036b-4f52-8203-13b23ae00868,7778649e-421e-45ea-9da5-6a4dcfe8741b,earthquake,0101000020E61000000AD7A3703DF25740AE47E17A14CE3340,3.50,low,EMSC,1798474,2025-04-23 17:49:01+06:30,2026-02-17 20:37:15.383796+06:30,f,,{},
10d3eca0-0138-4e83-a882-7e07133eae6d,53706b24-d480-474f-a22b-2a92b2c64459,earthquake,0101000020E6100000FCA9F1D24D1A5840D34D621058B93540,3.50,low,EMSC,1798367,2025-04-23 12:02:52+06:30,2026-02-17 20:37:15.387977+06:30,f,,{},
61d63726-f42e-4428-a561-ffb26e57e512,60a441f9-9728-4b4a-a252-e51dcbaea227,earthquake,0101000020E61000008FC2F5285C7F5740F6285C8FC2753740,4.00,medium,EMSC,1798118,2025-04-22 21:59:01+06:30,2026-02-17 20:37:15.391812+06:30,f,,{},
1806cfde-ba1c-4871-8825-bce44e15ed38,5af2ea81-7be5-49a4-bc96-63efe07293e6,earthquake,0101000020E61000006891ED7C3F5D5840A69BC420B0D23440,4.20,medium,EMSC,1798063,2025-04-22 19:45:10+06:30,2026-02-17 20:37:15.39666+06:30,f,,{},
2b9040ab-d05a-433d-b116-88040fa6621f,2015bcb0-38ce-45d0-b460-b3f579af9bf0,earthquake,0101000020E61000006F1283C0CA115840EC51B81E85EB3540,3.60,low,EMSC,1797928,2025-04-22 12:39:46+06:30,2026-02-17 20:37:15.400431+06:30,f,,{},
6d7240cf-8764-4720-8388-a5a4e0548fc6,d13e51e9-e646-4f7e-8263-6beefa6469e6,earthquake,0101000020E61000008FC2F5285C0F584054E3A59BC4603540,3.80,low,EMSC,1797562,2025-04-21 17:15:48+06:30,2026-02-17 20:37:15.405219+06:30,f,,{},
991bfba7-586d-49d4-a0f0-a08fa6021c47,33db090c-5c8a-41ee-a6de-be15ac6cb794,earthquake,0101000020E6100000F6285C8FC21D5840DBF97E6ABC143640,3.90,low,EMSC,1797472,2025-04-21 11:28:16+06:30,2026-02-17 20:37:15.408815+06:30,f,,{},
40123d73-090f-4ee2-86fd-bc283de1f2ed,83b558ea-5a93-4438-8337-b00373c09b32,earthquake,0101000020E61000003D9B559FAB015940ED0DBE30996A3A40,4.90,medium,USGS,us7000puj0,2025-04-23 22:39:01.885+06:30,2026-02-17 20:37:15.813916+06:30,f,,{},
5a406b04-87a2-460c-a000-f39cce322956,091fb9c5-6063-47f0-9cdb-9da44c702e90,earthquake,0101000020E6100000917EFB3A70EA574022FDF675E0FC3640,4.40,medium,EMSC,1804322,2025-05-05 06:03:17.49+06:30,2026-02-17 20:37:16.114525+06:30,f,,{},
387cbf1a-f71e-4762-8020-667a8b0c7b8b,70a2d7b9-877e-4ca4-9796-16c1e7de31d5,earthquake,0101000020E610000052B81E85EB115840F6285C8FC2F53540,4.00,medium,EMSC,1803105,2025-05-02 17:34:04+06:30,2026-02-17 20:37:16.123556+06:30,f,,{},
2d84a43b-339c-416f-ba61-fcc38bedcd92,4d96027e-c972-4df4-bb81-a68dcd828936,earthquake,0101000020E610000046B6F3FDD4185840E9263108ACDC3540,3.90,low,EMSC,1802942,2025-05-02 08:23:00+06:30,2026-02-17 20:37:16.127637+06:30,f,,{},
20c450ee-7345-4217-830a-0bcda6b5c50c,052d9458-fde4-4323-8c38-a659e4e238a3,earthquake,0101000020E6100000B0726891ED1458403BDF4F8D970E3640,3.60,low,EMSC,1802254,2025-04-30 21:55:00+06:30,2026-02-17 20:37:16.13067+06:30,f,,{},
4be7eba5-a749-4441-b1d9-958486af8941,b5fce405-3b18-46d9-8bad-a349c7db5cb1,earthquake,0101000020E6100000C976BE9F1A175840EC51B81E85CB3540,4.00,medium,EMSC,1802192,2025-04-30 19:04:18+06:30,2026-02-17 20:37:16.133615+06:30,f,,{},
a1da0ff8-9eea-49eb-86c6-c88d22e464af,fd20038b-70b7-4020-ae19-62405a3058ee,earthquake,0101000020E6100000D9CEF753E3755840CFF753E3A55B3640,3.50,low,EMSC,1801318,2025-04-28 22:18:36+06:30,2026-02-17 20:37:16.138425+06:30,f,,{},
63c5ae7d-24f7-4f16-9268-f05c22bb0051,7d7c9463-d449-485a-88fc-e814f77e562c,earthquake,0101000020E6100000E71DA7E84822574099BB96900F1A2A40,4.60,medium,EMSC,1801043,2025-04-28 10:09:29.5+06:30,2026-02-17 20:37:16.141798+06:30,f,,{},
1e639793-8013-4c9e-b193-896bccff60aa,e4314e7a-6ad0-4e73-9000-598ef94c7fec,earthquake,0101000020E6100000CDCCCCCCCC04584064CC5D4BC8673340,4.40,medium,EMSC,1800975,2025-04-28 07:58:00.43+06:30,2026-02-17 20:37:16.146322+06:30,f,,{},
7b39c918-d1d8-4df7-a548-1400cab4c2b1,091fb9c5-6063-47f0-9cdb-9da44c702e90,earthquake,0101000020E6100000EE7C3F355EF25740705F07CE19C13640,4.40,medium,USGS,us7000px5u,2025-05-05 06:03:15.714+06:30,2026-02-17 20:37:16.548522+06:30,f,,{},
1bca41ea-e181-4a3c-80e5-75f583b60eb9,be2a387f-f7a6-4bb8-8b80-db3dfebc0036,earthquake,0101000020E61000006B9A779CA2F35740091B9E5E29FB3640,4.20,medium,USGS,us7000pzd6,2025-04-29 15:13:51.09+06:30,2026-02-17 20:37:16.558792+06:30,f,,{},
a26700c3-19b0-44b1-a435-64cec1ba0dd9,7d7c9463-d449-485a-88fc-e814f77e562c,earthquake,0101000020E6100000849ECDAACF215740F697DD9387252A40,4.60,medium,USGS,us7000pvhl,2025-04-28 10:09:25.294+06:30,2026-02-17 20:37:16.562759+06:30,f,,{},
eba2ce05-6dd1-4996-bdf3-d9eed7d71381,e4314e7a-6ad0-4e73-9000-598ef94c7fec,earthquake,0101000020E6100000C05B2041F1075840EC2FBB270F5B3340,4.50,medium,USGS,us7000pvha,2025-04-28 07:57:59.27+06:30,2026-02-17 20:37:16.56587+06:30,f,,{},
dbad5b23-312b-47ac-87fd-69ca415b07ad,b574530e-3eeb-4f31-b237-5a05de85921e,earthquake,0101000020E6100000DD240681951358406666666666063440,4.00,medium,EMSC,1807159,2025-05-12 06:12:40+06:30,2026-02-17 20:37:16.857421+06:30,f,,{},
0361f7e8-c974-4d88-807e-0866b40191ea,3b31986b-f646-4caa-a354-618beafe47c8,earthquake,0101000020E6100000D7A3703D0A8F58409A99999999593440,4.00,medium,EMSC,1806624,2025-05-10 18:59:29+06:30,2026-02-17 20:37:16.865836+06:30,f,,{},
d5a9689c-64eb-4316-ba11-166615415bba,865b31f5-18d7-425b-83a9-9a2196978b7a,earthquake,0101000020E6100000FED478E9261958401F85EB51B89E3540,3.70,low,EMSC,1806613,2025-05-10 18:07:07+06:30,2026-02-17 20:37:16.869344+06:30,f,,{},
dd2a7470-5362-4f4b-9d75-1ff320641b77,74d3951b-b64b-4e1e-80a6-c5029ebb45bc,earthquake,0101000020E6100000E5D022DBF9065840D7A3703D0A173240,3.80,low,EMSC,1806554,2025-05-10 12:43:41+06:30,2026-02-17 20:37:16.872433+06:30,f,,{},
ee9878af-a346-4369-b68e-b832025e4957,1cd3d6e8-5528-40cd-96b5-6824b5df066c,earthquake,0101000020E6100000D7A3703D0AA757405C8FC2F5285C3C40,3.60,low,EMSC,1806334,2025-05-09 20:58:08+06:30,2026-02-17 20:37:16.875506+06:30,f,,{},
ccc1fbb3-18f3-4064-a5c3-4f3a39e8848a,3e342f69-f035-49de-872b-56b721d8b043,earthquake,0101000020E6100000C3F5285C8FD2574085EB51B81EC53840,4.30,medium,EMSC,1806307,2025-05-09 20:07:59+06:30,2026-02-17 20:37:16.879848+06:30,f,,{},
7b057882-4679-42e8-b4bf-7fd309826830,39e65bee-84cd-40f4-b031-01e34b5d4e4f,earthquake,0101000020E6100000ADFA5C6DC50258408F53742497DF3440,4.40,medium,EMSC,1806246,2025-05-09 15:07:30.35+06:30,2026-02-17 20:37:16.883555+06:30,f,,{},
f50c81dc-1348-4df8-b4e1-6dc60e200928,d21970cc-7fec-498a-989e-2e661648166d,earthquake,0101000020E610000054E3A59BC41858401283C0CAA1053640,3.60,low,EMSC,1806247,2025-05-09 15:02:35+06:30,2026-02-17 20:37:16.887376+06:30,f,,{},
2eaebb04-203f-4768-bbd4-278537965dc8,495f8d67-cf78-44c6-8563-877f52f0b7cb,earthquake,0101000020E610000037894160E5305840BE9F1A2FDD243240,4.20,medium,EMSC,1806105,2025-05-09 07:18:09+06:30,2026-02-17 20:37:16.89128+06:30,f,,{},
3a3e25c9-9f44-46c6-8acf-b11e32892032,a00eb4c6-c26b-4e6a-bc76-f8a9d235318e,earthquake,0101000020E61000003D0AD7A3707D5740713D0AD7A3303840,3.60,low,EMSC,1805958,2025-05-08 23:11:33+06:30,2026-02-17 20:37:16.895646+06:30,f,,{},
f3fae251-50f9-40bc-9fb0-238c18ceea51,97e89061-db42-4e15-b2b7-60d91a426534,earthquake,0101000020E61000003333333333835740AE47E17A142E3740,3.60,low,EMSC,1805895,2025-05-08 20:36:07+06:30,2026-02-17 20:37:16.89892+06:30,f,,{},
ae565c9b-0512-4283-94b5-ba4d1a576168,14aaf21b-7317-450b-ba8f-00b6f2e7f0e5,earthquake,0101000020E6100000B0726891ED0C5840560E2DB29D8F3540,4.10,medium,EMSC,1805781,2025-05-08 14:08:44+06:30,2026-02-17 20:37:16.903536+06:30,f,,{},
8e9217e6-fcf7-4754-af10-8ceb8dc15cd9,5053893d-a8cf-4bb3-8cec-378becd13a89,earthquake,0101000020E6100000A4703D0AD7A3574085EB51B81E453C40,3.50,low,EMSC,1805776,2025-05-08 13:46:31+06:30,2026-02-17 20:37:16.906818+06:30,f,,{},
1751c314-500a-4a43-baa1-88274e533dda,6fb77058-366d-49e1-87e8-d8abd2c97453,earthquake,0101000020E6100000F853E3A59B245840C3F5285C8FA23240,4.00,medium,EMSC,1805382,2025-05-07 14:05:25+06:30,2026-02-17 20:37:16.911723+06:30,f,,{},
4c5eaa10-6212-48dd-9b75-52398b0af29c,6fb77058-366d-49e1-87e8-d8abd2c97453,earthquake,0101000020E61000008FC2F5285C1758408FC2F5285CAF3240,3.90,low,EMSC,1805379,2025-05-07 13:57:48+06:30,2026-02-17 20:37:16.915419+06:30,f,,{},
3dec01b6-040a-4630-93cf-694171361a4e,08372aff-2bd8-4ef7-aee6-345a90958c43,earthquake,0101000020E61000003333333333735840DBF97E6ABC143440,3.50,low,EMSC,1805214,2025-05-07 04:51:19+06:30,2026-02-17 20:37:16.919598+06:30,f,,{},
083bc428-5171-4198-a6e4-c2341abbceb9,1d0716f6-f7c4-4b0e-8a5d-3c053fe212c1,earthquake,0101000020E61000005839B4C876165840BC74931804B63540,4.40,medium,EMSC,1805169,2025-05-07 01:26:34+06:30,2026-02-17 20:37:16.923375+06:30,f,,{},
565acdab-9ace-46b3-8d56-09e1f96273da,81237f1e-174b-448c-b885-51b95fa07ed7,earthquake,0101000020E6100000FA7E6ABC741358403108AC1C5A243140,3.70,low,EMSC,1805131,2025-05-06 22:55:40+06:30,2026-02-17 20:37:16.927831+06:30,f,,{},
fe574245-482f-45fb-adef-3966cca68a40,4493f6ea-6f84-4063-9726-052b4f9d1324,earthquake,0101000020E6100000AE47E17A141E58403D0AD7A370FD3A40,3.50,low,EMSC,1804633,2025-05-05 21:30:58+06:30,2026-02-17 20:37:16.93123+06:30,f,,{},
dbe82d15-393d-4f2e-9701-1f0a1fb7ceb3,855ffb88-4d22-49f7-9522-13d0184880e6,earthquake,0101000020E6100000D7A3703D0AB7574014AE47E17A943840,3.70,low,EMSC,1804354,2025-05-05 07:41:55+06:30,2026-02-17 20:37:16.934552+06:30,f,,{},
fd8aef62-713f-4e8c-a54e-8d58c9eca0bb,39e65bee-84cd-40f4-b031-01e34b5d4e4f,earthquake,0101000020E6100000C66D3480B7FC57406A4DF38E53C43440,4.50,medium,USGS,us7000py69,2025-05-09 15:07:30.433+06:30,2026-02-17 20:37:17.339878+06:30,f,,{},
f402079a-b8bb-489c-97d3-f0194b9af072,faddb812-f98b-44c5-bfed-82f7181b5aa4,earthquake,0101000020E6100000933A014D84595740F6285C8FC2153340,5.10,medium,EMSC,1809743,2025-05-19 01:45:21.33+06:30,2026-02-17 20:37:17.643532+06:30,f,,{},
f8b39d3d-7768-4348-8012-1aaeb19f72a1,04284926-4ba5-48e1-a8e7-2011f8848ac1,earthquake,0101000020E6100000E7FBA9F1D22D58406666666666063640,3.80,low,EMSC,1809642,2025-05-18 17:48:34+06:30,2026-02-17 20:37:17.65444+06:30,f,,{},
80cc17bf-64e5-4d25-822d-5b637dd6a8bf,9f2d135c-a386-4c86-a043-9b0a6a294e3a,earthquake,0101000020E61000000612143FC60058402AA913D044683540,5.10,medium,EMSC,1809348,2025-05-17 22:24:47.67+06:30,2026-02-17 20:37:17.658354+06:30,f,,{},
d5354b06-560d-4d1b-a5fb-ea4a1e90e9b5,a17a2012-c67d-409e-8fa8-982a86c99e68,earthquake,0101000020E6100000AC1C5A643B175840A8C64B3789A13640,3.80,low,EMSC,1809161,2025-05-17 10:25:18+06:30,2026-02-17 20:37:17.662022+06:30,f,,{},
e6a7bb20-15f2-40b0-87ed-b2f3fcce6e90,e61e7935-9060-4be7-813b-80df7e8429f9,earthquake,0101000020E61000001F85EB51B8DE57400AD7A3703D0A3A40,3.50,low,EMSC,1808812,2025-05-16 11:53:59+06:30,2026-02-17 20:37:17.665036+06:30,f,,{},
8e1082ae-8291-41ce-a519-d4e83b6c295f,d7333faf-f57d-47a4-9875-aeda8df9fc16,earthquake,0101000020E6100000D93D7958A889584064CC5D4BC8273940,4.60,medium,EMSC,1808760,2025-05-16 07:30:09.24+06:30,2026-02-17 20:37:17.668355+06:30,f,,{},
cbe4a80d-90f5-4933-a1d7-de128fae3269,ef50824d-af71-4ca2-aa8e-c1b2b1de2566,earthquake,0101000020E6100000B6F3FDD478315840C3F5285C8FE23540,3.90,low,EMSC,1808493,2025-05-15 13:48:45+06:30,2026-02-17 20:37:17.672778+06:30,f,,{},
99654042-9385-4683-b8fd-e594dea1e9b9,e04a50d4-5ad3-4cbc-8c23-e64ee6c1773f,earthquake,0101000020E61000003333333333B357400AD7A3703D0A3940,3.90,low,EMSC,1808162,2025-05-14 17:00:51+06:30,2026-02-17 20:37:17.676186+06:30,f,,{},
8476f2cd-c63c-448c-95f2-53d8f22bf436,ade20b30-d17b-4160-9693-5804515694ea,earthquake,0101000020E61000008716D9CEF71B584060E5D022DB193640,4.00,medium,EMSC,1808139,2025-05-14 15:37:38+06:30,2026-02-17 20:37:17.680484+06:30,f,,{},
eac59bb4-0386-4071-ad54-640e6a323a4d,9f184434-8c84-42fd-8b21-f72c475056bd,earthquake,0101000020E61000003D0AD7A3700D5840986E1283C0AA3340,3.60,low,EMSC,1807982,2025-05-14 05:15:46+06:30,2026-02-17 20:37:17.684301+06:30,f,,{},
adb8b3a1-18f5-48cb-bd81-cd27467965bf,4e7880fa-77b1-4b86-99b6-653e2a7d9fe3,earthquake,0101000020E610000077BE9F1A2F155840448B6CE7FBC93540,3.50,low,EMSC,1807943,2025-05-14 02:51:26+06:30,2026-02-17 20:37:17.688514+06:30,f,,{},
6ae73264-c071-489b-9b14-cd6831ca9841,4757538e-7ebd-4426-8d4e-bf674e3bd83f,earthquake,0101000020E610000096438B6CE7135840A4703D0AD7233640,3.90,low,EMSC,1807718,2025-05-13 13:11:55+06:30,2026-02-17 20:37:17.691833+06:30,f,,{},
d9374331-976b-40e5-a88d-e65aa53e4ac8,6b38a76f-79a5-46c5-9d1f-82e432709d0f,earthquake,0101000020E6100000B4C876BE9F1A58408B6CE7FBA9D13540,3.80,low,EMSC,1807580,2025-05-13 05:51:57+06:30,2026-02-17 20:37:17.696746+06:30,f,,{},
8fac1627-c113-4738-bdb4-6538d8b8ff56,c42d9b63-5714-4a18-8785-88fd3b4ed1be,earthquake,0101000020E6100000D122DBF97E1258407B14AE47E1BA3540,3.90,low,EMSC,1807493,2025-05-13 00:54:28+06:30,2026-02-17 20:37:17.700414+06:30,f,,{},
abb0d32f-e70b-4a5f-9776-e1d5ab3e7785,167923e0-6c46-4aac-afb8-26981acd1437,earthquake,0101000020E6100000C976BE9F1A175840DBF97E6ABCF43440,3.80,low,EMSC,1807218,2025-05-12 09:50:27+06:30,2026-02-17 20:37:17.705001+06:30,f,,{},
c3530a02-03ef-4f7b-b7f1-95e55c3918dc,faddb812-f98b-44c5-bfed-82f7181b5aa4,earthquake,0101000020E6100000736891ED7C5357400E2DB29DEF073340,4.90,medium,USGS,us7000q025,2025-05-19 01:45:21.246+06:30,2026-02-17 20:37:18.281754+06:30,f,,{},
79648b52-33a6-43e6-b542-e1beaec4a445,9f2d135c-a386-4c86-a043-9b0a6a294e3a,earthquake,0101000020E6100000A4DFBE0E9C035840CF66D5E76A6B3540,5.10,medium,USGS,us7000pzv3,2025-05-17 22:24:47.188+06:30,2026-02-17 20:37:18.288134+06:30,f,,{},
4b1b964f-9a9e-4d6e-be34-9880d2178f99,d7333faf-f57d-47a4-9875-aeda8df9fc16,earthquake,0101000020E61000007A36AB3E578B584022FDF675E01C3940,4.60,medium,USGS,us7000pzi1,2025-05-16 07:30:08.958+06:30,2026-02-17 20:37:18.291718+06:30,f,,{},
734343d4-64e9-4e45-ba41-a022acf8dcbc,a379558a-7eb0-4bf8-8226-89f1b8b6abdb,earthquake,0101000020E6100000DAACFA5C6DB95740787AA52C43AC3840,4.40,medium,USGS,us6000qgly,2025-05-14 17:00:41.591+06:30,2026-02-17 20:37:18.294868+06:30,f,,{},
cfa86c36-2135-4b3e-b366-e0071312b546,8ceb087a-033e-4bdc-8fa4-a8fd222170c1,earthquake,0101000020E61000005C8FC2F5289C5740F6285C8FC2353840,3.70,low,EMSC,1812698,2025-05-26 04:19:44+06:30,2026-02-17 20:37:18.590064+06:30,f,,{},
f9e0009e-2138-4a8c-9638-bd9b2668bcb0,e3e613c1-d3dd-41fd-ad01-1a55a291b3dc,earthquake,0101000020E6100000A4703D0AD71358403333333333733A40,3.50,low,EMSC,1812680,2025-05-26 02:35:19+06:30,2026-02-17 20:37:18.60038+06:30,f,,{},
186866b4-6043-4809-bbb4-912c597c50bf,f192bbb4-0467-40bf-a507-290aefe7a118,earthquake,0101000020E6100000894160E5D0125840E5D022DBF9BE3540,4.10,medium,EMSC,1812357,2025-05-25 05:52:31+06:30,2026-02-17 20:37:18.604334+06:30,f,,{},
f43ff0d5-fcfc-4853-a58a-25b975445a1a,1e129cbc-915d-4222-a26c-0208ea35f7fb,earthquake,0101000020E610000008AC1C5A640B58400AD7A3703D8A3640,4.20,medium,EMSC,1812095,2025-05-24 09:38:32+06:30,2026-02-17 20:37:18.607702+06:30,f,,{},
89975cb9-8180-4d98-a335-5ad5e403164d,4b740a38-8edf-4b26-bba7-fe04c3c1f150,earthquake,0101000020E61000007B14AE47E17A57403D0AD7A3703D3740,4.00,medium,EMSC,1811959,2025-05-24 01:28:58+06:30,2026-02-17 20:37:18.612297+06:30,f,,{},
b1d8816d-2fe9-4d7d-85b0-560f71a516c4,3b9ded87-fb4e-4431-8a95-0a8a45435a3a,earthquake,0101000020E6100000931804560E055840B29DEFA7C6AB3540,3.60,low,EMSC,1811750,2025-05-23 14:00:54+06:30,2026-02-17 20:37:18.616077+06:30,f,,{},
eb1a348a-9a8e-4686-ae72-4b7d99a91f11,49128c49-d8a6-4ea9-abd2-c304f73b9d2c,earthquake,0101000020E610000048E17A14AE275840713D0AD7A3B03A40,3.50,low,EMSC,1811669,2025-05-23 06:37:03+06:30,2026-02-17 20:37:18.620766+06:30,f,,{},
f95ecb84-3cf5-4594-93eb-21e1edc670c0,a08a097a-1a52-4ab9-933c-9167639b7e81,earthquake,0101000020E6100000FED478E926295840FA7E6ABC74D33540,3.50,low,EMSC,1811627,2025-05-23 06:29:06+06:30,2026-02-17 20:37:18.624653+06:30,f,,{},
be221112-82c6-4f43-938d-ae3c3da54d87,2cb31a76-92a2-44f0-8804-bc4a3a400121,earthquake,0101000020E610000060E5D022DB11584046B6F3FDD4983540,3.50,low,EMSC,1811170,2025-05-22 03:59:42+06:30,2026-02-17 20:37:18.628116+06:30,f,,{},
f7e0bd83-16ee-43c8-9676-f3581bee05c8,6d4bd095-4fc2-42df-9208-7a500a9f36b1,earthquake,0101000020E610000060E5D022DB11584079E92631088C3540,3.70,low,EMSC,1811083,2025-05-21 23:18:30+06:30,2026-02-17 20:37:18.631132+06:30,f,,{},
f650f27c-6287-48be-8ee2-c9e420c64469,1e96e34c-ec19-446e-8d53-5495ddcb6296,earthquake,0101000020E6100000AE47E17A147E5740A4703D0AD7E33640,3.60,low,EMSC,1811069,2025-05-21 22:27:59+06:30,2026-02-17 20:37:18.634525+06:30,f,,{},
c2aa65e6-1af6-47b5-a243-d4b17ba7f4c7,70047253-3b50-4e20-b458-f8d8160b9a23,earthquake,0101000020E6100000F775E09C11FD574063EE5A423E083540,3.80,low,EMSC,1810990,2025-05-21 18:26:30.184+06:30,2026-02-17 20:37:18.639301+06:30,f,,{},
180bab34-d779-4d32-a869-ac2c509d1306,5066f46d-0a52-41b4-ad21-780989e265f5,earthquake,0101000020E6100000986E1283C00A58403108AC1C5A243440,3.90,low,EMSC,1810520,2025-05-20 10:26:11+06:30,2026-02-17 20:37:18.642628+06:30,f,,{},
06d54792-8120-4f25-8fd9-1063038f6a60,fdb15b82-9cb6-4840-b741-c10846b10b95,earthquake,0101000020E61000001904560E2DA257404BEA043411C63640,4.10,medium,USGS,us6000qi7n,2025-05-24 01:28:54.833+06:30,2026-02-17 20:37:19.216458+06:30,f,,{},
ac9479db-616e-415f-b426-856734a3ab81,b7debe9d-cce4-4e2b-b3ec-04d9de708a87,earthquake,0101000020E6100000D7A3703D0A67574014AE47E17A143840,3.50,low,EMSC,1815422,2025-06-02 03:55:39+06:30,2026-02-17 20:37:19.501305+06:30,f,,{},
86cdc4b1-8e63-4caa-bae7-fc50fb588edc,e796700b-930b-4269-a4ff-a4d79851600c,earthquake,0101000020E61000003333333333835840CFF753E3A57B3440,3.70,low,EMSC,1815253,2025-06-01 17:16:25+06:30,2026-02-17 20:37:19.511109+06:30,f,,{},
dc12b9eb-67d5-4cba-aef0-050f83098264,60f58ad9-c914-4ad1-8073-fb4286aaef75,earthquake,0101000020E6100000BC74931804465940D122DBF97E4A3640,4.40,medium,EMSC,1815220,2025-06-01 14:18:42+06:30,2026-02-17 20:37:19.514686+06:30,f,,{},
0731df93-eca0-4f5b-9cd5-6e3757922379,374889d3-2ac7-44ab-b7eb-2b11503ab072,earthquake,0101000020E6100000F0A7C64B3781584060E5D022DB393440,3.90,low,EMSC,1815096,2025-06-01 06:37:01+06:30,2026-02-17 20:37:19.518369+06:30,f,,{},
dab7865f-5d4b-4da0-80ef-9703b7e294d8,98862dd7-4582-4471-b033-a1f876a12d1b,earthquake,0101000020E6100000FED478E926095840D122DBF97E6A3640,3.60,low,EMSC,1814647,2025-05-31 01:04:50+06:30,2026-02-17 20:37:19.522331+06:30,f,,{},
7d58d2b2-0021-48af-b096-0d9e8490f8d6,058fa0a1-e121-4996-97fb-e8444d45367a,earthquake,0101000020E610000091ED7C3F35165840B6F3FDD478693640,3.50,low,EMSC,1814641,2025-05-31 00:44:20+06:30,2026-02-17 20:37:19.526342+06:30,f,,{},
db4eb865-fed2-41a7-88a3-1473d9b57177,5d6bdbbf-d89f-4c8a-bdcc-1d3abe0896eb,earthquake,0101000020E6100000D122DBF97E4A584048E17A14AEC73440,4.40,medium,EMSC,1814461,2025-05-30 14:13:29+06:30,2026-02-17 20:37:19.530692+06:30,f,,{},
9d7a9984-18ba-47c3-9578-249e89f7fc34,3a45dd1a-5e6b-4dd6-bb3a-1266d684b2c5,earthquake,0101000020E610000048E17A14AE1F5840B29DEFA7C60B3340,3.90,low,EMSC,1814335,2025-05-30 07:10:16+06:30,2026-02-17 20:37:19.533931+06:30,f,,{},
6bb73fe4-19a6-4f32-96dc-42e748af3ed0,75ac423a-406b-4cd0-8d37-764b6c142431,earthquake,0101000020E6100000BE9F1A2FDD0C58406891ED7C3FF53440,3.70,low,EMSC,1814301,2025-05-30 05:13:52+06:30,2026-02-17 20:37:19.537975+06:30,f,,{},
67e967b1-e57f-4b22-9e4d-be86f9bd4201,0262883b-d03c-463b-9805-7b8745ac1d9e,earthquake,0101000020E610000004560E2DB2155840894160E5D0C23540,3.50,low,EMSC,1814257,2025-05-30 02:57:42+06:30,2026-02-17 20:37:19.541426+06:30,f,,{},
b453b318-bd5d-473f-992f-c9a65c0652ea,772d34db-0f03-4323-946c-ae78c4cc6d95,earthquake,0101000020E61000003E7958A835B55740F6285C8FC2353740,4.30,medium,EMSC,1813865,2025-05-29 06:32:05.64+06:30,2026-02-17 20:37:19.545405+06:30,f,,{},
034c9c19-b83c-4b8f-adb7-b3ba35e36212,ad85b81e-ab3c-4f87-b4c4-38395f329335,earthquake,0101000020E610000052B81E85EB7157401F85EB51B85E3840,3.70,low,EMSC,1813859,2025-05-29 05:11:28+06:30,2026-02-17 20:37:19.549822+06:30,f,,{},
dcf56844-5696-485e-bbc5-50669df3fe10,e9f05be8-ee56-4a99-8cd0-ba3a6ead8031,earthquake,0101000020E6100000C520B072689958400C022B8716793440,4.00,medium,EMSC,1813587,2025-05-28 14:28:10+06:30,2026-02-17 20:37:19.554058+06:30,f,,{},
2ea8f37b-7aea-495d-9fe2-5cc6fa20c5a0,078d9b9c-7b3f-4760-8cfb-0c60917a6189,earthquake,0101000020E6100000CDCCCCCCCC6C5740CDCCCCCCCC8C3840,3.90,low,EMSC,1813528,2025-05-28 11:23:55+06:30,2026-02-17 20:37:19.557614+06:30,f,,{},
b20f0de7-ac52-40da-a148-1e08c1fc4ecd,618393c3-e8ad-4a3b-b863-51a209522bdd,earthquake,0101000020E6100000A835CD3B4E7957404260E5D0226B3840,5.20,medium,EMSC,1813388,2025-05-28 02:54:29.14+06:30,2026-02-17 20:37:19.562531+06:30,f,,{},
891c68fe-3160-4293-bf9d-f709fac82756,f39fea84-9686-4a11-833a-834d759a19a9,earthquake,0101000020E6100000295C8FC2F520584085EB51B81E253340,3.90,low,EMSC,1813345,2025-05-27 23:34:36+06:30,2026-02-17 20:37:19.565794+06:30,f,,{},
2e42e546-59a6-4fab-8352-9cee078eb93c,5c1fa2cd-78a2-4a92-875c-dcb4d765ac3e,earthquake,0101000020E61000006891ED7C3FBD5740D7A3703D0A373540,3.80,low,EMSC,1813327,2025-05-27 22:42:27+06:30,2026-02-17 20:37:19.569179+06:30,f,,{},
18dc67e0-0b25-4624-9a0c-a72fdc7b62be,d6de999e-ae1f-4204-9606-1aebc14bcd2e,earthquake,0101000020E6100000A245B6F3FD045840F0A7C64B37293540,3.70,low,EMSC,1813296,2025-05-27 20:42:42+06:30,2026-02-17 20:37:19.57198+06:30,f,,{},
9e242b6b-51fd-4ee4-9f9d-7f1bf3e24f31,1a9dce99-8cea-48f8-a5a6-6d3d7334f725,earthquake,0101000020E61000005839B4C8761E584052B81E85EB913440,4.30,medium,EMSC,1813219,2025-05-27 17:54:42+06:30,2026-02-17 20:37:19.575211+06:30,f,,{},
cc9bd26a-b578-4bdf-a3aa-d4e4e1e972dd,8bfcb61b-7f40-40a3-9fae-262d71124c9c,earthquake,0101000020E61000004260E5D0220B58401B2FDD2406413640,4.30,medium,EMSC,1813056,2025-05-27 04:44:00+06:30,2026-02-17 20:37:19.579819+06:30,f,,{},
39bdb082-3aad-4bf8-a0b3-ac50e6722a3c,b3fe462b-cc50-45c2-93b4-4c0201a706a7,earthquake,0101000020E6100000355EBA490C0A5840560E2DB29D8F3640,3.50,low,EMSC,1813039,2025-05-27 01:42:48+06:30,2026-02-17 20:37:19.583405+06:30,f,,{},
ef64e23c-8282-4b81-93bb-30e467aaa7ea,60f58ad9-c914-4ad1-8073-fb4286aaef75,earthquake,0101000020E6100000B3EA73B5154B59409CC420B072483640,4.10,medium,USGS,us6000qku6,2025-06-01 14:18:42.031+06:30,2026-02-17 20:37:20.297793+06:30,f,,{},
7dea7716-bfca-4057-a89c-3cb5d0d4d59a,5d6bdbbf-d89f-4c8a-bdcc-1d3abe0896eb,earthquake,0101000020E610000096218E75713B58406C09F9A067C33440,4.20,medium,USGS,us6000qk3p,2025-05-30 14:13:27.675+06:30,2026-02-17 20:37:20.307884+06:30,f,,{},
b685ab6e-22ba-4254-8ad7-1e192a7266f4,772d34db-0f03-4323-946c-ae78c4cc6d95,earthquake,0101000020E6100000499D8026C2B25740D656EC2FBB273740,4.30,medium,USGS,us6000qgji,2025-05-29 06:32:05.485+06:30,2026-02-17 20:37:20.311845+06:30,f,,{},
bb370e3c-669f-4520-954c-3ca862f4a904,2b118049-0c8e-47af-82b0-08ced9a5cfa3,earthquake,0101000020E6100000D3DEE00B93995740D26F5F07CE493840,4.20,medium,USGS,us6000qju8,2025-05-28 11:23:53.928+06:30,2026-02-17 20:37:20.314824+06:30,f,,{},
e3ecac50-850b-4639-8cb0-c55ea27e68c6,618393c3-e8ad-4a3b-b863-51a209522bdd,earthquake,0101000020E6100000B515FBCBEE7557408A1F63EE5A723840,5.10,medium,USGS,us6000qg9r,2025-05-28 02:54:28.119+06:30,2026-02-17 20:37:20.317885+06:30,f,,{},
d7073b4a-61e8-4e1d-901f-579f88d7aa82,5c1fa2cd-78a2-4a92-875c-dcb4d765ac3e,earthquake,0101000020E610000071AC8BDB68B8574055C1A8A44E403540,4.00,medium,USGS,us6000qjnr,2025-05-27 22:42:28.373+06:30,2026-02-17 20:37:20.322129+06:30,f,,{},
e580882e-1122-481a-a195-cf439ccbd720,9d73cdec-2b55-4bd1-9a9b-8ecd9c9c5640,earthquake,0101000020E6100000992A1895D4F957404D158C4AEAB43440,4.30,medium,USGS,us6000qjnc,2025-05-27 17:54:36.29+06:30,2026-02-17 20:37:20.326149+06:30,f,,{},
6b1e740d-29f7-4845-ac51-c84f4c0c32ef,94402c12-aadf-4a07-8ba6-9690190e1116,earthquake,0101000020E6100000D578E92631085840FDF675E09CA13640,4.10,medium,USGS,us6000qjkt,2025-05-27 04:43:55.884+06:30,2026-02-17 20:37:20.330098+06:30,f,,{},
367283d9-41ac-44c2-ad02-83d98d00d756,66689e03-99b3-48a6-bad9-9c780330b510,earthquake,0101000020E6100000D7A3703D0A1758406666666666E63940,4.10,medium,EMSC,1817535,2025-06-06 21:43:37+06:30,2026-02-17 20:37:20.622858+06:30,f,,{},
6b647c65-3262-4d16-b154-ee26e6815492,bd48bfd9-2ea5-4ea5-8f5c-f34383ad8801,earthquake,0101000020E61000000E2DB29DEF175840AAF1D24D62103640,3.60,low,EMSC,1817333,2025-06-06 10:39:26+06:30,2026-02-17 20:37:20.62758+06:30,f,,{},
885574f6-7501-48c3-877b-f45ac68369fb,896a53fe-64ba-4934-abde-62e615e9192a,earthquake,0101000020E61000008FC2F5285CCF57405C8FC2F5285C3940,3.80,low,EMSC,1817064,2025-06-05 19:19:32+06:30,2026-02-17 20:37:20.631517+06:30,f,,{},
f8982e4f-63c0-4946-bc81-c869d4e3f319,ea24f612-b47a-4279-9678-06863fa02a13,earthquake,0101000020E6100000AA60545227245840F0A7C64B37893A40,4.40,medium,EMSC,1816847,2025-06-05 11:15:14.57+06:30,2026-02-17 20:37:20.636657+06:30,f,,{},
f881daf8-cb84-4819-a731-3237b6d68049,1cee4791-8ccf-445e-934c-7dfd6111167a,earthquake,0101000020E6100000B81E85EB51085840273108AC1CBA3340,3.80,low,EMSC,1816777,2025-06-05 08:11:59+06:30,2026-02-17 20:37:20.640036+06:30,f,,{},
6a1f4d11-7d75-4725-bb90-34fa92d4f966,20acb6ee-8e73-4b5c-bd9f-8e4efe99f81d,earthquake,0101000020E610000026E4839ECDFE5840B0726891ED6C3A40,5.00,medium,EMSC,1816668,2025-06-05 03:01:55.57+06:30,2026-02-17 20:37:20.643724+06:30,f,,{},
4e5b593e-4527-4c43-95ea-3b1006c97229,a348048e-853b-4c07-a62b-70e8239bb904,earthquake,0101000020E61000002506819543B35840068195438BAC3640,3.50,low,EMSC,1816396,2025-06-04 10:55:02+06:30,2026-02-17 20:37:20.647951+06:30,f,,{},
56241c54-1404-43ac-97f9-c3486dc2820b,3f700a48-1e81-4be7-8fb8-9be434cb8881,earthquake,0101000020E6100000CBA145B6F3E9584057EC2FBB274F3540,4.40,medium,EMSC,1816125,2025-06-03 19:58:56.923+06:30,2026-02-17 20:37:20.651252+06:30,f,,{},
afa08190-fd1b-4a7d-b628-f9b4bce76406,55650eeb-8db5-4bbc-b32f-3fede936116a,earthquake,0101000020E6100000F0A7C64B370958409A99999999993440,3.80,low,EMSC,1815790,2025-06-03 01:51:22+06:30,2026-02-17 20:37:20.655917+06:30,f,,{},
c68bd0c1-26f1-4f80-98e3-8d061aa5177f,34af007c-d6aa-4382-a43f-69f211ad1db5,earthquake,0101000020E6100000448B6CE7FB21584021B0726891CD3540,3.50,low,EMSC,1815718,2025-06-02 20:57:22+06:30,2026-02-17 20:37:20.659391+06:30,f,,{},
5878479a-9367-4fe8-b041-a7b1024eea5b,b67c11c1-f60e-4711-b7dd-58c30d7dd3e2,earthquake,0101000020E6100000F6285C8FC2C95840BD5296218E253340,4.50,medium,EMSC,1815595,2025-06-02 13:37:39.191+06:30,2026-02-17 20:37:20.663982+06:30,f,,{},
2687c328-9a7a-40ab-9d9b-5e579863a283,ea24f612-b47a-4279-9678-06863fa02a13,earthquake,0101000020E6100000849ECDAACF2D5840462575029A883A40,4.30,medium,USGS,us6000qi2j,2025-06-05 11:15:14.189+06:30,2026-02-17 20:37:21.249938+06:30,f,,{},
3816946d-e410-4950-a4ff-0e11455a1b9b,20acb6ee-8e73-4b5c-bd9f-8e4efe99f81d,earthquake,0101000020E610000093A982514901594057EC2FBB275F3A40,5.00,medium,USGS,us6000qhzg,2025-06-05 03:01:55.417+06:30,2026-02-17 20:37:21.256644+06:30,f,,{},
d9be4278-87cb-4f4b-8441-6c77ca8573bb,3f700a48-1e81-4be7-8fb8-9be434cb8881,earthquake,0101000020E6100000D3DEE00B93E95840F697DD9387453540,4.40,medium,USGS,us6000qhnw,2025-06-03 19:58:56.97+06:30,2026-02-17 20:37:21.260783+06:30,f,,{},
410e9a2e-d24e-4de5-abea-b1ae68bb4b61,b67c11c1-f60e-4711-b7dd-58c30d7dd3e2,earthquake,0101000020E61000004A7B832F4CCA58406ADE718A8E243340,4.20,medium,USGS,us6000qher,2025-06-02 13:37:39.126+06:30,2026-02-17 20:37:21.26419+06:30,f,,{},
0eb38dc4-c642-49c3-ab28-53d422f80da8,a19bc0f9-8cce-4523-b2ef-b02d6177f905,earthquake,0101000020E610000008AC1C5A64CB5740A8C64B3789413640,3.50,low,EMSC,1821206,2025-06-16 00:16:43+06:30,2026-02-17 20:37:21.53772+06:30,f,,{},
1173854e-0383-45c2-946d-94583ce67805,1920282a-e57f-4bbe-8e2c-5766a7ba4250,earthquake,0101000020E61000000AD7A3703D12584091ED7C3F35FE3240,4.10,medium,EMSC,1821046,2025-06-15 12:58:31+06:30,2026-02-17 20:37:21.547424+06:30,f,,{},
e6b4d47e-feab-4f1b-b3fe-2e242b289561,94f3cd45-9b71-42a8-b0f1-95497031f5d1,earthquake,0101000020E6100000AE47E17A142E57403D0AD7A370BD3B40,3.80,low,EMSC,1819974,2025-06-12 18:03:51+06:30,2026-02-17 20:37:21.551439+06:30,f,,{},
6f24549e-8213-48ae-9812-c3522a1f012b,790ef0b6-ad56-48de-b91c-e27a88ace01c,earthquake,0101000020E61000001F85EB51B8F658408D976E1283203540,3.70,low,EMSC,1819863,2025-06-12 10:36:25+06:30,2026-02-17 20:37:21.554525+06:30,f,,{},
4ba7d38b-4c99-456d-8fd6-dcee72d69728,e46610f8-ec8b-44a3-bfad-cadab50e9f86,earthquake,0101000020E61000006666666666165840CDCCCCCCCCEC3140,3.90,low,EMSC,1819729,2025-06-12 04:08:18+06:30,2026-02-17 20:37:21.557839+06:30,f,,{},
fb35b7f2-0920-4211-a4f9-ccc5323008c5,a775b91b-7ed2-4914-8e54-d775ae71508d,earthquake,0101000020E610000091ED7C3F352E58409EEFA7C64BB73540,3.50,low,EMSC,1819445,2025-06-11 11:41:50+06:30,2026-02-17 20:37:21.562667+06:30,f,,{},
ba0ef777-6196-4f75-9de2-b35cf358b3a8,f7319802-b540-46e2-9991-93de7eebb851,earthquake,0101000020E610000033333333338357403333333333B33740,4.30,medium,EMSC,1819024,2025-06-10 12:21:08+06:30,2026-02-17 20:37:21.566383+06:30,f,,{},
3019f2f5-dada-45f8-8721-2621c382d7d7,fa1b3a8a-2077-4d0a-a466-25d1fbb482d4,earthquake,0101000020E610000066666666668657409A99999999993740,4.10,medium,EMSC,1819019,2025-06-10 11:58:29+06:30,2026-02-17 20:37:21.571178+06:30,f,,{},
77322ac9-8c7d-48b9-9329-0f8e85481a90,24857afa-1a4c-4590-877d-aa0999ad0178,earthquake,0101000020E61000008716D9CEF7235840F853E3A59B043640,3.60,low,EMSC,1818935,2025-06-10 06:12:53+06:30,2026-02-17 20:37:21.574606+06:30,f,,{},
f2995e82-6b66-4fde-af77-425da1258607,03a7f5b8-56c9-4659-922e-ac3ff6cc39ad,earthquake,0101000020E61000007FFB3A70CE3458405DFE43FAED6B3A40,4.20,medium,EMSC,1818930,2025-06-10 06:01:14.897+06:30,2026-02-17 20:37:21.579221+06:30,f,,{},
0b3c99be-1a52-4f9c-b238-eb03af661ebe,73d05387-3fe5-43d5-9432-63aec255be2f,earthquake,0101000020E610000054E3A59BC4005840E3A59BC420503540,4.90,medium,EMSC,1818901,2025-06-10 03:31:29.04+06:30,2026-02-17 20:37:21.582321+06:30,f,,{},
01e87e1a-da38-4ff2-aacf-f17aac4a3c72,a2e7bbf8-3e31-47e2-a8d7-b9169ff8d813,earthquake,0101000020E61000006B9A779CA2A75740E02D90A0F8813240,4.90,medium,EMSC,1818602,2025-06-09 09:44:44.14+06:30,2026-02-17 20:37:21.586833+06:30,f,,{},
b96c92db-3c2f-45ec-9504-a14ae795a9bd,20815857-5db9-41ff-b1a4-202fd093eb9b,earthquake,0101000020E61000005F29CB10C7AA5740431CEBE2366A3740,4.50,medium,USGS,us6000qjak,2025-06-10 12:21:03.743+06:30,2026-02-17 20:37:21.989299+06:30,f,,{},
df0526d2-82da-4f26-932b-459a998b3d25,dcacb6ca-436b-4bc1-8da4-1c20e9ce5b1f,earthquake,0101000020E6100000CCEEC9C342AD57400BB5A679C7793740,4.40,medium,USGS,us6000qjah,2025-06-10 11:58:25.324+06:30,2026-02-17 20:37:22.000079+06:30,f,,{},
c8a14410-dbf8-4002-a3b1-fe8f620bdc36,03a7f5b8-56c9-4659-922e-ac3ff6cc39ad,earthquake,0101000020E6100000C4B12E6EA3355840613255302A793A40,4.20,medium,USGS,us6000qj94,2025-06-10 06:01:14.893+06:30,2026-02-17 20:37:22.004042+06:30,f,,{},
4e302591-c7d9-48f8-b159-e772084766e1,73d05387-3fe5-43d5-9432-63aec255be2f,earthquake,0101000020E6100000FE43FAEDEB045840DE718A8EE4723540,4.30,medium,USGS,us7000q8gy,2025-06-10 03:31:28.02+06:30,2026-02-17 20:37:22.00749+06:30,f,,{},
1804b226-8daf-46e1-b800-15a13bcd061f,a2e7bbf8-3e31-47e2-a8d7-b9169ff8d813,earthquake,0101000020E610000088635DDC46AB574020D26F5F077E3240,4.90,medium,USGS,us6000qj3e,2025-06-09 09:44:45.163+06:30,2026-02-17 20:37:22.011952+06:30,f,,{},
235afe11-6835-4f7c-a67f-bbd05c438d65,2f9d5f33-f197-42c7-8ad6-c6cee7efc867,earthquake,0101000020E6100000B81E85EB5148584083C0CAA145963740,3.80,low,EMSC,1823567,2025-06-22 08:23:10+06:30,2026-02-17 20:37:22.310378+06:30,f,,{},
6af71b9f-14ee-41e6-b1c8-fac8b21d1a1f,eeb61f13-bebd-4b10-b0a3-5f55578cbb5f,earthquake,0101000020E61000000000000000205840D9CEF753E3253340,3.70,low,EMSC,1823515,2025-06-22 05:19:26+06:30,2026-02-17 20:37:22.323431+06:30,f,,{},
3087fd94-ea6b-4955-9649-7d8c5b99bfda,883124e7-4aa0-49c7-a6b3-868d5624d4a7,earthquake,0101000020E610000085EB51B81E0D5840448B6CE7FBE93540,3.90,low,EMSC,1823505,2025-06-22 04:42:21+06:30,2026-02-17 20:37:22.328824+06:30,f,,{},
4d7fd42e-b83e-436e-b6a0-f56897a7d658,05ac0f59-2965-4375-b5df-ce56af326a13,earthquake,0101000020E61000003333333333A35740AE47E17A14AE3740,3.70,low,EMSC,1822642,2025-06-19 18:20:12+06:30,2026-02-17 20:37:22.333661+06:30,f,,{},
9c0d2b48-f230-48d3-8109-d819b9725640,7ca4523e-2137-4318-a700-7e03b1ad5276,earthquake,0101000020E6100000B4C876BE9F1A58403333333333D33540,3.50,low,EMSC,1821892,2025-06-17 18:28:16+06:30,2026-02-17 20:37:22.338661+06:30,f,,{},
6a7301f9-20b3-471e-9c22-2cbd5353028f,981b3ef4-f7f7-48ce-9ab6-c56defcad5f3,earthquake,0101000020E6100000B1BFEC9E3C645740F9A067B3EAB32540,4.80,medium,EMSC,1821450,2025-06-16 15:44:03.42+06:30,2026-02-17 20:37:22.342255+06:30,f,,{},
8b9b2a65-aacd-4bc4-a413-aff59d57ce02,05ac0f59-2965-4375-b5df-ce56af326a13,earthquake,0101000020E61000003CBD529621AA57403411363CBDC23740,4.60,medium,USGS,us7000qa7z,2025-06-19 18:20:10.589+06:30,2026-02-17 20:37:22.915098+06:30,f,,{},
a228bb14-d198-4883-91a4-d64a256caf38,981b3ef4-f7f7-48ce-9ab6-c56defcad5f3,earthquake,0101000020E6100000E3361AC05B6457404A7B832F4CC62540,4.80,medium,USGS,us6000qkjz,2025-06-16 15:44:03.334+06:30,2026-02-17 20:37:22.926433+06:30,f,,{},
1c596098-b093-46aa-a73d-2ebcf9bd505d,eab3860d-cefc-4a5d-88a3-79d0ac635e1c,earthquake,0101000020E6100000B84082E2C7805740151DC9E53F842240,4.30,medium,EMSC,1830806,2025-06-29 13:46:33.24+06:30,2026-02-17 20:37:23.239831+06:30,f,,{},
36c43347-1431-4f39-8ba3-25f103a9f877,978c96df-526e-4343-ad8e-68e198ec458f,earthquake,0101000020E6100000401361C3D37F57401361C3D32BA52240,4.60,medium,EMSC,1830669,2025-06-29 08:07:29.007+06:30,2026-02-17 20:37:23.250114+06:30,f,,{},
523cfa85-8744-432d-9737-1308d46c5414,978c96df-526e-4343-ad8e-68e198ec458f,earthquake,0101000020E61000001CEBE2361A80574035EF384547922240,4.40,medium,EMSC,1826181,2025-06-29 07:58:22.76+06:30,2026-02-17 20:37:23.256504+06:30,f,,{},
7abe86e9-901d-409d-93fc-b14f8569cdaf,16c1c850-c260-4f8c-8f58-63e87e4179cd,earthquake,0101000020E6100000E9263108AC14584004560E2DB2BD3540,3.90,low,EMSC,1826034,2025-06-28 23:31:00+06:30,2026-02-17 20:37:23.261558+06:30,f,,{},
db16e556-b5b3-4ad2-a044-d63d755f4fdb,9385fc4f-09fb-4b49-9abc-09773b51411b,earthquake,0101000020E6100000D50968226C785740E4141DC9E5FF2240,5.00,medium,EMSC,1825664,2025-06-27 21:28:22.22+06:30,2026-02-17 20:37:23.265136+06:30,f,,{},
0f8dae74-ccb2-4fb5-8469-d4f8fa176ae1,0fd42c28-7bf1-4a64-8f4d-14743917f040,earthquake,0101000020E6100000273108AC1C425840986E1283C08A3740,3.80,low,EMSC,1825630,2025-06-27 20:17:33+06:30,2026-02-17 20:37:23.269604+06:30,f,,{},
16d98637-7345-4e96-a90c-fb1a84c45293,a99ea1e0-df18-4fb7-9f36-512d6ffc0bd3,earthquake,0101000020E61000002AA913D0447C5740567DAEB6629F2240,4.30,medium,EMSC,1825559,2025-06-27 14:25:47.33+06:30,2026-02-17 20:37:23.273373+06:30,f,,{},
7ddd8a78-3cf7-4ce8-acff-409c73999188,980a79cc-2af4-4dd3-bf0d-f03ac194324a,earthquake,0101000020E610000075931804560E58406F1283C0CAE13540,3.80,low,EMSC,1825503,2025-06-27 10:22:16+06:30,2026-02-17 20:37:23.277049+06:30,f,,{},
0893cc85-4dd8-4e1e-a4af-c6e171b23d21,b338bfab-f244-43ff-aff4-855715af2cbd,earthquake,0101000020E61000004E621058391458405EBA490C02EB3540,4.30,medium,EMSC,1825376,2025-06-27 03:28:03+06:30,2026-02-17 20:37:23.280539+06:30,f,,{},
3a50ae70-026d-4071-88c4-e8f5e915ecbe,408db87d-1669-4d9d-9b96-4c47ca388111,earthquake,0101000020E610000087A757CA3280574094F6065F98EC2240,4.30,medium,EMSC,1829324,2025-06-27 01:41:52.422+06:30,2026-02-17 20:37:23.284998+06:30,f,,{},
c921476c-a060-4f7a-95f7-f63f8833731c,0a7bf8aa-0366-40cd-9265-e951bba03bdf,earthquake,0101000020E610000014AE47E17A3458408FC2F5285C4F3A40,3.80,low,EMSC,1825524,2025-06-26 19:32:44+06:30,2026-02-17 20:37:23.28906+06:30,f,,{},
b831b96e-b0b1-4cac-8c51-2a0fe18af524,c55373d3-678a-46b7-b517-f3d67240f7c3,earthquake,0101000020E61000009C33A2B4377C57409D8026C286872240,4.50,medium,EMSC,1825252,2025-06-26 18:22:18.53+06:30,2026-02-17 20:37:23.292681+06:30,f,,{},
f14086b0-30af-4f7a-a244-a10169366eaf,7e3e2815-4655-4d6f-b877-801ed8b335ff,earthquake,0101000020E61000008FC2F5285C8F5840022B8716D90E3740,3.70,low,EMSC,1824997,2025-06-26 02:34:21+06:30,2026-02-17 20:37:23.296909+06:30,f,,{},
888bd8ae-dc37-4397-ba30-025880f48475,7e867456-39d3-4d3e-98f9-417c131f0936,earthquake,0101000020E610000023DBF97E6A7057404260E5D0227B2240,4.30,medium,EMSC,1830120,2025-06-26 02:30:24.372+06:30,2026-02-17 20:37:23.300984+06:30,f,,{},
eeff72b6-9c03-4d63-80d4-35acc8243f7c,14f830f0-d4b1-4860-b835-9cd331fa47cc,earthquake,0101000020E610000044FAEDEBC07957406EA301BC05B22240,4.90,medium,EMSC,1824862,2025-06-25 16:29:44.58+06:30,2026-02-17 20:37:23.304726+06:30,f,,{},
9d34fad0-a822-48fe-b5c7-3085910c68e8,16868931-d699-41da-b5df-7c953cb7ba28,earthquake,0101000020E6100000AC1C5A643B1758405EBA490C024B3640,4.40,medium,EMSC,1824826,2025-06-25 14:01:53+06:30,2026-02-17 20:37:23.307682+06:30,f,,{},
f9ef84bd-24aa-4d23-bfb5-9edbdc02e28d,5969e58a-dcfd-457e-9c62-77d9d28409ab,earthquake,0101000020E61000008126C286A77F574077BE9F1A2FBD2240,4.60,medium,EMSC,1824779,2025-06-25 10:38:34.83+06:30,2026-02-17 20:37:23.312413+06:30,f,,{},
279b5632-feef-44f4-8eed-e1ec73146c24,378d9cbc-e6cf-4da2-848e-1bc7452fc505,earthquake,0101000020E61000009E5E29CB107F574034A2B437F8C22240,4.70,medium,EMSC,1824740,2025-06-25 08:09:34.11+06:30,2026-02-17 20:37:23.315762+06:30,f,,{},
cc88e808-b1ae-4eeb-a39e-5b75a89f597b,378d9cbc-e6cf-4da2-848e-1bc7452fc505,earthquake,0101000020E61000004D158C4AEA785740C66D3480B7002340,5.40,medium,EMSC,1824729,2025-06-25 08:03:30.08+06:30,2026-02-17 20:37:23.320739+06:30,f,,{},
a94f01e0-8f04-4cc8-806d-8e2f78f6069e,3749bb28-8618-499e-86bc-c61529f2f4c8,earthquake,0101000020E6100000107A36AB3E735740CA54C1A8A4AE2240,4.50,medium,EMSC,1829099,2025-06-25 06:23:44.051+06:30,2026-02-17 20:37:23.324156+06:30,f,,{},
a47a4123-cf0d-4c5c-9146-11c80bef905f,3749bb28-8618-499e-86bc-c61529f2f4c8,earthquake,0101000020E61000004B598638D679574048BF7D1D38A72240,4.80,medium,EMSC,1824706,2025-06-25 06:21:40.53+06:30,2026-02-17 20:37:23.328707+06:30,f,,{},
1362d247-1a41-48b4-b424-5d17e3e1c100,80490afa-1b3a-4212-85da-61828dc2c08f,earthquake,0101000020E6100000CE88D2DEE0775740B003E78C286D2240,4.60,medium,EMSC,1824633,2025-06-25 02:43:46.63+06:30,2026-02-17 20:37:23.332219+06:30,f,,{},
534af6af-edd6-4b90-9911-2ad302bb7462,638f1619-c2ad-4bc8-8b4c-2d4069c48ad4,earthquake,0101000020E6100000772D211FF47457405227A089B0812240,4.50,medium,EMSC,1824527,2025-06-24 20:20:14.64+06:30,2026-02-17 20:37:23.336363+06:30,f,,{},
066996cb-643e-47b8-933d-c7a3a473f9ed,1a5309ee-339f-49f9-9b2f-b39c65933149,earthquake,0101000020E6100000C0EC9E3C2C805740234A7B832FAC2240,5.00,medium,EMSC,1824494,2025-06-24 19:42:24.28+06:30,2026-02-17 20:37:23.339739+06:30,f,,{},
c9e1264a-b1e5-4ab6-afa2-8cee9a02b49e,11b9639c-bfa7-4626-a9a1-a5637763d79e,earthquake,0101000020E610000086C954C1A8745740280F0BB5A6992240,4.60,medium,EMSC,1824482,2025-06-24 19:23:18.84+06:30,2026-02-17 20:37:23.343116+06:30,f,,{},
984543be-1f92-463f-9e9f-1ca1ce46e289,674c36bd-befa-452c-a56a-fb2c68187766,earthquake,0101000020E61000008FC2F5285C7F5740713D0AD7A3F02240,4.50,medium,EMSC,1824502,2025-06-24 18:52:53.3+06:30,2026-02-17 20:37:23.346144+06:30,f,,{},
bdce6f8c-c04c-4f0a-a79a-526464727172,0c11eef1-c9c6-4874-bfed-cdf5a106d1ee,earthquake,0101000020E61000000C022B871675574073D712F241AF2240,4.90,medium,EMSC,1824447,2025-06-24 16:46:58.67+06:30,2026-02-17 20:37:23.349399+06:30,f,,{},
78d71b02-3218-49a1-9f1a-9889d6e4528d,491f37b1-f9f2-4104-9dd4-c20909c50ec0,earthquake,0101000020E61000005C8FC2F5281C58403108AC1C5AC43540,3.50,low,EMSC,1824345,2025-06-24 11:06:53+06:30,2026-02-17 20:37:23.353359+06:30,f,,{},
f88f66f9-d765-4a06-a6af-bc3085d9eb1e,d8c889fb-b95c-456c-a8a2-173f888002ce,earthquake,0101000020E6100000A4703D0AD733574014AE47E17A543A40,3.70,low,EMSC,1824260,2025-06-24 07:37:10+06:30,2026-02-17 20:37:23.356953+06:30,f,,{},
bb7bb07a-c6d0-40f1-ad60-840f1eff16ea,23062f5e-492a-4883-a4a8-649a8f6ec117,earthquake,0101000020E610000098DD938785C25740DCD7817346943240,4.20,medium,EMSC,1823881,2025-06-23 06:32:31.372+06:30,2026-02-17 20:37:23.360828+06:30,f,,{},
589edcd8-e6d3-402c-9419-a1f69dac9c82,eab3860d-cefc-4a5d-88a3-79d0ac635e1c,earthquake,0101000020E6100000B84082E2C7805740151DC9E53F842240,4.30,medium,USGS,us7000qbtk,2025-06-29 13:46:33.24+06:30,2026-02-17 20:37:23.769713+06:30,f,,{},
2c46c006-129d-4ed9-8438-854733d879d4,978c96df-526e-4343-ad8e-68e198ec458f,earthquake,0101000020E6100000401361C3D37F57401361C3D32BA52240,4.60,medium,USGS,us7000qbtd,2025-06-29 08:07:29.007+06:30,2026-02-17 20:37:23.785061+06:30,f,,{},
b5c0f100-ac22-45db-93a4-c7a89c498113,978c96df-526e-4343-ad8e-68e198ec458f,earthquake,0101000020E6100000B29DEFA7C6775740AB3E575BB19F2240,4.50,medium,USGS,us7000q9fu,2025-06-29 07:58:19.481+06:30,2026-02-17 20:37:23.791398+06:30,f,,{},
082c4918-26de-4574-8f58-f99a0cc6c0b1,5a6b553b-de44-4d39-8e73-680a398f9b4d,earthquake,0101000020E61000003108AC1C5A7457404772F90FE9B72240,4.50,medium,USGS,us7000q9fa,2025-06-29 06:04:58.208+06:30,2026-02-17 20:37:23.797118+06:30,f,,{},
1ab668be-07e1-44a1-b2b7-ba20f3b78766,9385fc4f-09fb-4b49-9abc-09773b51411b,earthquake,0101000020E610000058CA32C4B176574035EF384547122340,5.10,medium,USGS,us7000q938,2025-06-27 21:28:12.41+06:30,2026-02-17 20:37:23.800849+06:30,f,,{},
a1cc5650-344e-4d9b-b046-41f13046ee1b,495336e7-df3c-49eb-b5cd-5c5103cfe082,earthquake,0101000020E6100000F5DBD781737E5740D5E76A2BF6772240,4.30,medium,USGS,us7000qbde,2025-06-27 21:02:45.056+06:30,2026-02-17 20:37:23.805248+06:30,f,,{},
b61e3563-7b71-4d27-ac15-5f9f8fbf760a,a99ea1e0-df18-4fb7-9f36-512d6ffc0bd3,earthquake,0101000020E61000002AA913D0447C5740567DAEB6629F2240,4.30,medium,USGS,us7000qbd5,2025-06-27 14:25:47.33+06:30,2026-02-17 20:37:23.808947+06:30,f,,{},
95f33715-70b4-4513-982e-974b0661de42,408db87d-1669-4d9d-9b96-4c47ca388111,earthquake,0101000020E610000087A757CA3280574094F6065F98EC2240,4.30,medium,USGS,us7000qb73,2025-06-27 01:41:52.422+06:30,2026-02-17 20:37:23.814241+06:30,f,,{},
8c576634-524b-4b0b-b80a-7f420b60c8d2,c55373d3-678a-46b7-b517-f3d67240f7c3,earthquake,0101000020E610000062A1D634EF805740D3DEE00B93A92240,4.50,medium,USGS,us7000q8wt,2025-06-26 18:22:17.398+06:30,2026-02-17 20:37:23.817779+06:30,f,,{},
4462ad86-f259-487b-a298-998dab84bec8,7e867456-39d3-4d3e-98f9-417c131f0936,earthquake,0101000020E610000023DBF97E6A7057404260E5D0227B2240,4.30,medium,USGS,us7000qb1a,2025-06-26 02:30:24.372+06:30,2026-02-17 20:37:23.822103+06:30,f,,{},
aa48a384-5a61-4b13-86d2-592d2f76f6bc,28d926e2-c352-411b-8d13-43c7efbe129b,earthquake,0101000020E610000004E78C28ED6D5740CA54C1A8A46E2240,4.60,medium,USGS,us7000q8ry,2025-06-26 00:07:25.441+06:30,2026-02-17 20:37:23.825621+06:30,f,,{},
1563a409-a0c3-4ed3-98cc-4d8dc04fc12a,a3f243e9-58f7-4c2f-834b-c07421710d6e,earthquake,0101000020E6100000AF9465886395574027C286A7578A2240,4.10,medium,USGS,us7000qb18,2025-06-25 22:43:43.675+06:30,2026-02-17 20:37:23.829766+06:30,f,,{},
9ca120ef-9042-482b-a51f-0b225248fecd,14f830f0-d4b1-4860-b835-9cd331fa47cc,earthquake,0101000020E6100000F5B9DA8AFD7957409E5E29CB10A72240,4.90,medium,USGS,us7000q8n8,2025-06-25 16:29:44.205+06:30,2026-02-17 20:37:23.833039+06:30,f,,{},
c274255b-796f-4d49-a101-84a08161ae51,93246439-493b-457e-abd3-e670a445e973,earthquake,0101000020E6100000AE47E17A14F2574014AE47E17A943640,4.30,medium,USGS,us7000q8ml,2025-06-25 14:01:45.139+06:30,2026-02-17 20:37:23.837001+06:30,f,,{},
5f4490d7-14be-482c-bd7f-57f1a024634b,820db9bd-981c-47e4-8373-cf882d8ff9da,earthquake,0101000020E61000006891ED7C3F8D5740925CFE43FA2D2340,4.40,medium,USGS,us7000qb11,2025-06-25 13:38:06.981+06:30,2026-02-17 20:37:23.840093+06:30,f,,{},
cc5b13ae-8d0d-4f54-bba9-16e11b731c62,5969e58a-dcfd-457e-9c62-77d9d28409ab,earthquake,0101000020E61000009FCDAACFD57E57400D71AC8BDBE82240,4.50,medium,USGS,us7000q8lp,2025-06-25 10:38:34.99+06:30,2026-02-17 20:37:23.844389+06:30,f,,{},
712ed07f-f159-4830-a506-f8d63fa608b4,378d9cbc-e6cf-4da2-848e-1bc7452fc505,earthquake,0101000020E61000009E5E29CB107F574034A2B437F8C22240,4.70,medium,USGS,us7000qb0w,2025-06-25 08:09:34.11+06:30,2026-02-17 20:37:23.847765+06:30,f,,{},
410f19e3-b02e-4b0c-a32f-fdd4203769eb,378d9cbc-e6cf-4da2-848e-1bc7452fc505,earthquake,0101000020E6100000C58F31772D795740567DAEB662DF2240,5.40,medium,USGS,us7000q8l7,2025-06-25 08:03:28.23+06:30,2026-02-17 20:37:23.851873+06:30,f,,{},
bf947315-ab44-475d-b93b-9cb89ce083d8,3749bb28-8618-499e-86bc-c61529f2f4c8,earthquake,0101000020E6100000107A36AB3E735740CA54C1A8A4AE2240,4.50,medium,USGS,us7000qax0,2025-06-25 06:23:44.051+06:30,2026-02-17 20:37:23.85626+06:30,f,,{},
1afa3be6-60ec-4c67-b5bb-ade884c058ae,3749bb28-8618-499e-86bc-c61529f2f4c8,earthquake,0101000020E6100000C7BAB88D06805740A54E401361032340,4.80,medium,USGS,us7000q8kt,2025-06-25 06:21:41.383+06:30,2026-02-17 20:37:23.860369+06:30,f,,{},
07f0522e-e43f-4ccc-80b8-8a5218fe7adc,80490afa-1b3a-4212-85da-61828dc2c08f,earthquake,0101000020E61000005227A089B07D5740BBB88D06F0962240,4.60,medium,USGS,us7000q8if,2025-06-25 02:43:47.224+06:30,2026-02-17 20:37:23.864091+06:30,f,,{},
eb681307-52a1-4564-8411-8fd42b27b0c5,060b071f-57b0-4d05-b31f-7ee4293547ce,earthquake,0101000020E6100000728A8EE4F2875740C286A757CA122340,4.20,medium,USGS,us7000qawv,2025-06-25 01:32:28.626+06:30,2026-02-17 20:37:23.867783+06:30,f,,{},
8a35016f-72df-4c1c-b63c-47a81dec86ea,23e05677-97c1-464a-9818-f82906500758,earthquake,0101000020E6100000DD240681957F5740CC7F48BF7DBD2240,4.30,medium,USGS,us7000qawq,2025-06-24 22:39:13.134+06:30,2026-02-17 20:37:23.872468+06:30,f,,{},
5659d7e9-9005-493e-8ce8-de59b64c1f9c,6c3fc331-986f-46a5-a55c-3dd29cd2c0dc,earthquake,0101000020E61000004772F90FE97F5740984C158C4AAA2240,4.50,medium,USGS,us7000qawm,2025-06-24 22:01:33.388+06:30,2026-02-17 20:37:23.876412+06:30,f,,{},
2fa5ed3c-80e1-448d-a90b-0326879fb6be,6c3fc331-986f-46a5-a55c-3dd29cd2c0dc,earthquake,0101000020E610000011363CBD527A5740A54E401361832240,4.10,medium,USGS,us7000qawl,2025-06-24 21:59:25.41+06:30,2026-02-17 20:37:23.880313+06:30,f,,{},
e20ae0c9-bf71-429b-870e-e2290412a157,312fbdcd-f88f-4991-bc1d-29eb2ba46306,earthquake,0101000020E6100000A301BC05127057403D0AD7A3709D2240,4.20,medium,USGS,us7000qawt,2025-06-24 21:24:10.447+06:30,2026-02-17 20:37:23.883985+06:30,f,,{},
cb601fbc-7393-4e4a-840e-382ff9b92bff,b0f1c7c5-5d1f-4629-9926-fa3f3e55cad0,earthquake,0101000020E610000000917EFB3A80574086C954C1A8042340,4.60,medium,USGS,us7000q8fp,2025-06-24 20:20:16.539+06:30,2026-02-17 20:37:23.887406+06:30,f,,{},
b1dc3554-0a99-454a-8301-5c2962f87bdf,1a5309ee-339f-49f9-9b2f-b39c65933149,earthquake,0101000020E6100000C05B2041F18357404182E2C798BB2240,4.90,medium,USGS,us7000q8f3,2025-06-24 19:42:22.844+06:30,2026-02-17 20:37:23.890328+06:30,f,,{},
c3d4c8dd-4812-429d-851e-2da8543bd1e4,11b9639c-bfa7-4626-a9a1-a5637763d79e,earthquake,0101000020E610000048E17A14AE775740A60A462575C22240,4.60,medium,USGS,us7000q8f1,2025-06-24 19:23:19.256+06:30,2026-02-17 20:37:23.894365+06:30,f,,{},
f9dc8b19-823b-459b-ad9c-35f46c544b67,674c36bd-befa-452c-a56a-fb2c68187766,earthquake,0101000020E610000008AC1C5A646F5740A69BC420B0122340,4.60,medium,USGS,us7000qax4,2025-06-24 18:53:23.875+06:30,2026-02-17 20:37:23.898127+06:30,f,,{},
d2710b05-af6a-48f8-bced-dc439e57cfb9,674c36bd-befa-452c-a56a-fb2c68187766,earthquake,0101000020E6100000C898BB96907B5740287E8CB96B892240,4.50,medium,USGS,us7000qawe,2025-06-24 18:52:47.025+06:30,2026-02-17 20:37:23.902176+06:30,f,,{},
ce712f51-09e5-47f9-aedd-5da04456777c,0c11eef1-c9c6-4874-bfed-cdf5a106d1ee,earthquake,0101000020E610000037894160E5745740C520B07268B12240,4.90,medium,USGS,us7000q8ea,2025-06-24 16:46:58.345+06:30,2026-02-17 20:37:23.906481+06:30,f,,{},
07690775-91b8-4b07-96d5-6c28f8838ecb,c92c4fb5-9bd8-4381-b731-519acfffc3dc,earthquake,0101000020E6100000910F7A36AB5A5740984C158C4A0A2340,4.50,medium,USGS,us7000qawb,2025-06-24 16:33:44.892+06:30,2026-02-17 20:37:23.911209+06:30,f,,{},
8a8ab1cf-cf83-4f4d-8dac-683759f4b84d,ae150e18-8f8f-44fc-b324-2a1f3466fd22,earthquake,0101000020E6100000DD240681957B57403D0AD7A3707D2340,4.10,medium,USGS,us7000qawc,2025-06-24 16:29:56.958+06:30,2026-02-17 20:37:23.914925+06:30,f,,{},
c31efb4a-7533-428c-afd8-d69add62b9bb,749f2976-20ff-4889-8793-fffc902d6ec2,earthquake,0101000020E6100000C286A757CA765740E10B93A982712240,4.60,medium,USGS,us7000q8e5,2025-06-24 16:04:07.987+06:30,2026-02-17 20:37:23.918864+06:30,f,,{},
036e2dcd-bba3-4fc9-b59e-5786189e4e6c,6741285b-172c-424d-8536-b1b39f38fae0,earthquake,0101000020E61000001F85EB51B87A574082E2C798BB362340,4.40,medium,USGS,us7000qaw3,2025-06-24 11:38:35.146+06:30,2026-02-17 20:37:23.922887+06:30,f,,{},
fcf6433b-fe3b-41d6-a608-579134a735e0,23062f5e-492a-4883-a4a8-649a8f6ec117,earthquake,0101000020E6100000840D4FAF94C55740C74B378941A03240,4.40,medium,USGS,us7000qap6,2025-06-23 06:32:31.835+06:30,2026-02-17 20:37:23.927004+06:30,f,,{},
b2e39c44-5d89-4dfa-a411-0105abe42c60,596419e6-bba0-4aca-9dac-e6124c1156ef,earthquake,0101000020E61000003BDF4F8D970E5840C520B07268F13240,3.60,low,EMSC,1828776,2025-07-06 16:15:32+06:30,2026-02-17 20:37:24.221535+06:30,f,,{},
b182fb7a-2973-47d4-a3db-ba96c9f17b4f,f8e6f749-e607-41f2-941a-43fc528a1e54,earthquake,0101000020E61000003F355EBA491C58404260E5D0225B3640,3.60,low,EMSC,1828638,2025-07-06 07:20:12+06:30,2026-02-17 20:37:24.232283+06:30,f,,{},
f879e5a3-6a8d-445e-afab-b38a7483b304,f32dd855-7c32-4f57-afc0-043b01f9d21e,earthquake,0101000020E6100000CBA145B6F3155840C74B378941E03240,3.50,low,EMSC,1828415,2025-07-05 16:14:56+06:30,2026-02-17 20:37:24.236658+06:30,f,,{},
fcaaf494-6545-4284-adf1-cb6fc09e268a,d106822c-3a59-4350-8e78-351af9924bed,earthquake,0101000020E6100000F6285C8FC2795740BE30992A18752240,4.60,medium,EMSC,1827997,2025-07-04 08:41:17.24+06:30,2026-02-17 20:37:24.239667+06:30,f,,{},
e0a379f0-b5f8-4050-95bb-831a9e3fc60a,b1a6777c-147e-443d-9dec-fe1be8a3116f,earthquake,0101000020E6100000D3DEE00B93795740D93D7958A8952240,4.70,medium,EMSC,1827788,2025-07-03 18:14:12.38+06:30,2026-02-17 20:37:24.243103+06:30,f,,{},
2d48c80c-c4c7-457a-9067-90a40fe17a7b,b54098b0-ba7c-4e89-9a7e-f7b92e80b514,earthquake,0101000020E61000008B6CE7FBA9E95740E0BE0E9C33A23540,4.40,medium,EMSC,1827607,2025-07-03 07:10:40+06:30,2026-02-17 20:37:24.247658+06:30,f,,{},
a43ebff5-95ac-4f26-a6ab-eecfc5e7ebbf,c0472e5e-b6f1-4971-9606-2a90e7b9894a,earthquake,0101000020E610000044696FF0857D5740A60A462575C22240,4.60,medium,EMSC,1831102,2025-07-02 08:22:48.929+06:30,2026-02-17 20:37:24.251057+06:30,f,,{},
8bd5c5c0-cce0-4b3c-ae27-4ae0d459357a,bba18ee4-9182-4c4f-85f3-e062e945b653,earthquake,0101000020E6100000C9E53FA4DF5658406DE7FBA9F1623C40,4.50,medium,EMSC,1832214,2025-07-02 03:59:15.209+06:30,2026-02-17 20:37:24.255484+06:30,f,,{},
bd333f4f-60b5-4ca3-bb8b-cbac1dcd4b30,075f2a1e-fb47-482b-b7cb-e8fc212c1b1f,earthquake,0101000020E6100000234A7B832F04584035EF384547F23640,4.10,medium,EMSC,1827171,2025-07-02 00:49:12.132+06:30,2026-02-17 20:37:24.25874+06:30,f,,{},
aa1765a9-9b4a-42c5-b7f0-cc1ffafcce8d,f9388c23-0765-4cc5-b9a8-03b4fd76733b,earthquake,0101000020E610000017D9CEF753135840E3A59BC420303340,3.50,low,EMSC,1827087,2025-07-01 20:08:58+06:30,2026-02-17 20:37:24.262741+06:30,f,,{},
dc2acabb-551d-4147-a4b7-6f641a4fb9d7,317b1a1f-0cfa-4e9f-9c0d-c45e3ba78dbb,earthquake,0101000020E6100000295C8FC2F5D85740EC51B81E85EB3840,4.20,medium,EMSC,1826943,2025-07-01 09:14:16+06:30,2026-02-17 20:37:24.266035+06:30,f,,{},
352290d8-628b-4850-9a35-77aeff0bfd40,67ff3c61-ad16-4ef0-9c12-d36ffa6f834b,earthquake,0101000020E6100000AA8251499D805740166A4DF38E132340,4.50,medium,EMSC,1831803,2025-07-01 05:52:35.152+06:30,2026-02-17 20:37:24.270021+06:30,f,,{},
a47ea3af-0be7-4639-97c0-9d3630ad4c2b,19f4293f-bc02-46a4-a825-070b649b3ab9,earthquake,0101000020E6100000068195438B845840B4C876BE9F5A3440,4.20,medium,EMSC,1826827,2025-07-01 02:13:11+06:30,2026-02-17 20:37:24.273056+06:30,f,,{},
c999e82f-3203-48f3-a375-1eab7bf205d3,a479d443-3629-48d2-811e-068dbc9af277,earthquake,0101000020E6100000CBA145B6F31D5840F2D24D6210183640,3.60,low,EMSC,1826691,2025-06-30 18:19:31+06:30,2026-02-17 20:37:24.276813+06:30,f,,{},
d455f171-8f27-497f-81aa-dca0a1749c0d,f2f48d13-aa78-45d6-b43e-5560a9364269,earthquake,0101000020E610000073D712F2417B5740744694F6069F2240,4.90,medium,EMSC,1826568,2025-06-30 13:06:21.36+06:30,2026-02-17 20:37:24.280695+06:30,f,,{},
5324eb08-f514-4172-9bd3-73091dc7fcbb,0803a5c1-383c-442f-aa3d-42e277515d15,earthquake,0101000020E61000000DE02D90A080574095D40968228C2240,5.00,medium,EMSC,1826557,2025-06-30 12:22:24.23+06:30,2026-02-17 20:37:24.284559+06:30,f,,{},
1ea5e562-20c8-48f7-b05b-ccc386812e1f,3b72883f-7a9c-4f27-8b10-6b3113dba6f9,earthquake,0101000020E61000008E06F016487C5740645DDC4603F82240,5.10,medium,EMSC,1826522,2025-06-30 11:09:03.3+06:30,2026-02-17 20:37:24.288561+06:30,f,,{},
58bff88c-ce9f-41ca-ac03-8691319e9a7d,d106822c-3a59-4350-8e78-351af9924bed,earthquake,0101000020E61000007A36AB3E577B57402A3A92CB7FE82240,4.60,medium,USGS,us7000qakc,2025-07-04 08:41:16.427+06:30,2026-02-17 20:37:24.860307+06:30,f,,{},
c9033ba9-64ef-4486-a508-cf0e70818f0b,b1a6777c-147e-443d-9dec-fe1be8a3116f,earthquake,0101000020E6100000E7FBA9F1D275574046B6F3FDD4782240,4.70,medium,USGS,us7000qaev,2025-07-03 18:14:12.005+06:30,2026-02-17 20:37:24.871941+06:30,f,,{},
747160a4-5e84-461c-9f11-9c37600416ae,b54098b0-ba7c-4e89-9a7e-f7b92e80b514,earthquake,0101000020E6100000C6DCB5847CF05740BF0E9C33A2A43540,4.40,medium,USGS,us7000qac1,2025-07-03 07:10:38.274+06:30,2026-02-17 20:37:24.876638+06:30,f,,{},
f4618b2a-ba99-418a-938e-a91ade5c88d7,c0472e5e-b6f1-4971-9606-2a90e7b9894a,earthquake,0101000020E610000044696FF0857D5740A60A462575C22240,4.60,medium,USGS,us7000qc2v,2025-07-02 08:22:48.929+06:30,2026-02-17 20:37:24.880559+06:30,f,,{},
91e4c18d-03df-4d58-88ac-6f4271935901,bba18ee4-9182-4c4f-85f3-e062e945b653,earthquake,0101000020E6100000FB3A70CE885658408A8EE4F21F623C40,4.50,medium,USGS,us7000qc28,2025-07-02 03:59:15.203+06:30,2026-02-17 20:37:24.883952+06:30,f,,{},
623064da-328b-46e9-84b6-41221bddd0a5,075f2a1e-fb47-482b-b7cb-e8fc212c1b1f,earthquake,0101000020E6100000234A7B832F04584035EF384547F23640,4.00,medium,USGS,us7000qa1f,2025-07-02 00:49:12.132+06:30,2026-02-17 20:37:24.88798+06:30,f,,{},
37fea716-034d-477a-b839-f5ec449140b4,317b1a1f-0cfa-4e9f-9c0d-c45e3ba78dbb,earthquake,0101000020E6100000FB3A70CE88DE5740BADA8AFD65D73840,4.20,medium,USGS,us7000qc1g,2025-07-01 09:14:17.016+06:30,2026-02-17 20:37:24.891396+06:30,f,,{},
0b8ab524-9e8d-4229-963f-0771552f9954,67ff3c61-ad16-4ef0-9c12-d36ffa6f834b,earthquake,0101000020E6100000AA8251499D805740166A4DF38E132340,4.50,medium,USGS,us7000qbvc,2025-07-01 05:52:35.152+06:30,2026-02-17 20:37:24.896192+06:30,f,,{},
94d0c187-773a-440d-ae8b-992d83125046,f2f48d13-aa78-45d6-b43e-5560a9364269,earthquake,0101000020E6100000CC5D4BC807795740F163CC5D4B882240,4.90,medium,USGS,us7000q9pb,2025-06-30 13:06:20.64+06:30,2026-02-17 20:37:24.899603+06:30,f,,{},
d8791ec0-9b90-4564-a2c0-c2b0690c1124,0803a5c1-383c-442f-aa3d-42e277515d15,earthquake,0101000020E610000071AC8BDB687C5740D3BCE3141DC92240,5.00,medium,USGS,us7000q9p6,2025-06-30 12:22:21.272+06:30,2026-02-17 20:37:24.903679+06:30,f,,{},
ce2ab2c9-98e4-48e7-9f74-efd0251274ca,3b72883f-7a9c-4f27-8b10-6b3113dba6f9,earthquake,0101000020E61000001D386744697F5740F5DBD78173E62240,4.90,medium,USGS,us7000q9nl,2025-06-30 11:09:02.408+06:30,2026-02-17 20:37:24.907589+06:30,f,,{},
09f73468-7ce4-46b0-865f-625a9d5272ca,8cfbc692-319e-41f8-a3f1-5280b28840ed,earthquake,0101000020E6100000F4FDD478E90E58407F6ABC7493983640,3.90,low,EMSC,1831766,2025-07-14 05:39:43+06:30,2026-02-17 20:37:25.202589+06:30,f,,{},
848d6e32-33b1-47ac-b550-4fcb725ea8df,3d90deee-3e2c-491b-ae75-1ef0dcfdbf08,earthquake,0101000020E6100000D9CEF753E3155840B4C876BE9FFA3540,3.90,low,EMSC,1831745,2025-07-14 04:06:13+06:30,2026-02-17 20:37:25.212299+06:30,f,,{},
5aa4c49e-3e9e-458a-bad8-6caa7c262a7f,f52e8989-fe8a-4c17-91a9-91fe74e4e0c0,earthquake,0101000020E6100000F6285C8FC2ED584052B81E85EB913540,3.90,low,EMSC,1831742,2025-07-14 03:58:33+06:30,2026-02-17 20:37:25.216184+06:30,f,,{},
6d094051-c559-46e9-b8bf-9f72d9fe1f59,c858ef42-2887-4eb4-8bb5-bd642c7ef299,earthquake,0101000020E6100000C7BAB88D06EC5740AA60545227D03640,4.30,medium,EMSC,1831739,2025-07-14 03:34:01.95+06:30,2026-02-17 20:37:25.220413+06:30,f,,{},
545dd877-b7b0-4313-811a-bfd36505a07c,148584eb-f2ad-4eef-acb6-0352c2bea5f2,earthquake,0101000020E6100000EFC9C342AD6557404772F90FE9B72240,4.40,medium,EMSC,1837469,2025-07-14 01:44:45.334+06:30,2026-02-17 20:37:25.223663+06:30,f,,{},
9fbe58a3-35d9-4ac9-8df2-698b2cfb6ea3,495fe7f7-7be9-46b9-9b91-b3182aeb89c9,earthquake,0101000020E6100000613255302A7D57408048BF7D1DD82240,5.20,medium,EMSC,1831615,2025-07-13 19:44:41.99+06:30,2026-02-17 20:37:25.228546+06:30,f,,{},
9592bdf7-04b8-424d-b3e7-1c611be21540,c70b3b7d-3a75-4f9c-ba01-015c84d97001,earthquake,0101000020E6100000713D0AD7A3D05740713D0AD7A3703940,3.80,low,EMSC,1831376,2025-07-13 01:41:17+06:30,2026-02-17 20:37:25.231674+06:30,f,,{},
88ef06da-3ed4-4295-a208-88d4167b8cc3,746ec1f0-121e-4feb-8fba-03966c88666d,earthquake,0101000020E6100000A245B6F3FD145840CBA145B6F31D3640,4.00,medium,EMSC,1831178,2025-07-12 11:43:31+06:30,2026-02-17 20:37:25.23808+06:30,f,,{},
1892fafc-99ab-40c8-b67b-06a81e14ed2d,e2e13d26-1847-4919-a717-09241cb1c650,earthquake,0101000020E610000014AE47E17AA4574085EB51B81E453840,3.70,low,EMSC,1830969,2025-07-11 23:57:31+06:30,2026-02-17 20:37:25.245559+06:30,f,,{},
df578b25-c347-4275-a160-dc50c3f51ed6,3d591039-37b7-43db-9855-1294f0b1855c,earthquake,0101000020E61000006DE7FBA9F162584039B4C876BE5F3540,4.40,medium,EMSC,1830891,2025-07-11 17:59:16+06:30,2026-02-17 20:37:25.253501+06:30,f,,{},
e1e1143b-40fb-456b-b6e5-293f29451c6d,2bffd87f-c19a-4ff9-b48e-ee12b491d8d3,earthquake,0101000020E61000000C022B871619584039B4C876BE9F3240,4.40,medium,EMSC,1830856,2025-07-11 15:42:22+06:30,2026-02-17 20:37:25.261613+06:30,f,,{},
f1e328a7-f536-49e4-9df3-53cd2484df7b,0a924d9d-9ace-451d-81e0-f83771472948,earthquake,0101000020E610000075931804567658406891ED7C3F353540,3.60,low,EMSC,1830775,2025-07-11 10:35:48+06:30,2026-02-17 20:37:25.270232+06:30,f,,{},
b104f938-777a-414f-8073-07eb057859a8,f65d6acd-3387-4554-9607-19c7277f9837,earthquake,0101000020E6100000D734EF3845D3574061C3D32B65893940,4.30,medium,EMSC,1830715,2025-07-11 06:56:05.72+06:30,2026-02-17 20:37:25.275909+06:30,f,,{},
0c480c12-4e49-41d4-b8a3-ed3a0f443e86,d1285035-24b0-479e-a8a3-e3df6c04d063,earthquake,0101000020E610000086C954C1A85457403D9B559FAB2D3A40,4.20,medium,EMSC,1829500,2025-07-08 10:22:13.09+06:30,2026-02-17 20:37:25.282394+06:30,f,,{},
e6b029ca-efcb-4ca2-a3d5-004c75a6c4f4,4ee76659-13a1-4d9b-81c8-10e3de7f96d1,earthquake,0101000020E610000041F163CC5D7757401FF46C567D2E2340,5.10,medium,EMSC,1829179,2025-07-07 16:46:03.93+06:30,2026-02-17 20:37:25.288371+06:30,f,,{},
ae053ca4-3199-4e6e-a48d-3798a6483cde,a7fd8656-e2a1-41a7-9080-67c313c019b5,earthquake,0101000020E61000001361C3D32B715740DAACFA5C6D852240,4.90,medium,EMSC,1829171,2025-07-07 16:12:36.79+06:30,2026-02-17 20:37:25.292613+06:30,f,,{},
7a1ff4e2-40d0-43b8-83e3-3586b99c6935,9e2d541f-c100-45b4-b630-52e505beb535,earthquake,0101000020E6100000B29DEFA7C6B7574085EB51B81EA53840,4.40,medium,EMSC,1829101,2025-07-07 11:40:22.04+06:30,2026-02-17 20:37:25.297217+06:30,f,,{},
50a697ff-54eb-46bf-8fe5-4a5f3617153c,c858ef42-2887-4eb4-8bb5-bd642c7ef299,earthquake,0101000020E61000005E4BC8073DFB574032E6AE25E4C33640,4.30,medium,USGS,us7000qch0,2025-07-14 03:34:00.432+06:30,2026-02-17 20:37:25.69941+06:30,f,,{},
4e80fdde-bb9a-4ced-a8a4-0fdaa7c7f51d,148584eb-f2ad-4eef-acb6-0352c2bea5f2,earthquake,0101000020E6100000EFC9C342AD6557404772F90FE9B72240,4.40,medium,USGS,us6000quq1,2025-07-14 01:44:45.334+06:30,2026-02-17 20:37:25.709093+06:30,f,,{},
3fec1cd2-f6a9-4d1a-b657-7db3fcda77e5,495fe7f7-7be9-46b9-9b91-b3182aeb89c9,earthquake,0101000020E6100000BF7D1D386778574005C58F3177AD2240,5.20,medium,USGS,us7000qcet,2025-07-13 19:44:40.966+06:30,2026-02-17 20:37:25.712497+06:30,f,,{},
e2fc2ec5-8f6a-4741-a3ab-122ed543b910,3d591039-37b7-43db-9855-1294f0b1855c,earthquake,0101000020E6100000744694F606535840FB5C6DC5FE823540,4.40,medium,USGS,us6000quf5,2025-07-11 17:59:13.722+06:30,2026-02-17 20:37:25.715585+06:30,f,,{},
6b8c0866-833e-4b4d-b037-06ec5a412629,f65d6acd-3387-4554-9607-19c7277f9837,earthquake,0101000020E6100000226C787AA5D8574061545227A0893940,4.30,medium,USGS,us7000qby2,2025-07-11 06:56:07.414+06:30,2026-02-17 20:37:25.719748+06:30,f,,{},
c888cbf1-f55c-4821-b266-0d1504cb0dc5,e95f565d-f987-4faa-bfe1-f8849fd3117c,earthquake,0101000020E6100000A60A462575525740696FF085C9943A40,4.20,medium,USGS,us7000qba0,2025-07-08 10:22:14.019+06:30,2026-02-17 20:37:25.722931+06:30,f,,{},
ead765ff-85da-4219-b270-5ec71fc167a2,b72b0344-67b8-4934-a037-dcd0d327f2c8,earthquake,0101000020E6100000F5B9DA8AFD715740280F0BB5A6792240,4.40,medium,USGS,us7000qdfw,2025-07-07 16:58:09.829+06:30,2026-02-17 20:37:25.726753+06:30,f,,{},
5233f7d0-f242-4295-804b-db156e86a9db,4ee76659-13a1-4d9b-81c8-10e3de7f96d1,earthquake,0101000020E6100000B537F8C2647E57402063EE5A42BE2240,5.10,medium,USGS,us7000qb4a,2025-07-07 16:46:02.145+06:30,2026-02-17 20:37:25.73048+06:30,f,,{},
8d979913-2433-43d0-af8d-2b957373873a,a7fd8656-e2a1-41a7-9080-67c313c019b5,earthquake,0101000020E61000005305A3923A755740E3361AC05BA02240,4.90,medium,USGS,us7000qb45,2025-07-07 16:12:36.27+06:30,2026-02-17 20:37:25.73368+06:30,f,,{},
5fe1a88f-0a6a-4964-8bb4-85312b150216,9e2d541f-c100-45b4-b630-52e505beb535,earthquake,0101000020E6100000728A8EE4F2B75740C66D3480B7A03840,4.40,medium,USGS,us7000qb38,2025-07-07 11:40:21.865+06:30,2026-02-17 20:37:25.737882+06:30,f,,{},
52cdb4ac-d630-433c-9a75-8e0acdaee8e1,d0e9f734-7494-451f-be11-d50587def146,earthquake,0101000020E61000008D976E12832058404E62105839B43540,4.50,medium,EMSC,1834545,2025-07-20 14:29:17+06:30,2026-02-17 20:37:26.017967+06:30,f,,{},
fe1727e9-b73d-4213-8371-7a6da6947782,f085eaf3-9f57-43c6-8fd0-e256d4f3b62f,earthquake,0101000020E6100000F853E3A59B245840B81E85EB51F83540,3.50,low,EMSC,1833701,2025-07-18 18:29:54+06:30,2026-02-17 20:37:26.024817+06:30,f,,{},
26b96dc6-2b83-4c70-b4e5-81fe1696d395,da0297ac-1785-432f-811e-b0fb3459656a,earthquake,0101000020E6100000DA1B7C61320158401361C3D32BB53640,5.40,medium,EMSC,1833615,2025-07-18 16:00:04.02+06:30,2026-02-17 20:37:26.029501+06:30,f,,{},
d35905d9-5264-48a5-a1e4-a36264ab0fce,cc218403-8828-4372-9030-603752e9124d,earthquake,0101000020E61000002B8716D9CE0F5840FA7E6ABC74133440,4.20,medium,EMSC,1833585,2025-07-18 13:39:12+06:30,2026-02-17 20:37:26.032963+06:30,f,,{},
194c2a3c-aace-4bec-91c5-c389eb3a7af3,2afef1d6-5797-41f7-9823-3be6f4dce7d6,earthquake,0101000020E61000009CA223B9FC9B57400E4FAF9465683740,4.70,medium,EMSC,1833173,2025-07-17 14:24:21.78+06:30,2026-02-17 20:37:26.038134+06:30,f,,{},
d551fa36-9b90-4249-a158-ffc8ba6b76ae,30c38068-5f79-4305-84f8-7841683cfeae,earthquake,0101000020E610000014AE47E17AC457409A99999999993940,3.70,low,EMSC,1832891,2025-07-16 23:59:30+06:30,2026-02-17 20:37:26.042023+06:30,f,,{},
0ebac6a2-0798-478c-80e3-1a1df10bd50d,20eaa0e3-0300-4d5a-a8af-b057fba92b38,earthquake,0101000020E6100000BF0E9C33A294574007F01648507C2240,4.10,medium,EMSC,1832735,2025-07-16 13:57:45.7+06:30,2026-02-17 20:37:26.046783+06:30,f,,{},
a84824d1-08a5-454d-919e-419b8979583f,422328b6-629c-4389-9bff-6d5089c77538,earthquake,0101000020E61000009A9999999911584023DBF97E6AFC3440,4.40,medium,EMSC,1832627,2025-07-16 07:52:54+06:30,2026-02-17 20:37:26.050718+06:30,f,,{},
ca1b84fb-6b0b-4225-ab69-31a874eaa237,542e5666-eee2-4bc2-b3c0-86892da32128,earthquake,0101000020E6100000B84082E2C70458403108AC1C5AF43540,4.70,medium,EMSC,1832547,2025-07-16 03:27:42+06:30,2026-02-17 20:37:26.055057+06:30,f,,{},
c982cd92-ee7f-4c99-8429-584846c4184d,fe02da0e-eed8-4f8f-a939-3d576c5491f4,earthquake,0101000020E6100000931804560EED5840AAF1D24D62903540,4.30,medium,EMSC,1832088,2025-07-14 21:49:50+06:30,2026-02-17 20:37:26.058186+06:30,f,,{},
c82e7141-a5a1-4b38-9dd9-1a128f98819e,fe11cbbb-db24-41b3-89fe-e99dea4965d1,earthquake,0101000020E6100000BE30992A18F95840EC2FBB270F9B3540,4.60,medium,EMSC,1831954,2025-07-14 14:36:36.57+06:30,2026-02-17 20:37:26.062826+06:30,f,,{},
71f47ddc-de0b-489e-bbb6-dd7d742e2758,87974df2-5cc3-4304-a781-e583ae7b86b0,earthquake,0101000020E610000083C0CAA145E6584004560E2DB27D3540,4.00,medium,EMSC,1831785,2025-07-14 07:03:46+06:30,2026-02-17 20:37:26.066871+06:30,f,,{},
b931ffc2-9927-4d72-bd69-b502b9f32122,f52fd576-717f-4d3d-9505-2250c0941531,earthquake,0101000020E6100000DD24068195F358408D28ED0DBEA03540,4.20,medium,EMSC,1831778,2025-07-14 06:31:22.311+06:30,2026-02-17 20:37:26.071116+06:30,f,,{},
e14b744c-36e0-4de5-aa28-a9fd77ab35d8,da0297ac-1785-432f-811e-b0fb3459656a,earthquake,0101000020E6100000B7627FD93DFD57405D6DC5FEB2AB3640,5.10,medium,USGS,us7000qddu,2025-07-18 16:00:03.349+06:30,2026-02-17 20:37:26.478368+06:30,f,,{},
32125695-8c72-4cf5-8b60-2ed97aefebc3,a264af6e-97b0-47e2-b93c-15e5e8b5b0b5,earthquake,0101000020E61000000DE02D90A06057408351499D80262340,4.20,medium,USGS,us6000qwlu,2025-07-18 13:01:54.638+06:30,2026-02-17 20:37:26.499578+06:30,f,,{},
b454515b-12c8-418d-a056-0b098c99c9ae,2afef1d6-5797-41f7-9823-3be6f4dce7d6,earthquake,0101000020E61000009A779CA2239957406ADE718A8E643740,4.60,medium,USGS,us7000qd63,2025-07-17 14:24:20.651+06:30,2026-02-17 20:37:26.504294+06:30,f,,{},
0009cc10-d52d-42bc-a2b7-4c204b847d0a,9f768b9d-4d8b-4483-9a0b-db68c0027a9a,earthquake,0101000020E610000024287E8CB98F574035EF384547922240,4.30,medium,USGS,us6000qwk4,2025-07-17 06:49:45.825+06:30,2026-02-17 20:37:26.508757+06:30,f,,{},
bf940c21-913e-445d-9dde-666d3891f774,a2049f1f-2eba-4a4e-a56a-716206c46cfe,earthquake,0101000020E610000020D26F5F077A5740A54E401361E32240,4.20,medium,USGS,us6000qvzb,2025-07-17 05:43:53.515+06:30,2026-02-17 20:37:26.51349+06:30,f,,{},
d233b1ee-1ba1-47c5-8bed-af03e5f3948a,20eaa0e3-0300-4d5a-a8af-b057fba92b38,earthquake,0101000020E610000041F163CC5D8B5740736891ED7C9F2240,4.40,medium,USGS,us7000qcym,2025-07-16 13:57:47.015+06:30,2026-02-17 20:37:26.517503+06:30,f,,{},
ea9efafc-c7b4-4a64-be7f-a3986f637dee,542e5666-eee2-4bc2-b3c0-86892da32128,earthquake,0101000020E61000008351499D800A5840DE718A8EE4123640,4.90,medium,USGS,us7000qcvt,2025-07-16 03:27:38.194+06:30,2026-02-17 20:37:26.521935+06:30,f,,{},
646253e7-c68b-456d-839c-d4b95c9d169e,b7518cc9-149b-4b51-84a8-a37b374be9bc,earthquake,0101000020E6100000F5DBD781738657403A92CB7F48DF2240,4.30,medium,USGS,us6000qvpl,2025-07-15 13:18:31.462+06:30,2026-02-17 20:37:26.525895+06:30,f,,{},
9c81ecee-9d29-4ba2-98ce-2ceb2ea043ac,fe11cbbb-db24-41b3-89fe-e99dea4965d1,earthquake,0101000020E610000060764F1E16F25840D200DE0209AA3540,4.50,medium,USGS,us7000qck7,2025-07-14 14:36:36.465+06:30,2026-02-17 20:37:26.529944+06:30,f,,{},
7834e344-dc65-4b33-95ee-9961b620f8b8,f52fd576-717f-4d3d-9505-2250c0941531,earthquake,0101000020E6100000DD24068195F358408D28ED0DBEA03540,4.20,medium,USGS,us7000qchi,2025-07-14 06:31:22.311+06:30,2026-02-17 20:37:26.533747+06:30,f,,{},
cf1d29e9-d14c-48fb-9b64-2cdf30a3b655,7abbd982-d4a3-4f52-9bc8-f23da71b21a9,earthquake,0101000020E610000042CF66D5E7F257403F355EBA492C2940,4.20,medium,EMSC,1844336,2025-07-28 05:13:07.617+06:30,2026-02-17 20:37:26.830977+06:30,f,,{},
447a4456-591b-496e-a9f7-c84539b977df,b8fa1c3c-5042-49a8-a0b7-3e750c328167,earthquake,0101000020E610000052B81E85EB0158403333333333B33540,4.70,medium,EMSC,1837831,2025-07-28 00:01:10+06:30,2026-02-17 20:37:26.840094+06:30,f,,{},
61d8d1bc-b4e4-4588-8ca8-2c5b5e462590,e0d774f3-3657-45b3-9bfd-e393699b1795,earthquake,0101000020E610000085EB51B81EA557407B14AE47E17A3840,3.80,low,EMSC,1837501,2025-07-27 01:35:35+06:30,2026-02-17 20:37:26.844644+06:30,f,,{},
21fa6a3b-eb79-47c2-9e9f-97f8ae57132c,ef1278aa-3559-48dc-a5fb-843290b6449f,earthquake,0101000020E61000002BF697DD937B5740BC74931804762240,4.50,medium,EMSC,1837420,2025-07-26 17:26:39.805+06:30,2026-02-17 20:37:26.847499+06:30,f,,{},
d90e5f1c-ffda-4faa-824f-b604eaf4b426,2e9790a7-7c57-405d-bf02-e85c89e4290c,earthquake,0101000020E61000000000000000905740B81E85EB51F83640,4.00,medium,EMSC,1837206,2025-07-26 04:14:48+06:30,2026-02-17 20:37:26.850803+06:30,f,,{},
30f8154c-e92f-4320-8065-b591d7d03de0,cb04eaa1-5bbd-4336-9f24-798c033b70e4,earthquake,0101000020E6100000C74B378941305940C3F5285C8FE23640,4.00,medium,EMSC,1837204,2025-07-26 04:01:43+06:30,2026-02-17 20:37:26.855203+06:30,f,,{},
e1300e1e-c302-46ec-bab3-d96be7b5eed2,8f663a76-1ff4-43f3-a701-6dac682d9a67,earthquake,0101000020E61000005839B4C8761E58404C37894160C53240,3.80,low,EMSC,1837012,2025-07-25 17:25:23+06:30,2026-02-17 20:37:26.859327+06:30,f,,{},
b8a4548d-00fe-4b6a-842e-1b3c2128a005,a2648c69-f752-4473-a086-711a6b579f1a,earthquake,0101000020E6100000AAF1D24D6210584039B4C876BEDF3540,3.50,low,EMSC,1836436,2025-07-24 21:03:29+06:30,2026-02-17 20:37:26.864897+06:30,f,,{},
f958e921-8820-458f-9b5e-9157b94ba94b,6342a5c4-176e-4863-acb0-25c4590e62da,earthquake,0101000020E6100000D9CEF753E39D58408FC2F5285CAF3340,3.60,low,EMSC,1836382,2025-07-24 19:15:36+06:30,2026-02-17 20:37:26.870371+06:30,f,,{},
2bec7dd6-a127-4826-ba0e-c27f99a30110,5c1cd474-d107-4f27-af47-641f8d6e52d7,earthquake,0101000020E61000007B14AE47E1AA57403333333333733740,4.60,medium,EMSC,1836364,2025-07-24 18:35:42.7+06:30,2026-02-17 20:37:26.87365+06:30,f,,{},
b9015bdf-9f7d-4d03-818b-72861b0181be,63587cc6-5696-4f15-9dbb-e9d98be94857,earthquake,0101000020E6100000AAF1D24D622058409EEFA7C64BF73540,3.70,low,EMSC,1836236,2025-07-24 08:51:07+06:30,2026-02-17 20:37:26.878344+06:30,f,,{},
ad133d95-6814-4469-a568-f31f4e3ab7be,db43b4af-331a-4e7c-afc4-f2b7d5fb053d,earthquake,0101000020E6100000C3F5285C8F8A5840EC51B81E856B3440,4.10,medium,EMSC,1836188,2025-07-24 06:15:33+06:30,2026-02-17 20:37:26.882831+06:30,f,,{},
4838d2c2-e493-4459-b49d-3250dc81ef17,f4cfe028-bf88-409d-92ac-1214b932e094,earthquake,0101000020E610000052B81E85EB495740A4DFBE0E9CD32540,4.50,medium,EMSC,1835241,2025-07-22 00:30:52.19+06:30,2026-02-17 20:37:26.887689+06:30,f,,{},
fa08a23b-6abc-456c-acb3-92215aeab8b6,b8fa1c3c-5042-49a8-a0b7-3e750c328167,earthquake,0101000020E6100000B9FC87F4DBEF5740083D9B559FBB3540,4.00,medium,USGS,us6000qz5b,2025-07-28 00:01:06.57+06:30,2026-02-17 20:37:27.292165+06:30,f,,{},
83df472e-c2ca-48fc-8651-b1ce9a82c674,eebc19b1-82b3-483c-af39-fedb4d1c8a19,earthquake,0101000020E61000002575029A08FF5740B5A679C729BA3640,4.10,medium,USGS,us6000qz4j,2025-07-27 11:45:35.764+06:30,2026-02-17 20:37:27.298837+06:30,f,,{},
042811a7-04d7-4915-a892-22209a5277c7,ef1278aa-3559-48dc-a5fb-843290b6449f,earthquake,0101000020E61000002BF697DD937B5740BC74931804762240,4.50,medium,USGS,us6000qvis,2025-07-26 17:26:39.805+06:30,2026-02-17 20:37:27.302798+06:30,f,,{},
d039dacb-8426-4f8b-bb28-a2df3611d7c9,2c70020b-6ed4-4128-b872-af78f9485f73,earthquake,0101000020E61000009B559FABAD685740158C4AEA04742240,4.90,medium,USGS,us6000qv40,2025-07-25 19:27:20.082+06:30,2026-02-17 20:37:27.305844+06:30,f,,{},
b7ccd390-8695-4982-9f37-320cd6d61a3f,73b4dc9d-8384-45de-8b45-6961456b4e06,earthquake,0101000020E610000034A2B437F8B25740DC68006F81143740,4.60,medium,USGS,us6000qukz,2025-07-24 18:35:50.988+06:30,2026-02-17 20:37:27.30903+06:30,f,,{},
6814a46a-7a1f-4a8d-a9f9-80de60cf3892,f4cfe028-bf88-409d-92ac-1214b932e094,earthquake,0101000020E6100000EC2FBB270F435740C66D3480B7202640,4.50,medium,USGS,us6000qtz9,2025-07-22 00:30:56.801+06:30,2026-02-17 20:37:27.313202+06:30,f,,{},
6fc299e4-65c2-4ad3-a79c-b537ed8b71f8,b7d7c846-6050-442c-976a-576800d054dd,earthquake,0101000020E6100000091B9E5E290358401283C0CAA1D53440,4.50,medium,EMSC,1841602,2025-08-04 03:42:44.173+06:30,2026-02-17 20:37:27.611842+06:30,f,,{},
35798e9a-4594-49e5-baa8-8b9340748ca6,d7bd9f2f-0815-416e-bdb7-328343a17752,earthquake,0101000020E6100000E9263108AC745840EE7C3F355E1A3440,3.60,low,EMSC,1841157,2025-08-03 02:10:38+06:30,2026-02-17 20:37:27.621912+06:30,f,,{},
f61d24c1-fcb0-4768-b815-a9a6d82f148f,9bf737b7-fadc-4f39-80a3-da4252e80128,earthquake,0101000020E6100000713D0AD7A3905740A4703D0AD7633740,3.60,low,EMSC,1841050,2025-08-02 21:00:50+06:30,2026-02-17 20:37:27.625591+06:30,f,,{},
5a2abbf9-dc18-4237-a12a-038629e70223,d47637d4-7962-4872-93eb-8b1fc88de1f0,earthquake,0101000020E61000009A081B9E5EA5574089D2DEE00B533640,4.80,medium,EMSC,1840012,2025-07-31 20:56:46.58+06:30,2026-02-17 20:37:27.629351+06:30,f,,{},
e8350e75-49ee-4349-83b0-0ccba74f509d,3185e0c9-b6bc-492d-9db6-4665cbfde83e,earthquake,0101000020E610000080B74082E27B574025068195438B2240,4.60,medium,EMSC,1838603,2025-07-29 23:44:13.27+06:30,2026-02-17 20:37:27.632344+06:30,f,,{},
61baecda-d930-40da-9d18-2afd4c117d34,e8724665-a51f-46f9-aca5-a34323e5f517,earthquake,0101000020E6100000D34D621058FD5740BB270F0BB5B63640,4.40,medium,EMSC,1838597,2025-07-29 23:19:39.67+06:30,2026-02-17 20:37:27.636938+06:30,f,,{},
bb2edc84-c472-464c-9d45-bbb8763526aa,839b4a40-07fc-4bed-924e-633de4bde31a,earthquake,0101000020E61000003A234A7B837B574007F0164850BC2240,4.90,medium,EMSC,1838589,2025-07-29 22:54:24.16+06:30,2026-02-17 20:37:27.640193+06:30,f,,{},
611b8415-3bf5-4f0e-931b-27f9edd654c7,839b4a40-07fc-4bed-924e-633de4bde31a,earthquake,0101000020E61000004BC8073D9B7D57402FDD240681B52240,5.00,medium,EMSC,1838582,2025-07-29 22:41:34.43+06:30,2026-02-17 20:37:27.644792+06:30,f,,{},
2d0ccf25-f8a8-45ae-bc7d-d729375760af,482e5ac2-0db3-40e1-ba08-9413e50f847a,earthquake,0101000020E610000062A1D634EF785740992A1895D4C92240,4.80,medium,EMSC,1838576,2025-07-29 22:17:24.25+06:30,2026-02-17 20:37:27.648599+06:30,f,,{},
83aa97d3-a448-4a42-843c-468ebf27c7b0,e5acd3cd-744d-4d7a-bbd1-c37e2df2e5cc,earthquake,0101000020E61000005AF5B9DA8AF957400E2DB29DEFB73640,4.60,medium,EMSC,1838573,2025-07-29 22:04:34.73+06:30,2026-02-17 20:37:27.652767+06:30,f,,{},
07cc6c4e-a04a-454b-b0b4-997e7deb9851,77527a6f-348f-4a05-8424-1325311bacfa,earthquake,0101000020E610000023DBF97E6A1C5840295C8FC2F5A83540,3.90,low,EMSC,1838364,2025-07-29 10:28:21+06:30,2026-02-17 20:37:27.655982+06:30,f,,{},
cf4f2704-9fe8-4a66-8865-55336e90c3e2,5cabfe1b-eabe-44a4-b39c-67c45cd37901,earthquake,0101000020E61000007B14AE47E1DA57408FC2F5285C0F3B40,3.50,low,EMSC,1838113,2025-07-28 19:36:23+06:30,2026-02-17 20:37:27.659347+06:30,f,,{},
70c20d21-029d-4327-8c7a-e259ef3fe6c1,b7d7c846-6050-442c-976a-576800d054dd,earthquake,0101000020E6100000C364AA60540658403FC6DCB584DC3440,4.50,medium,USGS,us6000qxyb,2025-08-04 03:42:44.297+06:30,2026-02-17 20:37:28.065968+06:30,f,,{},
5c3cd874-3e5a-4e34-9d27-8664efee97c4,d47637d4-7962-4872-93eb-8b1fc88de1f0,earthquake,0101000020E61000003CBD529621A65740E7FBA9F1D24D3640,4.70,medium,USGS,us6000qwy4,2025-07-31 20:56:46.736+06:30,2026-02-17 20:37:28.075476+06:30,f,,{},
ad05b644-8753-41b1-b7e4-c4b9d689dad3,dbafac0b-98d8-4418-8a8b-ed13c6c1ac70,earthquake,0101000020E6100000F697DD93877D57400B46257502BA2240,5.00,medium,USGS,us6000r1fa,2025-07-30 23:51:03.426+06:30,2026-02-17 20:37:28.079668+06:30,f,,{},
725f73ed-3f12-48a0-8ad6-2729b5e17aa3,3185e0c9-b6bc-492d-9db6-4665cbfde83e,earthquake,0101000020E6100000B98D06F016805740CE88D2DEE0CB2240,4.50,medium,USGS,us6000qw13,2025-07-29 23:44:14.026+06:30,2026-02-17 20:37:28.082764+06:30,f,,{},
b5875b91-c05e-4bd9-8fd2-16a43fdae3f0,e8724665-a51f-46f9-aca5-a34323e5f517,earthquake,0101000020E610000039454772F9F757404DF38E5374B43640,4.40,medium,USGS,us6000qw0f,2025-07-29 23:19:40.262+06:30,2026-02-17 20:37:28.087411+06:30,f,,{},
fb916e6a-0052-4166-bc60-ff4febfeda27,839b4a40-07fc-4bed-924e-633de4bde31a,earthquake,0101000020E61000001EA7E8482E7B5740D5E76A2BF6B72240,4.90,medium,USGS,us6000qw0e,2025-07-29 22:54:24.857+06:30,2026-02-17 20:37:28.091279+06:30,f,,{},
b90955fa-75c3-49f5-8006-a18cd9bf1c6c,839b4a40-07fc-4bed-924e-633de4bde31a,earthquake,0101000020E61000009CC420B0727C5740A9A44E4013812240,4.00,medium,USGS,us6000r0ph,2025-07-29 22:53:41.867+06:30,2026-02-17 20:37:28.095616+06:30,f,,{},
11553cba-4172-4010-aca3-c4fdddc39c18,839b4a40-07fc-4bed-924e-633de4bde31a,earthquake,0101000020E610000061545227A07D5740105839B4C8B62240,5.00,medium,USGS,us6000qw06,2025-07-29 22:41:34.441+06:30,2026-02-17 20:37:28.098927+06:30,f,,{},
fc48698d-e9b1-42a6-abab-93d36ed2fdba,482e5ac2-0db3-40e1-ba08-9413e50f847a,earthquake,0101000020E6100000FD87F4DBD77D5740F7E461A1D6F42240,4.80,medium,USGS,us6000qw00,2025-07-29 22:17:23.825+06:30,2026-02-17 20:37:28.103124+06:30,f,,{},
5b013627-3be1-418b-abb0-de790b15ceee,e5acd3cd-744d-4d7a-bbd1-c37e2df2e5cc,earthquake,0101000020E6100000C520B07268F95740BDE3141DC9B53640,4.60,medium,USGS,us6000qw02,2025-07-29 22:04:33.152+06:30,2026-02-17 20:37:28.106805+06:30,f,,{},
b367b29c-f124-48f9-b045-915501268d60,e5b1d81c-ad58-4fe0-b2e3-13ba532db808,earthquake,0101000020E610000091ED7C3F3526584083C0CAA145F63540,3.60,low,EMSC,1844076,2025-08-10 15:42:38+06:30,2026-02-17 20:37:28.401796+06:30,f,,{},
dc5c96b5-7e64-4971-aa97-30efbd9f31da,45794963-4005-486b-815d-8f8740b44e70,earthquake,0101000020E6100000AED85F764F9E5740EBE2361AC0EB3640,4.60,medium,EMSC,1843760,2025-08-09 19:00:13.57+06:30,2026-02-17 20:37:28.411146+06:30,f,,{},
52c2169a-0039-4507-9f34-30db5d1ab1f2,a247b7c5-cd69-407a-8657-96e0953ccc90,earthquake,0101000020E6100000713D0AD7A3305740EC51B81E856B3A40,3.80,low,EMSC,1843089,2025-08-07 22:25:34+06:30,2026-02-17 20:37:28.414906+06:30,f,,{},
f7a30378-73e5-4356-9d73-e35530c70265,2f20c61d-33b7-4d88-8b5b-a96867aab4eb,earthquake,0101000020E610000060E5D022DB095840C976BE9F1A3F3440,4.40,medium,EMSC,1843066,2025-08-07 21:01:00+06:30,2026-02-17 20:37:28.418021+06:30,f,,{},
51a16cd1-ed13-4dae-b840-2391f963a64c,80257d9f-4234-4d16-99b9-f1d8e0496988,earthquake,0101000020E6100000295C8FC2F5785840AE47E17A140E3440,3.80,low,EMSC,1842993,2025-08-07 15:40:43+06:30,2026-02-17 20:37:28.421302+06:30,f,,{},
c3668616-9328-424d-8352-2620e926c7ef,3b3ff948-90f3-46c4-934a-e3dbebf72148,earthquake,0101000020E61000009A99999999215840F0A7C64B37A93240,3.50,low,EMSC,1841781,2025-08-04 14:10:32+06:30,2026-02-17 20:37:28.425541+06:30,f,,{},
5ffb6320-ae3b-4bf9-869d-d410a7c72932,2b46bca8-8273-43d7-8d74-024ff069d783,earthquake,0101000020E610000037894160E5705840C3F5285C8F023440,4.10,medium,EMSC,1841756,2025-08-04 12:53:46+06:30,2026-02-17 20:37:28.430577+06:30,f,,{},
0c31e4b7-1de3-4fc7-90e1-62636786445b,f28e8bd6-dee1-43b9-a5eb-f8d64ea7e3a3,earthquake,0101000020E61000002DB29DEFA73257402AA913D044582B40,4.70,medium,USGS,us6000qzlg,2025-08-10 13:02:32.923+06:30,2026-02-17 20:37:29.001613+06:30,f,,{},
e3f7a889-71c8-4884-af9e-bd013ad3d4a1,3932fa27-e86a-44cf-9ddb-c6a99449b057,earthquake,0101000020E61000003C4ED1915C765740158C4AEA04942240,4.40,medium,USGS,us7000qttd,2025-08-10 12:48:24.04+06:30,2026-02-17 20:37:29.011119+06:30,f,,{},
30d697ba-be9c-455d-a6a0-39106a46b9dc,45794963-4005-486b-815d-8f8740b44e70,earthquake,0101000020E610000009F9A067B39E5740D0B359F5B9EA3640,4.60,medium,USGS,us6000qzgu,2025-08-09 19:00:13.333+06:30,2026-02-17 20:37:29.015059+06:30,f,,{},
5fcde1cc-bcbc-45f1-99e5-c45282c04f55,2f20c61d-33b7-4d88-8b5b-a96867aab4eb,earthquake,0101000020E6100000772D211FF40C5840228E75711B3D3440,4.50,medium,USGS,us6000qyul,2025-08-07 21:00:59.671+06:30,2026-02-17 20:37:29.018231+06:30,f,,{},
5f01a7ca-a52d-4491-9a10-b7ac86e48285,ceb2443b-4b4f-4860-9d11-299cba963093,earthquake,0101000020E610000035EF384547165740AED85F764FDE2B40,4.20,medium,USGS,us7000qrdu,2025-08-05 04:08:27.704+06:30,2026-02-17 20:37:29.021251+06:30,f,,{},
2001dd19-b555-43fd-bbeb-ee1d12f8f693,987d868b-22b9-4077-95d9-37ebce1ddf8f,earthquake,0101000020E6100000E7FBA9F1D20D58407F6ABC7493583640,3.50,low,EMSC,1850443,2025-08-18 05:59:02+06:30,2026-02-17 20:37:29.313631+06:30,f,,{},
56d6863c-e624-44bc-94e6-fff82bff5d36,40b016ba-73ff-4bbd-aac6-149e778e8453,earthquake,0101000020E61000006891ED7C3F0D5840E9263108AC7C3540,3.70,low,EMSC,1845550,2025-08-12 12:16:58+06:30,2026-02-17 20:37:29.325131+06:30,f,,{},
b9e81bd9-5287-4d94-9c3f-3ad4ca6b717d,9aad8ed6-10c8-45c6-a472-a2527bcb0447,earthquake,0101000020E6100000FCA9F1D24D8E574082E2C798BB863740,4.20,medium,EMSC,1867213,2025-08-22 11:48:33.513+06:30,2026-02-17 20:37:30.032829+06:30,f,,{},
f40b1227-333e-4350-936b-9d11b81995c7,3c0aff6a-b16c-457c-8fb4-8ade08c9df0a,earthquake,0101000020E61000008CB96B09F98C574098DD9387856A3740,5.30,medium,EMSC,1853330,2025-08-22 11:26:14.27+06:30,2026-02-17 20:37:30.043661+06:30,f,,{},
e860ef7a-cafb-4484-ad6f-6ed734a97539,3b276a9e-2b9f-4705-acee-ab15c343d966,earthquake,0101000020E6100000BC74931804465840FCA9F1D24D023640,3.80,low,EMSC,1852708,2025-08-21 14:17:30+06:30,2026-02-17 20:37:30.047881+06:30,f,,{},
87887ad3-e413-448d-86a3-52f4a96c0997,e8a4126c-5625-4761-add0-9086b7a5a8a1,earthquake,0101000020E61000000DE02D90A0245840BD5296218E353040,4.60,medium,EMSC,1852594,2025-08-21 09:28:07.7+06:30,2026-02-17 20:37:30.050505+06:30,f,,{},
85b64869-b30a-4506-8f8f-1535e7d3c69c,3ad9b3c6-d3f8-4fe9-8f8e-bea60c1c229b,earthquake,0101000020E61000003D0AD7A37035584046B6F3FDD4383040,4.10,medium,EMSC,1852345,2025-08-20 22:49:49+06:30,2026-02-17 20:37:30.055102+06:30,f,,{},
bb98a30e-a7f1-4a9c-9f3f-07ae75f80887,3ad9b3c6-d3f8-4fe9-8f8e-bea60c1c229b,earthquake,0101000020E6100000D122DBF97E3A5840DBF97E6ABC543040,4.20,medium,EMSC,1852343,2025-08-20 22:34:58+06:30,2026-02-17 20:37:30.058697+06:30,f,,{},
22c25c53-948a-496f-869c-832c30facfa3,d300a4d3-557e-4d50-96c2-f9b33d6fc0cd,earthquake,0101000020E6100000BF0E9C33A21C5840D3DEE00B93193040,4.50,medium,EMSC,1852247,2025-08-20 19:16:23.303+06:30,2026-02-17 20:37:30.062965+06:30,f,,{},
7520c279-65bd-498e-9753-c2fa8e002379,34a6685e-126d-493c-94cd-2c0888fe45d1,earthquake,0101000020E61000003D0AD7A3702D574048E17A14AE473A40,4.30,medium,EMSC,1850696,2025-08-18 13:09:33+06:30,2026-02-17 20:37:30.066211+06:30,f,,{},
2f2e3d54-bceb-4b81-b53c-2ee17ff50973,9aad8ed6-10c8-45c6-a472-a2527bcb0447,earthquake,0101000020E6100000FCA9F1D24D8E574082E2C798BB863740,4.20,medium,USGS,us7000qwq9,2025-08-22 11:48:33.513+06:30,2026-02-17 20:37:30.682147+06:30,f,,{},
b402cad8-593c-49ba-978b-f3097bf9e228,3c0aff6a-b16c-457c-8fb4-8ade08c9df0a,earthquake,0101000020E6100000AA8251499D905740BA490C022B673740,5.30,medium,USGS,us6000r2z6,2025-08-22 11:26:14.177+06:30,2026-02-17 20:37:30.691627+06:30,f,,{},
a5c896a2-199d-4632-bcd0-30c019debc07,e8a4126c-5625-4761-add0-9086b7a5a8a1,earthquake,0101000020E61000007FD93D795824584039454772F91F3040,4.60,medium,USGS,us6000r2pe,2025-08-21 09:28:06.895+06:30,2026-02-17 20:37:30.696064+06:30,f,,{},
eacbe98c-0bf4-4f31-86ad-9e6d302c2b3c,d300a4d3-557e-4d50-96c2-f9b33d6fc0cd,earthquake,0101000020E6100000BF0E9C33A21C5840D3DEE00B93193040,4.50,medium,USGS,us7000qwbn,2025-08-20 19:16:23.303+06:30,2026-02-17 20:37:30.699203+06:30,f,,{},
c865004f-4e73-4924-b32a-d5d8dde50acf,34a6685e-126d-493c-94cd-2c0888fe45d1,earthquake,0101000020E61000002575029A083357408E06F01648503A40,4.30,medium,USGS,us7000qvhh,2025-08-18 13:09:32.542+06:30,2026-02-17 20:37:30.703541+06:30,f,,{},
c0cd9785-1f31-40ad-ba53-5ba32edf292c,9b36330c-ce02-4c87-8559-448e9b414c54,earthquake,0101000020E6100000ED0DBE3099165840C217265305C32E40,4.70,medium,EMSC,1858160,2025-08-30 23:35:32.78+06:30,2026-02-17 20:37:31.004592+06:30,f,,{},
b69e4a0b-2823-47fd-a384-525bf9f38a60,f703adbd-319e-4d39-a8bb-597d8f577b3a,earthquake,0101000020E610000048E17A14AE47574085EB51B81EC53B40,3.60,low,EMSC,1856842,2025-08-28 09:05:54+06:30,2026-02-17 20:37:31.014726+06:30,f,,{},
9f49f2bf-c24b-4f51-9168-506a99d2e6da,5301d57b-cace-4538-8ca6-035618825d43,earthquake,0101000020E6100000986E1283C00A5840F0A7C64B37893640,4.10,medium,EMSC,1856740,2025-08-28 04:36:13+06:30,2026-02-17 20:37:31.019951+06:30,f,,{},
506536a1-0c1a-479f-b095-a8c1d590be6c,4c8c29c7-80bb-4393-8ecc-4cbccef30b13,earthquake,0101000020E6100000B81E85EB51185840D34D621058B93240,3.50,low,EMSC,1856486,2025-08-27 17:02:13+06:30,2026-02-17 20:37:31.023146+06:30,f,,{},
7634c422-20ad-477c-ba33-bab62504f292,90651339-a481-4283-a5c2-89da0d1b9663,earthquake,0101000020E610000066666666661E584060E5D022DBF93540,3.60,low,EMSC,1856043,2025-08-26 22:15:07+06:30,2026-02-17 20:37:31.026662+06:30,f,,{},
a74810c6-90c3-497c-97e9-dc36240c8a37,5afef29d-a5fe-4f45-9339-72727179820e,earthquake,0101000020E61000002506819543135840508D976E12433640,4.10,medium,EMSC,1855609,2025-08-26 04:03:28+06:30,2026-02-17 20:37:31.030716+06:30,f,,{},
21f31d85-b248-4493-b9f9-906070f663c1,f33f0c5c-7389-432a-b007-22963b5897b7,earthquake,0101000020E610000066666666660E5840AE47E17A144E3240,3.60,low,EMSC,1855390,2025-08-25 17:50:58+06:30,2026-02-17 20:37:31.033989+06:30,f,,{},
69926414-19ce-48fe-8cef-4d3885337e6f,9b36330c-ce02-4c87-8559-448e9b414c54,earthquake,0101000020E610000012143FC6DC1558409C33A2B437D82E40,4.70,medium,USGS,us7000qskp,2025-08-30 23:35:31.112+06:30,2026-02-17 20:37:31.438855+06:30,f,,{},
4906a8e7-31a3-4534-a988-c967fac2570d,c1df6ffb-148c-444e-9990-98b416cac588,earthquake,0101000020E6100000AAF1D24D621058400000000000403640,3.60,low,EMSC,1862219,2025-09-08 04:43:08+06:30,2026-02-17 20:37:31.737822+06:30,f,,{},
39a2ead6-7497-4ad0-ac2e-9a80b59ac913,a4f6accc-7cef-4230-881a-d821b1d8a836,earthquake,0101000020E61000004A7B832F4C125840696FF085C9F43240,4.90,medium,EMSC,1861822,2025-09-07 09:47:05.89+06:30,2026-02-17 20:37:31.744374+06:30,f,,{},
3bc609ca-0b5b-4c2a-938d-96d154c9ead9,021b3245-4952-4f62-bd9a-29bd9403ca75,earthquake,0101000020E610000001DE02098A77574027A089B0E1E93640,4.30,medium,EMSC,1900880,2025-09-06 06:17:57.732+06:30,2026-02-17 20:37:31.74821+06:30,f,,{},
ce7fba34-cece-433a-928e-8a361063e6b6,9aeb8293-b017-4cb0-8b97-8a41b7439b11,earthquake,0101000020E61000008B6CE7FBA9115840EE7C3F355E3A3640,3.90,low,EMSC,1861018,2025-09-05 12:52:10+06:30,2026-02-17 20:37:31.751363+06:30,f,,{},
9924c500-cc91-4bb2-97a5-1b5084c05013,984ffc64-b767-4796-a4c7-ed22021a0c50,earthquake,0101000020E6100000EFC9C342ADAD5740D8F0F44A59A63740,4.40,medium,EMSC,1860498,2025-09-04 12:03:33.449+06:30,2026-02-17 20:37:31.754519+06:30,f,,{},
1be2ec78-7656-4b35-b113-bd406c04b16f,fbf17cb9-933b-4ce0-9006-d0621a725915,earthquake,0101000020E6100000E02D90A0F8E557408351499D80963540,4.90,medium,EMSC,1860471,2025-09-04 10:52:01.077+06:30,2026-02-17 20:37:31.757814+06:30,f,,{},
6a792370-dbc8-4183-90d9-6e1083201c19,f5433457-4bb5-43a1-b4f1-7b43879a37c1,earthquake,0101000020E61000000AD7A3703D8A57400AD7A3703D4A3840,4.10,medium,EMSC,1860303,2025-09-04 02:22:36+06:30,2026-02-17 20:37:31.761818+06:30,f,,{},
e46216cf-f87e-4f48-9738-15f58fe7d2a7,7d53ba53-55d2-460a-bbc6-ec2fe939e1b9,earthquake,0101000020E6100000C442AD69DE695740EA95B20C716C2340,4.40,medium,EMSC,1860174,2025-09-03 20:22:50.487+06:30,2026-02-17 20:37:31.765192+06:30,f,,{},
5529bad8-4466-4758-8b7b-4237286e8460,2061a641-a38e-4ebc-a5b2-02b336cc8365,earthquake,0101000020E61000001F85EB51B86E57409A99999999D93740,3.70,low,EMSC,1860112,2025-09-03 17:23:40+06:30,2026-02-17 20:37:31.769011+06:30,f,,{},
0ce7407f-fc01-4a36-845a-2ba60866e2dd,97ba3a4f-ebbf-4080-b170-366968b2b6e1,earthquake,0101000020E6100000E7FBA9F1D2155840643BDF4F8DB73540,3.70,low,EMSC,1860065,2025-09-03 14:48:02+06:30,2026-02-17 20:37:31.772419+06:30,f,,{},
2b31fb0d-7d61-48b3-9633-4de2019dec1d,6408f4fc-e9b9-4b26-a755-cc6d7bb89051,earthquake,0101000020E61000000F9C33A2B4F758404BEA043411263C40,4.20,medium,EMSC,1872837,2025-09-03 07:24:16.398+06:30,2026-02-17 20:37:31.775473+06:30,f,,{},
095a0a16-574f-47ce-8fad-26965814217a,527b177a-4531-4fb5-84bb-7edb6b4fe02e,earthquake,0101000020E61000007B14AE47E13A5740713D0AD7A3B03A40,3.50,low,EMSC,1859680,2025-09-02 18:33:29+06:30,2026-02-17 20:37:31.779866+06:30,f,,{},
62583741-f6e0-4c00-864a-bcc90c69e4d7,2ae851f8-9c60-4383-8d11-6bc3af12d0ab,earthquake,0101000020E6100000C520B07268195840736891ED7CBF3240,4.20,medium,EMSC,1859623,2025-09-02 15:28:45+06:30,2026-02-17 20:37:31.783026+06:30,f,,{},
d2a50ccb-8d39-4df3-af1f-f80d85b13a63,a1e5908d-68cc-4c0d-a72b-0419f8f2c129,earthquake,0101000020E61000009EEFA7C64B0F584023DBF97E6ABC3540,3.50,low,EMSC,1859051,2025-09-01 14:12:41+06:30,2026-02-17 20:37:31.786905+06:30,f,,{},
5ce1c17a-e693-4f0a-8cb4-f488e97eff3b,15f65284-9c96-4ad6-83aa-e14c38e42809,earthquake,0101000020E6100000D9CEF753E31D5840931804560EED2D40,3.50,low,EMSC,1859052,2025-09-01 07:12:45+06:30,2026-02-17 20:37:31.790031+06:30,f,,{},
15d62543-f3ba-4d53-aec3-0f4de9b60dfe,a4f6accc-7cef-4230-881a-d821b1d8a836,earthquake,0101000020E610000037894160E510584088F4DBD781033340,4.60,medium,USGS,us7000qui1,2025-09-07 09:47:06.03+06:30,2026-02-17 20:37:32.361668+06:30,f,,{},
814659e7-531c-49f4-939b-690a71ee2179,021b3245-4952-4f62-bd9a-29bd9403ca75,earthquake,0101000020E610000001DE02098A77574027A089B0E1E93640,4.30,medium,USGS,us6000rdlw,2025-09-06 06:17:57.732+06:30,2026-02-17 20:37:32.371678+06:30,f,,{},
572fc4f1-a7d0-4427-a84b-bec4b8c55e8f,984ffc64-b767-4796-a4c7-ed22021a0c50,earthquake,0101000020E6100000EFC9C342ADAD5740D8F0F44A59A63740,4.40,medium,USGS,us7000qtq9,2025-09-04 12:03:33.449+06:30,2026-02-17 20:37:32.375392+06:30,f,,{},
4c6a5ef0-3ce2-45aa-9645-4a11b9bc9cec,fbf17cb9-933b-4ce0-9006-d0621a725915,earthquake,0101000020E6100000E02D90A0F8E557408351499D80963540,4.50,medium,USGS,us7000qtq7,2025-09-04 10:52:01.077+06:30,2026-02-17 20:37:32.378714+06:30,f,,{},
5b245dd5-604c-43e2-a402-e58d9051be4b,7d53ba53-55d2-460a-bbc6-ec2fe939e1b9,earthquake,0101000020E6100000C442AD69DE695740EA95B20C716C2340,4.40,medium,USGS,us6000rd5j,2025-09-03 20:22:50.487+06:30,2026-02-17 20:37:32.381456+06:30,f,,{},
c0cabd88-d54f-4faa-8207-7e3931f67ac1,6408f4fc-e9b9-4b26-a755-cc6d7bb89051,earthquake,0101000020E61000000F9C33A2B4F758404BEA043411263C40,4.20,medium,USGS,us6000rd4s,2025-09-03 07:24:16.398+06:30,2026-02-17 20:37:32.385056+06:30,f,,{},
504de9bb-9257-4852-b798-2d52e1f9ae87,9970a828-e780-44b5-ac3e-d50534050d5c,earthquake,0101000020E61000008195438B6C0F584046B6F3FDD4383640,3.70,low,EMSC,1865660,2025-09-15 02:54:46+06:30,2026-02-17 20:37:32.680979+06:30,f,,{},
37f2a90c-df17-46ce-90a7-1ca34f8a6b86,bd602e5a-37b5-466a-9322-fd34e5dea9e4,earthquake,0101000020E610000096B20C71AC675740EA95B20C71DC3440,4.60,medium,EMSC,1865589,2025-09-14 21:26:43.4+06:30,2026-02-17 20:37:32.690208+06:30,f,,{},
fcd1a919-53d4-4aed-b6e5-c06decfc20d0,c8b9641b-c40c-40d9-9b78-39246fec7e18,earthquake,0101000020E61000005D6DC5FEB2135740EE5A423EE8C93A40,5.50,medium,EMSC,1865511,2025-09-14 17:41:51.44+06:30,2026-02-17 20:37:32.694922+06:30,f,,{},
082b9795-e6bf-4cad-ba86-dc0cf5a1e176,85bb3509-c29d-4b8f-a435-08f5e66ab7ab,earthquake,0101000020E61000008D976E12833C58409D11A5BDC1F73940,4.50,medium,EMSC,1865002,2025-09-13 12:09:47.108+06:30,2026-02-17 20:37:32.698047+06:30,f,,{},
4a9d2b30-8485-4f7b-a1c9-f7139249b918,e6e53538-5fe7-4c0a-8119-2593dc230e5f,earthquake,0101000020E610000025068195432358408D976E1283E03240,3.60,low,EMSC,1864696,2025-09-12 21:50:20+06:30,2026-02-17 20:37:32.701723+06:30,f,,{},
82ebef37-e149-4136-807a-aae2dcfb85d3,27351ab7-8984-456e-a951-024b378a7f7a,earthquake,0101000020E6100000E7FBA9F1D20D58400E2DB29DEF873640,4.10,medium,EMSC,1864659,2025-09-12 20:20:24+06:30,2026-02-17 20:37:32.706064+06:30,f,,{},
66d28b48-1733-485a-b2e9-e9a0a82c6084,76c84738-a1fb-4d49-9370-3c46ac85d1a0,earthquake,0101000020E61000005EBA490C020358408B6CE7FBA9D13440,3.90,low,EMSC,1863734,2025-09-10 20:32:24+06:30,2026-02-17 20:37:32.709615+06:30,f,,{},
045be90d-75d1-444b-9547-073a0c9d098c,06482185-63a3-4ed4-9078-124a491a9c12,earthquake,0101000020E6100000F853E3A59B04584008AC1C5A64DB3440,4.70,medium,EMSC,1863711,2025-09-10 19:25:38.97+06:30,2026-02-17 20:37:32.713532+06:30,f,,{},
16fd5d59-3557-4d12-84bd-8ccff89af4fe,bbf9478f-ccb7-413f-ae44-b68fa20a34b9,earthquake,0101000020E610000062105839B4F857400AD7A3703DAA3440,3.70,low,EMSC,1863639,2025-09-10 18:24:51+06:30,2026-02-17 20:37:32.716768+06:30,f,,{},
1da6abbf-5384-47da-bdb6-f554de875f47,c414e1d4-03c8-493d-838c-45a37bc40098,earthquake,0101000020E6100000CBA145B6F30D58402DB29DEFA7862E40,4.00,medium,EMSC,1863217,2025-09-09 22:45:54+06:30,2026-02-17 20:37:32.721249+06:30,f,,{},
bb907aaf-ff0d-45b6-88e9-fe970c2676e2,1ae0fb32-d08a-41b9-af75-ff0d91f37a76,earthquake,0101000020E61000006F1283C0CA215840F2D24D6210383340,3.70,low,EMSC,1862296,2025-09-08 07:11:48+06:30,2026-02-17 20:37:32.72479+06:30,f,,{},
a470b99e-ee6c-4207-b2d5-8837434c36c4,bd602e5a-37b5-466a-9322-fd34e5dea9e4,earthquake,0101000020E6100000D9CEF753E371574085EB51B81EF53440,4.60,medium,USGS,us7000qw66,2025-09-14 21:26:44.808+06:30,2026-02-17 20:37:33.308665+06:30,f,,{},
a54c9f08-ba1c-490f-adec-9c960ef92c80,c8b9641b-c40c-40d9-9b78-39246fec7e18,earthquake,0101000020E61000005396218E750D5740A1F831E6AEB53A40,5.50,medium,USGS,us7000qw56,2025-09-14 17:41:51.373+06:30,2026-02-17 20:37:33.321322+06:30,f,,{},
f4bd425a-089a-43dd-9352-ef73e0df6a50,85bb3509-c29d-4b8f-a435-08f5e66ab7ab,earthquake,0101000020E61000008D976E12833C58409D11A5BDC1F73940,4.50,medium,USGS,us6000rf3n,2025-09-13 12:09:47.108+06:30,2026-02-17 20:37:33.327207+06:30,f,,{},
a2859f09-cceb-4f33-bef6-9ac07246e7f0,de2dae42-7232-4133-bb79-bb929de7a7f6,earthquake,0101000020E6100000857CD0B3592D57404A0C022B87F63540,4.10,medium,EMSC,1868863,2025-09-21 14:12:37+06:30,2026-02-17 20:37:33.62535+06:30,f,,{},
31c86760-8b74-41e5-8b17-25a9fa3f2843,bde778f1-fb54-41e7-aafa-c9f2bbe68ebf,earthquake,0101000020E61000002B8716D9CE6F5840022B8716D90E3440,4.40,medium,EMSC,1868562,2025-09-20 22:57:01+06:30,2026-02-17 20:37:33.640182+06:30,f,,{},
4d506901-9a21-4bf2-9b9e-4505d31aabc3,b3998cb8-55f9-4535-a2ff-790d58bdd864,earthquake,0101000020E61000004ED1915CFED75740DE9387855A532840,4.90,medium,EMSC,1867370,2025-09-18 19:11:54.21+06:30,2026-02-17 20:37:33.646964+06:30,f,,{},
4328c369-961d-41ca-9560-10074f3c5f5f,96b8d9c2-ecb9-4c33-9010-3e3d82e7844b,earthquake,0101000020E61000003D0AD7A3708D57400AD7A3703DCA3740,3.90,low,EMSC,1867256,2025-09-18 13:37:09+06:30,2026-02-17 20:37:33.65299+06:30,f,,{},
15b6f990-1ac9-4aa4-9145-c6cbe32a32ec,7685adc4-1f7b-40c8-9e13-52ae26c94397,earthquake,0101000020E610000026E4839ECD3E5840AED85F764F5E3B40,4.10,medium,EMSC,1878583,2025-09-16 07:07:45.488+06:30,2026-02-17 20:37:33.657379+06:30,f,,{},
834ba5b7-a2f3-4184-9ea1-174a63cba742,b3998cb8-55f9-4535-a2ff-790d58bdd864,earthquake,0101000020E6100000AB3E575BB1D35740BA6B09F9A0672840,4.80,medium,USGS,us7000qwyi,2025-09-18 19:11:52.979+06:30,2026-02-17 20:37:34.232706+06:30,f,,{},
f1dbeecc-871b-4ee8-b87b-8d90e1cf6b51,7685adc4-1f7b-40c8-9e13-52ae26c94397,earthquake,0101000020E610000026E4839ECD3E5840AED85F764F5E3B40,4.10,medium,USGS,us6000rfty,2025-09-16 07:07:45.488+06:30,2026-02-17 20:37:34.243332+06:30,f,,{},
3dc10154-92dc-4503-b009-423b2eaeaac0,98ba52b6-9659-4b58-9675-a0f4e32ead3f,earthquake,0101000020E6100000C3F5285C8F1257407B14AE47E1BA3A40,3.50,low,EMSC,1872644,2025-09-28 23:37:31+06:30,2026-02-17 20:37:34.548592+06:30,f,,{},
36321b01-a964-4b98-93c0-4461d2459079,bb2ede0a-55f9-4d01-a233-b568ce3db67d,earthquake,0101000020E6100000F853E3A59B145840068195438BAC3640,3.60,low,EMSC,1872345,2025-09-28 11:37:46+06:30,2026-02-17 20:37:34.559491+06:30,f,,{},
2aca96eb-dbc6-4191-8ed3-e10c2de20535,bbbdff63-47ee-41ae-a43b-57c82c5a9651,earthquake,0101000020E6100000EB73B515FB1F5840B1E1E995B21C3340,4.70,medium,EMSC,1872267,2025-09-28 07:25:36.243+06:30,2026-02-17 20:37:34.564705+06:30,f,,{},
1c3006ff-b4fc-42cc-a02b-90bfe10fe3ce,afb474cf-b98b-4b32-b939-9736d14880a5,earthquake,0101000020E610000062105839B41058407D3F355EBA693640,3.80,low,EMSC,1871044,2025-09-25 11:01:29+06:30,2026-02-17 20:37:34.568451+06:30,f,,{},
1e1609cc-cd06-41fb-8e11-57de65a93086,918df1ef-74e5-4659-b95d-dfd748d0e860,earthquake,0101000020E61000007F6ABC749318584017D9CEF753433640,4.40,medium,EMSC,1870638,2025-09-24 18:48:09+06:30,2026-02-17 20:37:34.573024+06:30,f,,{},
a102d954-1447-4e2a-b297-68e26883753f,b1eb9978-5172-4bbe-a617-d1383f12d6e6,earthquake,0101000020E610000044FAEDEBC0ED574088635DDC46333540,4.90,medium,EMSC,1869780,2025-09-23 05:49:16.54+06:30,2026-02-17 20:37:34.577335+06:30,f,,{},
11f1b1b5-3548-4fc8-b7da-a3796390bcbc,bbbdff63-47ee-41ae-a43b-57c82c5a9651,earthquake,0101000020E6100000EB73B515FB1F5840B1E1E995B21C3340,4.40,medium,USGS,us6000riaf,2025-09-28 07:25:36.243+06:30,2026-02-17 20:37:34.981944+06:30,f,,{},
1697ca11-c486-4ff7-8fb0-aa0d31b96724,b1eb9978-5172-4bbe-a617-d1383f12d6e6,earthquake,0101000020E610000044FAEDEBC0ED574088635DDC46333540,4.10,medium,USGS,us6000rc6v,2025-09-23 05:49:16.54+06:30,2026-02-17 20:37:34.996721+06:30,f,,{},
0bb6a80a-8bef-45b9-97f0-222042c4d328,addf2d0e-459a-41fa-81c3-03a3418185e3,earthquake,0101000020E61000007B14AE47E1FA5740AE47E17A14AE3A40,3.60,low,EMSC,1876564,2025-10-06 02:14:01+06:30,2026-02-17 20:37:35.301228+06:30,f,,{},
e7731121-685b-43be-9c12-1fc35fea3143,5b6098b7-948b-4663-a953-6467516507b9,earthquake,0101000020E610000048E17A14AE875740713D0AD7A3B03740,3.70,low,EMSC,1876540,2025-10-06 01:16:03+06:30,2026-02-17 20:37:35.315861+06:30,f,,{},
620a5bef-a9d5-41bc-aacf-d9b863244ea9,4b699186-fa7d-4b31-bcb2-249bf38fcb50,earthquake,0101000020E6100000F241CF66D52B5940575BB1BFEC9E3740,4.40,medium,EMSC,1876122,2025-10-05 03:31:45.995+06:30,2026-02-17 20:37:35.322603+06:30,f,,{},
72fc68ad-4abb-4d90-bce4-ea04baf8ae43,5895394c-b36e-4489-a8e0-e9909d7c0002,earthquake,0101000020E6100000CEAACFD5563457406666666666262540,4.50,medium,EMSC,1890536,2025-10-05 03:01:03.053+06:30,2026-02-17 20:37:35.328931+06:30,f,,{},
51f1338b-cd1a-4809-b5f7-aa8841d55db5,df246163-17ca-4909-889b-8d425c8be7ae,earthquake,0101000020E6100000068195438B0458401F85EB51B8DE3440,4.40,medium,EMSC,1876016,2025-10-04 23:45:13+06:30,2026-02-17 20:37:35.332944+06:30,f,,{},
592f39e6-b29d-4496-8a52-7bb42aec15a1,78a850c5-2e6b-4dbf-bdd7-1c41a2a9c33e,earthquake,0101000020E61000003333333333A3574048E17A14AEC73840,3.60,low,EMSC,1875497,2025-10-04 01:02:48+06:30,2026-02-17 20:37:35.337325+06:30,f,,{},
115fff91-3560-4fbf-8fba-5b2baceb73a2,3a0194a9-6fc9-4d28-b841-4892c915af6e,earthquake,0101000020E6100000EE7C3F355E1A5840E7FBA9F1D20D3640,3.80,low,EMSC,1874719,2025-10-02 15:00:03+06:30,2026-02-17 20:37:35.340714+06:30,f,,{},
c091af57-fcf9-444b-8222-401323869f75,84a630d0-d8e4-4024-913c-c963df0f1514,earthquake,0101000020E61000009A99999999895740713D0AD7A3F03640,3.50,low,EMSC,1874607,2025-10-02 10:13:04+06:30,2026-02-17 20:37:35.345049+06:30,f,,{},
98f4be70-ad9d-4814-9f13-cd0929b16769,1b26feb2-d765-4382-98c9-a6c69d7fef00,earthquake,0101000020E6100000D7A3703D0A775740713D0AD7A3F03640,3.60,low,EMSC,1873905,2025-10-01 04:01:06+06:30,2026-02-17 20:37:35.349036+06:30,f,,{},
eb9a5adf-6899-4904-9fe8-24b4cedefaf8,6a203cb4-ff97-4684-972b-1f89e1307b71,earthquake,0101000020E6100000FE65F7E461B15740158C4AEA04B43840,4.90,medium,EMSC,1873378,2025-09-30 07:10:04.1+06:30,2026-02-17 20:37:35.35348+06:30,f,,{},
3a2ec96e-270d-4ac9-8317-088077fd6f74,4b699186-fa7d-4b31-bcb2-249bf38fcb50,earthquake,0101000020E6100000F241CF66D52B5940575BB1BFEC9E3740,4.40,medium,USGS,us6000rj7f,2025-10-05 03:31:45.995+06:30,2026-02-17 20:37:35.923402+06:30,f,,{},
f580377c-a48f-47c3-b23e-be76d51299e1,5895394c-b36e-4489-a8e0-e9909d7c0002,earthquake,0101000020E6100000CEAACFD5563457406666666666262540,4.50,medium,USGS,us6000rj7d,2025-10-05 03:01:03.053+06:30,2026-02-17 20:37:35.93752+06:30,f,,{},
168223a1-f61b-404d-922a-479c3061b3cb,6a203cb4-ff97-4684-972b-1f89e1307b71,earthquake,0101000020E6100000ECC039234AAF574020D26F5F07AE3840,4.90,medium,USGS,us6000rdpe,2025-09-30 07:10:03.656+06:30,2026-02-17 20:37:35.946109+06:30,f,,{},
d3a602e1-4ce3-4601-abe7-3c5960606005,e4c41736-c1be-4f9d-854a-8f573c7d7e03,earthquake,0101000020E6100000666666666636574085EB51B81E853B40,3.50,low,EMSC,1879329,2025-10-11 09:31:35+06:30,2026-02-17 20:37:36.24512+06:30,f,,{},
b5c1ef89-e0c2-44eb-a8d1-4f761336b246,b0f4b2bc-0c65-4d78-ab36-4b6201fde263,earthquake,0101000020E6100000CDCCCCCCCC9458408D976E1283803540,3.50,low,EMSC,1879179,2025-10-11 02:58:18+06:30,2026-02-17 20:37:36.257934+06:30,f,,{},
1e7aea19-cf07-422c-a92d-0471f9e00cfc,dfc1d229-75d9-4b60-b5cd-12009734ccb8,earthquake,0101000020E610000085EB51B81E1557403D0AD7A370BD3A40,3.50,low,EMSC,1878924,2025-10-10 16:38:35+06:30,2026-02-17 20:37:36.264465+06:30,f,,{},
fbc34d13-1bb3-4248-aca8-6f7ed290bc68,8f57bf94-866b-4025-94c6-511dbaf693a2,earthquake,0101000020E61000008FC2F5285C6F5740105839B4C8863240,4.80,medium,EMSC,1878642,2025-10-10 06:53:55.91+06:30,2026-02-17 20:37:36.270863+06:30,f,,{},
d90687f4-c308-49e6-bd0d-ec6982574b74,e1afef86-b596-45a0-a1ac-5458b20f4f96,earthquake,0101000020E610000000000000000858406F1283C0CAA13140,3.60,low,EMSC,1878031,2025-10-09 01:57:30+06:30,2026-02-17 20:37:36.275031+06:30,f,,{},
8106260f-4ffa-4902-822a-d590c6c70dea,509676ee-1ccd-4a6a-999a-08b414ce4d4f,earthquake,0101000020E61000003D0AD7A3702558409CC420B072C83240,3.60,low,EMSC,1877907,2025-10-08 18:43:50+06:30,2026-02-17 20:37:36.279085+06:30,f,,{},
4777cee2-8f50-46ee-b2fe-efe5dbaf423d,bc4ca537-7924-4109-8552-655ecd1c6c96,earthquake,0101000020E61000001D5A643BDF8F58402B8716D9CE773740,3.70,low,EMSC,1876727,2025-10-06 13:05:55+06:30,2026-02-17 20:37:36.283097+06:30,f,,{},
a3d34c8e-de74-422c-ad41-8c815f500fc3,8f57bf94-866b-4025-94c6-511dbaf693a2,earthquake,0101000020E6100000CFF753E3A56B574083C0CAA145863240,4.80,medium,USGS,us6000rfws,2025-10-10 06:53:55.995+06:30,2026-02-17 20:37:36.868163+06:30,f,,{},
72bbb2c9-0e5e-4d38-b5e9-5b13cdabf11c,f118d39d-8228-4a6d-ac93-3601d26eb8ef,earthquake,0101000020E6100000DD240681950B5840022B8716D9EE3340,3.60,low,EMSC,1883447,2025-10-19 20:25:33+06:30,2026-02-17 20:37:37.511938+06:30,f,,{},
a5ef47e8-1172-41e7-86b7-6f0d6a7c87fe,d13ab11b-64df-4c35-8d8e-474387d7c9a0,earthquake,0101000020E61000005C8FC2F528AC5740B81E85EB51B83840,3.60,low,EMSC,1882923,2025-10-18 14:57:54+06:30,2026-02-17 20:37:37.526788+06:30,f,,{},
5b3acca5-0d99-4307-b34e-db539672818c,e2b11e02-d8de-496b-aac5-d4abf0edc310,earthquake,0101000020E6100000F6285C8FC2C5574048E17A14AE473C40,3.60,low,EMSC,1882631,2025-10-17 23:57:29+06:30,2026-02-17 20:37:37.534557+06:30,f,,{},
a37bb2a2-4a74-46a8-92c4-976f3613ac49,1b9179ca-44a5-4af2-8f49-98dafc30a83f,earthquake,0101000020E6100000029A081B9E0A58406EA301BC05023140,3.90,low,EMSC,1882620,2025-10-17 23:09:18.873+06:30,2026-02-17 20:37:37.540566+06:30,f,,{},
524c5bdf-dc2f-4df3-8bea-716b3f8c8c8c,fcc1ac0b-7c22-49d7-a38d-3a3f46695c3f,earthquake,0101000020E610000085EB51B81E2157409E5E29CB10C72A40,5.00,medium,EMSC,1882192,2025-10-17 04:40:25.42+06:30,2026-02-17 20:37:37.544054+06:30,f,,{},
8dc1d8f4-1c8e-4d61-87a3-ba315ca4d674,0b837592-17ca-4c03-a325-5caa5ff617f8,earthquake,0101000020E610000076711B0DE0DD5740F0164850FCD83840,4.80,medium,EMSC,1881860,2025-10-16 13:27:54.28+06:30,2026-02-17 20:37:37.546927+06:30,f,,{},
80cd6283-fdae-4c34-8d61-7178f3f2c913,118ac2b5-f9fd-4a5e-a7dc-eeb22c0a7900,earthquake,0101000020E6100000FD87F4DBD7F55740AA60545227D03640,4.60,medium,EMSC,1881811,2025-10-16 11:06:56.533+06:30,2026-02-17 20:37:37.55003+06:30,f,,{},
fe1c3c77-bf20-4f2b-97dc-e3337d44a564,119bf19c-469c-42c9-b1f5-fddb7274fc5d,earthquake,0101000020E610000048E17A14AE0F5840F4FDD478E9C63540,3.50,low,EMSC,1881604,2025-10-16 00:41:51+06:30,2026-02-17 20:37:37.555784+06:30,f,,{},
3a7492b4-6b47-42b2-887d-188bd4e8fcdf,943c9e48-e649-4b68-ba94-322726b1d7a0,earthquake,0101000020E6100000857CD0B3599D5740B5A679C7296A3640,4.50,medium,EMSC,1880372,2025-10-13 12:10:29.93+06:30,2026-02-17 20:37:37.559177+06:30,f,,{},
83bed9ec-21ec-4e6c-b4cc-5f8c262dca5a,1b9179ca-44a5-4af2-8f49-98dafc30a83f,earthquake,0101000020E6100000029A081B9E0A58406EA301BC05023140,3.90,low,USGS,us7000rk6w,2025-10-17 23:09:18.873+06:30,2026-02-17 20:37:37.963983+06:30,f,,{},
8c036123-277a-43a4-b36d-05a0ced92c57,fcc1ac0b-7c22-49d7-a38d-3a3f46695c3f,earthquake,0101000020E6100000A4DFBE0E9C235740F38E537424B72A40,5.00,medium,USGS,us6000rhnm,2025-10-17 04:40:23.971+06:30,2026-02-17 20:37:37.979114+06:30,f,,{},
1e278ed2-06e4-41d5-9472-ee8333e0f050,0b837592-17ca-4c03-a325-5caa5ff617f8,earthquake,0101000020E61000009F3C2CD49ADE5740EE7C3F355ECA3840,4.80,medium,USGS,us6000rhhd,2025-10-16 13:27:54.913+06:30,2026-02-17 20:37:37.986637+06:30,f,,{},
112f503c-da48-4f4c-a663-1de925a9a7fe,118ac2b5-f9fd-4a5e-a7dc-eeb22c0a7900,earthquake,0101000020E6100000FD87F4DBD7F55740AA60545227D03640,4.40,medium,USGS,us6000rlw6,2025-10-16 11:06:56.533+06:30,2026-02-17 20:37:37.990869+06:30,f,,{},
ae4e84db-eca6-4ed6-a7d7-e28af7463f3a,943c9e48-e649-4b68-ba94-322726b1d7a0,earthquake,0101000020E6100000832F4CA60AA257408D28ED0DBE703640,4.50,medium,USGS,us6000rgtt,2025-10-13 12:10:30.144+06:30,2026-02-17 20:37:37.995113+06:30,f,,{},
8d56754a-9fb9-4a6e-b5f8-8257f08e08ba,0d2a8437-5ad5-46b1-92be-3f4375213e22,earthquake,0101000020E6100000E9263108AC145840BA490C022BE73540,4.20,medium,EMSC,1886863,2025-10-27 04:23:22+06:30,2026-02-17 20:37:38.288624+06:30,f,,{},
406f2a54-b9d7-42b4-815d-ccaff01224a6,ab820eac-2608-4e99-8c6e-fdffab16d24b,earthquake,0101000020E6100000E17A14AE478158403108AC1C5A643440,3.80,low,EMSC,1885800,2025-10-24 20:09:02+06:30,2026-02-17 20:37:38.29886+06:30,f,,{},
b39fa607-910f-49b0-be71-768a4c5ce715,083eb0e3-8eb3-45fa-8fe7-17deb43f639d,earthquake,0101000020E6100000A4703D0AD78357403333333333733640,3.80,low,EMSC,1884470,2025-10-22 00:01:39+06:30,2026-02-17 20:37:38.306163+06:30,f,,{},
20ce168a-7eb5-4555-bd00-4b2ce10dad48,083eb0e3-8eb3-45fa-8fe7-17deb43f639d,earthquake,0101000020E6100000865AD3BCE39457402B8716D9CE773640,4.20,medium,USGS,us6000rmtc,2025-10-22 00:01:40.115+06:30,2026-02-17 20:37:38.714745+06:30,f,,{},
0be4a62f-a93a-4071-9158-2aac44af882e,5468d7a1-70ce-405b-8687-80f42e4508eb,earthquake,0101000020E6100000B003E78C28495740CFF753E3A5BB3940,3.80,low,EMSC,1891515,2025-11-03 03:11:44+06:30,2026-02-17 20:37:39.023404+06:30,f,,{},
87299150-1516-4a3c-b42b-6a06127946db,8b71a135-cb96-44ce-b765-392ee2213af3,earthquake,0101000020E610000048E17A14AE8757408FC2F5285C8F3740,3.90,low,EMSC,1891141,2025-11-02 12:05:02+06:30,2026-02-17 20:37:39.038927+06:30,f,,{},
6134cabf-60b1-4321-9c43-f0d321222ede,20d09b9f-5185-4501-a552-3b485db23995,earthquake,0101000020E61000003333333333D35740EC51B81E856B3C40,3.60,low,EMSC,1889399,2025-10-30 20:46:36+06:30,2026-02-17 20:37:39.047199+06:30,f,,{},
3194967b-01bb-4ef7-bac9-939daba49d3f,b496a6af-2b73-4f74-af08-0a0b5a814b4e,earthquake,0101000020E61000007E8CB96B095D57405917B7D100EE3540,4.70,medium,EMSC,1888383,2025-10-29 12:00:54.83+06:30,2026-02-17 20:37:39.052925+06:30,f,,{},
f947fce7-5511-4d6f-9b14-23b1a349c501,b496a6af-2b73-4f74-af08-0a0b5a814b4e,earthquake,0101000020E610000034A2B437F866574094F6065F98FC3540,4.60,medium,USGS,us6000rk49,2025-10-29 12:00:59.485+06:30,2026-02-17 20:37:39.458013+06:30,f,,{},
c69a2427-ae56-4ab6-91c7-b59487f9bb84,293a6478-2571-44f9-b681-10aefa03b970,earthquake,0101000020E6100000ABCFD556EC6F57401AC05B2041F12840,5.50,medium,EMSC,1895488,2025-11-09 13:08:29.83+06:30,2026-02-17 20:37:39.768896+06:30,f,,{},
43d2a5f1-9103-4fc8-9348-b2d24c7acff0,c0365a81-cd64-4437-a453-bc7c4f12eaaf,earthquake,0101000020E610000008AC1C5A641358406DE7FBA9F1923640,3.60,low,EMSC,1893285,2025-11-05 16:16:37+06:30,2026-02-17 20:37:39.781607+06:30,f,,{},
13fd3b1c-d6cc-4fe8-a66d-e30a3a13ddd6,86579b00-6855-43b0-a07b-480356a3907c,earthquake,0101000020E61000007D3F355EBA115840C3F5285C8F623640,4.20,medium,EMSC,1892263,2025-11-04 05:48:03+06:30,2026-02-17 20:37:39.78993+06:30,f,,{},
aee56269-d970-4cb2-b993-df32978748da,9389c5f1-e4b5-45ad-9cfc-c2fed0795c6e,earthquake,0101000020E610000017D9CEF753D35740BF7D1D3867F43840,4.50,medium,EMSC,1891616,2025-11-03 08:03:03.96+06:30,2026-02-17 20:37:39.796445+06:30,f,,{},
0e46cd40-782c-460c-bb8b-ffa1245d9563,293a6478-2571-44f9-b681-10aefa03b970,earthquake,0101000020E6100000A301BC0512705740E5F21FD26FFF2840,5.40,medium,USGS,us6000rmdj,2025-11-09 13:08:31.475+06:30,2026-02-17 20:37:40.370257+06:30,f,,{},
ee06b11f-b177-4764-9d9e-9840e14d9b82,9389c5f1-e4b5-45ad-9cfc-c2fed0795c6e,earthquake,0101000020E610000007CE1951DAD357406E3480B740023940,4.60,medium,USGS,us6000rl3w,2025-11-03 08:03:01.974+06:30,2026-02-17 20:37:40.384044+06:30,f,,{},
3ad922bf-4c09-4c86-b3c9-62d8a3157ca6,ebdd795d-0288-4c28-b46c-21362bb528bb,earthquake,0101000020E6100000CFF753E3A51358406666666666263340,3.70,low,EMSC,1900222,2025-11-17 03:50:15+06:30,2026-02-17 20:37:40.692508+06:30,f,,{},
59c1f024-c6e0-478e-8102-4f69edb6d745,36274a25-d4d7-4de3-b490-5c2b29a3fc5a,earthquake,0101000020E6100000CDCCCCCCCC8C57403333333333F33740,3.50,low,EMSC,1899718,2025-11-16 03:40:25+06:30,2026-02-17 20:37:40.70702+06:30,f,,{},
8bc55ac2-e331-49c1-8c36-87e9237f8b7c,826bed69-41e8-46fb-b481-3d9fc3c6e4bb,earthquake,0101000020E610000033333333338357401F85EB51B8DE3740,3.90,low,EMSC,1898888,2025-11-14 16:08:48+06:30,2026-02-17 20:37:40.712838+06:30,f,,{},
5b1d714e-b571-4147-a50c-0bad6a0f80a1,b7be628b-8eb0-4ee3-b7df-091d465f6638,earthquake,0101000020E61000007B14AE47E13A5740713D0AD7A3303940,3.60,low,EMSC,1897561,2025-11-12 13:40:52+06:30,2026-02-17 20:37:40.718264+06:30,f,,{},
bb274061-5d8c-4cd5-85e0-e3a8cd538861,05013dbb-e71e-42bc-8d85-b0018db6bed1,earthquake,0101000020E610000054E3A59BC4105840FED478E926F13440,3.60,low,EMSC,1897412,2025-11-12 07:48:30+06:30,2026-02-17 20:37:40.723114+06:30,f,,{},
70b9444c-3af7-4a92-a690-f51339b8d362,6d0f64eb-a66e-4555-a457-b16566e025fe,earthquake,0101000020E6100000894160E5D09E5740BADA8AFD65F73740,4.30,medium,USGS,us6000rs68,2025-11-14 16:08:46.667+06:30,2026-02-17 20:37:41.314175+06:30,f,,{},
31c3c154-01b2-454a-83d4-f4eb7737f921,b5d5f36e-1fae-4ad4-b1f2-1b90b0e64ad6,earthquake,0101000020E6100000AE47E17A141E5740D7A3703D0A573840,3.60,low,EMSC,1903699,2025-11-23 18:28:38+06:30,2026-02-17 20:37:41.622469+06:30,f,,{},
644ef3c4-3ba8-42ce-bfc4-4d99953c4c70,2b088668-8e87-4c93-b43c-df1ba2bbd09d,earthquake,0101000020E6100000295C8FC2F5C857407B14AE47E1BA3840,3.50,low,EMSC,1903665,2025-11-23 16:27:15+06:30,2026-02-17 20:37:41.636435+06:30,f,,{},
baf5eece-1af1-4be3-9620-00eab49454bb,0344fe48-8893-4272-b4c3-0deb01cdeed3,earthquake,0101000020E6100000C9E53FA4DFF2574057EC2FBB27CF2A40,4.20,medium,EMSC,1903630,2025-11-23 14:27:21.789+06:30,2026-02-17 20:37:41.644061+06:30,f,,{},
85e68224-c882-41ca-ba1e-b98dba68a3f8,92d603a2-3730-4dda-ab84-5fc67f3bb700,earthquake,0101000020E61000008195438B6C0F5840713D0AD7A3D03540,3.60,low,EMSC,1903611,2025-11-23 13:42:20+06:30,2026-02-17 20:37:41.649876+06:30,f,,{},
d53a4ac3-fa63-43b0-98d6-f61a530767af,7db800a7-2555-4cb7-b201-88594c5154f8,earthquake,0101000020E610000041F163CC5DF357404C37894160C52A40,5.30,medium,EMSC,1903573,2025-11-23 11:09:23.3+06:30,2026-02-17 20:37:41.654339+06:30,f,,{},
1e7370c5-a4e3-4cb3-9eaf-53565a860e62,f18cec51-d7f9-4a04-a7b4-c87f3505f848,earthquake,0101000020E610000083C0CAA1457E58409A99999999393540,4.00,medium,EMSC,1903035,2025-11-22 07:49:47+06:30,2026-02-17 20:37:41.657716+06:30,f,,{},
ee41e728-b0b7-4aac-aa7c-f5a686ba4eb5,d3be76c7-53f8-40be-9bf2-2343d7eed610,earthquake,0101000020E61000000AD7A3703DCA5740F6285C8FC2753940,3.50,low,EMSC,1903120,2025-11-22 07:11:03+06:30,2026-02-17 20:37:41.661451+06:30,f,,{},
45d4adb5-1c83-49c5-8555-882e57685fde,e07279fb-cbb6-4ab7-ad67-1745be2c4db9,earthquake,0101000020E6100000A4703D0AD7FB5740FED478E926913540,3.60,low,EMSC,1901148,2025-11-18 16:54:31+06:30,2026-02-17 20:37:41.664595+06:30,f,,{},
bb0293e7-5fd5-4623-98b6-564037c8b0c4,5c7488a1-4cc1-46cc-a643-394288d97415,earthquake,0101000020E61000001904560E2D225840931804560EAD3340,3.60,low,EMSC,1901079,2025-11-18 14:42:48+06:30,2026-02-17 20:37:41.668736+06:30,f,,{},
8ee16d11-f05a-41f4-8723-5ab02d6daecf,a9748f58-f9c8-49d9-a58d-089220a65b50,earthquake,0101000020E61000005839B4C8767E58404260E5D0221B3440,3.50,low,EMSC,1900961,2025-11-18 09:04:32+06:30,2026-02-17 20:37:41.672238+06:30,f,,{},
d1614e8b-3ff7-4835-8715-f7076b83cd50,e291c605-788c-4f60-8663-a9f53b8bc170,earthquake,0101000020E61000000000000000905740B81E85EB51383840,4.00,medium,EMSC,1900946,2025-11-18 08:42:38+06:30,2026-02-17 20:37:41.675799+06:30,f,,{},
eee60308-88c8-4f45-ac02-d9073ab04102,9fe5f447-a3c0-410f-9ad1-4db264c313a2,earthquake,0101000020E6100000F6285C8FC2555740295C8FC2F5A83540,4.00,medium,EMSC,1900311,2025-11-17 07:34:38+06:30,2026-02-17 20:37:41.680179+06:30,f,,{},
325ac0b6-6938-4f4e-a3f7-2f79aae5c39b,0344fe48-8893-4272-b4c3-0deb01cdeed3,earthquake,0101000020E6100000C9E53FA4DFF2574057EC2FBB27CF2A40,4.20,medium,USGS,us6000ru5d,2025-11-23 14:27:21.789+06:30,2026-02-17 20:37:42.089422+06:30,f,,{},
ebdd581a-0fd7-4cac-9c0a-325f97ad1012,7db800a7-2555-4cb7-b201-88594c5154f8,earthquake,0101000020E6100000569FABADD8F35740F2D24D6210B82A40,5.30,medium,USGS,us6000rpwk,2025-11-23 11:09:22.415+06:30,2026-02-17 20:37:42.104099+06:30,f,,{},
b2ac4226-3292-4dbe-b47e-4c30a853b738,46a492bf-444c-4f53-b7bb-4fa42ff6bec8,earthquake,0101000020E6100000B459F5B9DA6657403CBD529621DE3540,4.10,medium,USGS,us7000rfkz,2025-11-17 07:34:39.912+06:30,2026-02-17 20:37:42.110058+06:30,f,,{},
0ccd35e7-236f-4275-baf5-7393f048d45d,3b9e71f2-829b-4d54-b524-515043b680c1,earthquake,0101000020E6100000D7A3703D0A9F5840AC1C5A643B5F2A40,4.00,medium,EMSC,1905688,2025-11-27 22:19:26+06:30,2026-02-17 20:37:42.403808+06:30,f,,{},
98aaf664-83d6-4e6f-b603-efda60bf0145,814df651-4b67-4d29-85f8-afff6e57e90a,earthquake,0101000020E6100000AE47E17A144E574052B81E85EB913840,3.50,low,EMSC,1905360,2025-11-27 06:42:11+06:30,2026-02-17 20:37:42.418302+06:30,f,,{},
38a9fd7f-3eff-4aa7-bbcc-0e7198e685de,3d46ab34-b209-4684-bcf3-a39745665f24,earthquake,0101000020E610000048E17A14AEC75740F6285C8FC2F53840,3.80,low,EMSC,1904143,2025-11-24 18:39:51+06:30,2026-02-17 20:37:42.425002+06:30,f,,{},
92ffa8f7-0c6c-44cf-9646-c34b6a6ba238,737754a1-1adf-4afb-abb0-1ea6f1e3f83f,earthquake,0101000020E6100000A4703D0AD7F357408FC2F5285CCF3340,3.60,low,EMSC,1910482,2025-12-07 16:16:34+06:30,2026-02-17 20:37:43.118366+06:30,f,,{},
861fa96b-896b-46d7-a0ae-279c73c53064,5757d375-79d6-4271-9e6a-96d481ae9f21,earthquake,0101000020E6100000B81E85EB51985740E17A14AE47E13640,3.50,low,EMSC,1910090,2025-12-07 00:55:19+06:30,2026-02-17 20:37:43.131015+06:30,f,,{},
dccf99a2-b362-4d77-9f52-cadc70be28c5,696d5b47-6a63-494d-a54a-af040f05fc6f,earthquake,0101000020E61000009A999999997957409A99999999D93640,3.60,low,EMSC,1909895,2025-12-06 09:03:53+06:30,2026-02-17 20:37:43.136815+06:30,f,,{},
cf457a7f-7885-414a-af81-5f36f9bfe74c,5dabb889-5d52-46ba-bb8b-96196bac9357,earthquake,0101000020E6100000713D0AD7A37057403333333333F33740,3.70,low,EMSC,1909173,2025-12-04 23:11:45+06:30,2026-02-17 20:37:43.141132+06:30,f,,{},
c4a95f9c-32d7-4ded-bcd1-3eb40b500337,fb5c040c-7a97-4dc8-859e-17d606a35146,earthquake,0101000020E6100000C3F5285C8F9257403D0AD7A370FD3740,3.60,low,EMSC,1908662,2025-12-04 00:00:33+06:30,2026-02-17 20:37:43.145531+06:30,f,,{},
ff0e4fc6-c682-43c9-abf1-c1412032be03,c22768bb-c279-4daa-b7ab-c5c30ef31f10,earthquake,0101000020E61000009A99999999C15840022B8716D9AE3540,3.60,low,EMSC,1908212,2025-12-03 01:20:08+06:30,2026-02-17 20:37:43.149527+06:30,f,,{},
7041e992-7ddb-420b-bd24-c70b4c74501e,1bbb3b1c-f8d5-46f9-98de-9bc81ccd806b,earthquake,0101000020E6100000091B9E5E29FF574023DBF97E6AEC3540,4.80,medium,EMSC,1908059,2025-12-02 17:31:09.803+06:30,2026-02-17 20:37:43.153704+06:30,f,,{},
5e0fc626-9aaa-4644-9612-5ecdb7a35c52,97bf3d2a-8c54-4357-ba89-346da5e5581c,earthquake,0101000020E6100000E5D022DBF9B65740AAF1D24D62303740,4.30,medium,EMSC,1907887,2025-12-02 08:26:42+06:30,2026-02-17 20:37:43.157396+06:30,f,,{},
30c47119-781e-4b4c-b706-e59046d86092,d8f3e0c5-ae02-4a19-a074-a968483d39a5,earthquake,0101000020E6100000E25817B7D114574021B07268917D3440,4.10,medium,EMSC,1920067,2025-12-02 08:26:31.335+06:30,2026-02-17 20:37:43.160809+06:30,f,,{},
6db8a745-5de7-4f4e-bb40-541b18910340,f7656d47-6b93-4c86-836a-d8d818d50bc5,earthquake,0101000020E6100000D656EC2FBB9B5740A913D044D8E03640,4.90,medium,EMSC,1907714,2025-12-02 01:25:16.04+06:30,2026-02-17 20:37:43.163764+06:30,f,,{},
645d04cc-3e47-446b-9f34-0c4ea144d116,1bbb3b1c-f8d5-46f9-98de-9bc81ccd806b,earthquake,0101000020E6100000091B9E5E29FF574023DBF97E6AEC3540,4.80,medium,USGS,us6000rvt6,2025-12-02 17:31:09.803+06:30,2026-02-17 20:37:43.566527+06:30,f,,{},
2bd7bfdc-74da-4e12-9f8a-7d128ff3ed00,d8f3e0c5-ae02-4a19-a074-a968483d39a5,earthquake,0101000020E6100000E25817B7D114574021B07268917D3440,4.10,medium,USGS,us6000rvrt,2025-12-02 08:26:31.335+06:30,2026-02-17 20:37:43.581642+06:30,f,,{},
a7215316-4d5c-4781-bb97-36f643341c55,f7656d47-6b93-4c86-836a-d8d818d50bc5,earthquake,0101000020E61000007C613255309E5740E2E995B20CE13640,4.80,medium,USGS,us7000rews,2025-12-02 01:25:15.922+06:30,2026-02-17 20:37:43.589202+06:30,f,,{},
e8d0497c-34e3-497f-9cae-e256714d3f6a,a0d9e440-c2d1-49ac-9c47-4b864be9a07b,earthquake,0101000020E6100000A69BC420B06A5740FCA9F1D24D622640,4.20,medium,EMSC,1913891,2025-12-13 12:48:09.74+06:30,2026-02-17 20:37:43.883719+06:30,f,,{},
fea98e4c-fb3f-4ad4-85b2-e9b2be9b6164,8c848658-5d92-4d80-86d5-6022395f38fa,earthquake,0101000020E61000008FC2F5285CBF57400AD7A3703DCA3840,3.90,low,EMSC,1913777,2025-12-13 08:14:00+06:30,2026-02-17 20:37:43.897212+06:30,f,,{},
ac5d8071-88a6-47d8-b7af-b46bf72471a2,9b3eed38-d4eb-4836-9ccd-4ddfd9dc4f2a,earthquake,0101000020E6100000295C8FC2F56857408FC2F5285C8F3740,3.80,low,EMSC,1912441,2025-12-11 03:38:25+06:30,2026-02-17 20:37:43.905247+06:30,f,,{},
cc89b4f2-845e-4885-af57-5f06ba334355,06d2723d-ff1d-45d6-bc1a-aa2fa6dad21f,earthquake,0101000020E6100000AAF1D24D620858405C8FC2F5281C3640,3.70,low,EMSC,1912437,2025-12-11 03:24:03+06:30,2026-02-17 20:37:43.911343+06:30,f,,{},
7f19071e-da79-41de-b4d7-b07ce1ea5a44,8563e46b-e2ff-4e7a-a120-cda293fee16a,earthquake,0101000020E610000023DBF97E6AF45740DBF97E6ABC742A40,4.20,medium,EMSC,1912381,2025-12-11 01:18:38.69+06:30,2026-02-17 20:37:43.915011+06:30,f,,{},
7d351eef-f691-4720-84a8-ac71fa101199,cb603cb6-251c-475d-b96c-caf9c6f9cabc,earthquake,0101000020E6100000C898BB9690FB574069006F8104953640,4.70,medium,EMSC,1912160,2025-12-10 16:05:36.01+06:30,2026-02-17 20:37:43.919229+06:30,f,,{},
8cfa9ae8-bbf8-44ff-ad21-abf085b39f96,3cc64900-fbf6-4dd3-843d-13ad0e36a97e,earthquake,0101000020E6100000BE9F1A2FDD845840D578E92631A83340,3.50,low,EMSC,1911727,2025-12-09 20:32:29+06:30,2026-02-17 20:37:43.922768+06:30,f,,{},
16b1560c-cc46-4e4a-98cb-f053ea6e47de,e71f6d47-25f2-402b-8024-f88d9ed6f4e0,earthquake,0101000020E610000079E92631080C5840DF4F8D976EF23540,3.90,low,EMSC,1911640,2025-12-09 16:48:28+06:30,2026-02-17 20:37:43.926179+06:30,f,,{},
c92c15c4-be01-4022-92fb-afa13909ca27,40d4e376-e04b-4314-8352-16d599db373e,earthquake,0101000020E610000077BE9F1A2F0D58403108AC1C5AC43640,4.00,medium,EMSC,1911537,2025-12-09 10:32:41+06:30,2026-02-17 20:37:43.929188+06:30,f,,{},
edb09a90-e543-480d-b3a9-39b60c8e53f8,07609535-1b74-42d2-9dda-8f65eb7ac3b2,earthquake,0101000020E6100000A4703D0AD7735740E17A14AE47E13640,3.70,low,EMSC,1911339,2025-12-09 02:21:18+06:30,2026-02-17 20:37:43.932399+06:30,f,,{},
21bfdbbc-f364-4575-8026-8013cb325c74,7a9337c6-b1c8-46c3-a93e-f19f3dcafaa8,earthquake,0101000020E6100000713D0AD7A3A057408FC2F5285C0F3740,3.80,low,EMSC,1910955,2025-12-08 11:18:51+06:30,2026-02-17 20:37:43.936445+06:30,f,,{},
cbe3bcb0-ecd5-4ffb-8f61-5b73ed3acfa8,313a288d-8897-419c-9664-f087490d01d9,earthquake,0101000020E61000007DD0B359F5715740F7065F984CD52540,4.20,medium,USGS,us6000rwg8,2025-12-13 12:48:09.957+06:30,2026-02-17 20:37:44.345463+06:30,f,,{},
b45bfc17-921b-4c6e-894c-bdcde6f29f6a,cb603cb6-251c-475d-b96c-caf9c6f9cabc,earthquake,0101000020E6100000E86A2BF6970158404694F6065F983640,4.70,medium,USGS,us6000rtv3,2025-12-10 16:05:35.862+06:30,2026-02-17 20:37:44.35896+06:30,f,,{},
9f540139-e70b-4352-afa8-d19a818d13e1,ff3a1bc0-6415-4580-bb05-3c0792220044,earthquake,0101000020E61000006519E25817B757400EBE30992A183740,4.20,medium,USGS,us7000rmss,2025-12-08 11:18:51.329+06:30,2026-02-17 20:37:44.364672+06:30,f,,{},
cc5fa916-0a4b-4cbf-838a-9e3ce2dd03d7,34edbe84-5064-464b-b460-0e27ded8e0f2,earthquake,0101000020E61000007B14AE47E10A58404A0C022B87363640,3.50,low,EMSC,1918219,2025-12-21 18:23:15+06:30,2026-02-17 20:37:44.662893+06:30,f,,{},
d9112848-7200-4fd7-a152-85ae858ef16b,af87583b-5c72-455f-bb46-5b8809b2c492,earthquake,0101000020E6100000713D0AD7A310574048E17A14AE873A40,3.80,low,EMSC,1917746,2025-12-20 16:09:53+06:30,2026-02-17 20:37:44.678243+06:30,f,,{},
bcbb0669-e5ac-4f4d-8191-6afb8aec4f26,e5ec2a55-2d8b-432b-8099-eea79b5c26e6,earthquake,0101000020E6100000333333333303584075931804564E3740,4.00,medium,EMSC,1916649,2025-12-18 10:03:01+06:30,2026-02-17 20:37:44.685211+06:30,f,,{},
929063b6-cc0d-4662-9f97-109eef0755a5,aa0781a8-90a4-48a0-b423-06d0a359edc2,earthquake,0101000020E6100000CDCCCCCCCC1C58405A643BDF4FED3540,3.80,low,EMSC,1916572,2025-12-18 07:10:52+06:30,2026-02-17 20:37:44.690016+06:30,f,,{},
3fd6e618-a21f-4328-a863-fcad30d16c6b,80b97012-0118-4d0d-832f-4f0192c7c6d7,earthquake,0101000020E6100000BADA8AFD654358409BE61DA7E8183A40,4.60,medium,EMSC,1916562,2025-12-18 07:04:32.45+06:30,2026-02-17 20:37:44.69465+06:30,f,,{},
be203e87-3000-441c-adac-43785fcd4fe7,c762d4ec-e108-48ac-9bea-a854c478ccac,earthquake,0101000020E610000025068195433B5940EC51B81E85CB3640,3.80,low,EMSC,1915593,2025-12-16 15:44:17+06:30,2026-02-17 20:37:44.698072+06:30,f,,{},
c83cb673-4dab-4e3c-8786-1759d729c95c,80b97012-0118-4d0d-832f-4f0192c7c6d7,earthquake,0101000020E610000032E6AE25E44B5840516B9A779C223A40,4.60,medium,USGS,us6000rvkv,2025-12-18 07:04:32.27+06:30,2026-02-17 20:37:45.107532+06:30,f,,{},
0d69f8f0-3051-4285-a319-f565b9687a27,bc02d48b-5d2c-457c-a7c2-ad2a934704fd,earthquake,0101000020E610000096218E75711357401D5A643BDFAF3A40,4.50,medium,EMSC,1921185,2025-12-27 19:12:49.23+06:30,2026-02-17 20:37:45.388871+06:30,f,,{},
ee7f98da-98c6-4913-aa60-9f23433a6368,414bd544-7eab-4127-a318-9bf40558e3e5,earthquake,0101000020E61000009A9999999911584025068195432B3040,3.50,low,EMSC,1920740,2025-12-26 20:45:16+06:30,2026-02-17 20:37:45.403199+06:30,f,,{},
39007965-38e9-4efe-91ca-2fc970cc99a1,8bd5072e-29ca-4eae-9075-5b720cd7e8fa,earthquake,0101000020E6100000713D0AD7A320574052B81E85EB113640,3.90,low,EMSC,1920705,2025-12-26 19:13:31+06:30,2026-02-17 20:37:45.411502+06:30,f,,{},
4fbf0028-6517-4c5a-be35-0ac5d7e5c27d,8f40bc2d-0b9e-478d-9e42-9c56fb3f7845,earthquake,0101000020E61000007B14AE47E19A574014AE47E17A143840,3.50,low,EMSC,1920662,2025-12-26 17:30:17+06:30,2026-02-17 20:37:45.415968+06:30,f,,{},
7454defe-cedc-4763-af6b-652756688cad,70169bdf-9f4e-492b-9770-81fce7de9747,earthquake,0101000020E6100000105839B4C80E58406F1283C0CA213640,4.00,medium,EMSC,1920537,2025-12-26 09:31:37+06:30,2026-02-17 20:37:45.420073+06:30,f,,{},
5cbc5162-a54b-46a2-b522-ee8941289359,83126b5d-250f-464a-8482-6402e50899d1,earthquake,0101000020E6100000CFF753E3A57B584048E17A14AED73840,4.40,medium,EMSC,1920284,2025-12-25 21:49:42.32+06:30,2026-02-17 20:37:45.424104+06:30,f,,{},
67c70e3b-269d-4582-bdd5-aa58da498a20,54899b61-8f4d-4ed4-a92a-f60ca426d349,earthquake,0101000020E610000052B81E85EB115840560E2DB29D6F3340,4.00,medium,EMSC,1920244,2025-12-25 19:43:14+06:30,2026-02-17 20:37:45.428057+06:30,f,,{},
4aa1ec7d-6532-4989-8804-04e77e135b12,96060697-0493-4c2f-b479-d0723732c102,earthquake,0101000020E61000000BB5A679C7355740EC2FBB270F6B2840,4.80,medium,EMSC,1919623,2025-12-24 10:39:46.79+06:30,2026-02-17 20:37:45.431121+06:30,f,,{},
fc23cbb4-22be-4dc6-8f00-492f5ddf10fc,68f1f6ac-058f-4f76-a1f5-40bf503d53db,earthquake,0101000020E610000025068195431358406DE7FBA9F1F23240,4.00,medium,EMSC,1919130,2025-12-23 11:49:08+06:30,2026-02-17 20:37:45.43501+06:30,f,,{},
75f68697-9116-44fb-b0fc-df085f7bc14e,bc02d48b-5d2c-457c-a7c2-ad2a934704fd,earthquake,0101000020E61000009E5E29CB101757409031772D21BF3A40,4.50,medium,USGS,us7000rl21,2025-12-27 19:12:49.553+06:30,2026-02-17 20:37:46.649298+06:30,f,,{},
abecdb28-5086-45b8-b19e-b2849db29675,83126b5d-250f-464a-8482-6402e50899d1,earthquake,0101000020E61000009487855AD37458408716D9CEF7D33840,4.40,medium,USGS,us7000rkqh,2025-12-25 21:49:41.275+06:30,2026-02-17 20:37:46.662847+06:30,f,,{},
56934202-a06c-4990-9b31-0997dec9485e,bd08ee93-d7a2-4037-8ac9-796bb9c6b4c9,earthquake,0101000020E6100000728A8EE4F22F57404FAF946588432940,4.80,medium,USGS,us7000rkiw,2025-12-24 10:39:47.901+06:30,2026-02-17 20:37:46.681578+06:30,f,,{},
e5da2c6c-d86f-44ac-9878-bb81877d146f,9cf212d4-d428-47b0-90d1-27600eaa30b0,earthquake,0101000020E61000004E621058391C584014AE47E17AB43540,3.90,low,EMSC,1923256,2026-01-01 02:36:56+06:30,2026-02-17 20:37:48.656194+06:30,f,,{},
32080f3a-2035-4d58-8974-8ee408b884cc,de9316fe-1d2e-45e3-934b-cc84cbcd3db6,earthquake,0101000020E6100000AE47E17A142E5740D7A3703D0A973B40,3.50,low,EMSC,1922704,2025-12-30 22:35:44+06:30,2026-02-17 20:37:48.670866+06:30,f,,{},
1528a284-a5d3-4e77-a43f-bcc8ba7bd590,2ab2c7a1-bb9a-446a-a4ff-bca417c0cfab,earthquake,0101000020E610000039B4C876BE5F5840508D976E12E33140,3.60,low,EMSC,1922225,2025-12-30 01:33:51+06:30,2026-02-17 20:37:48.678699+06:30,f,,{},
0f553bf2-1dd2-4997-a134-c48c86c7f506,fb74ef39-2792-482f-a68b-3f163d3a1987,earthquake,0101000020E610000000000000002058400000000000C03940,3.90,low,EMSC,1922158,2025-12-29 22:00:37+06:30,2026-02-17 20:37:48.684019+06:30,f,,{},
c1b9170b-ffbf-4970-a6e8-fb68bf46d1e1,fe5ffe0b-f5b0-4335-abad-f5c692617d68,earthquake,0101000020E610000031992A1895445840D200DE02090A3A40,4.20,medium,USGS,us7000rqw2,2025-12-29 22:00:29.804+06:30,2026-02-17 20:37:49.097995+06:30,f,,{},
6be30873-a238-422b-98d4-41e1fcd5a879,1c401f4c-6289-41d1-8b0a-8457aaacab8c,earthquake,0101000020E6100000C7BAB88D068857409487855AD39C2240,4.30,medium,USGS,us6000lcjr,2023-09-28 13:58:10.958+06:30,2026-02-21 23:24:00.722485+06:30,f,,{},
8ebfaced-91ad-437d-9a66-01db64b5d515,c3c75145-2955-4494-9d68-0f61903df433,earthquake,0101000020E610000067D5E76A2B3659407DD0B359F5293640,4.70,medium,EMSC,1947132,2026-02-17 21:35:15.05+06:30,2026-02-18 10:17:20.908307+06:30,f,,{},
acf230fd-b07d-4a2f-b699-2b26d86d7187,435885f5-7ada-444d-9192-3d05dc36d123,earthquake,0101000020E61000007E1D386744595740D5E76A2BF6673940,4.20,medium,EMSC,1946801,2026-02-17 05:23:08+06:30,2026-02-17 16:36:39.66247+06:30,f,,{},
5710bb76-ca0e-4698-a94a-29605272d221,b6c2e2bb-d52c-4b71-8eab-8b8890b71912,earthquake,0101000020E6100000AE47E17A148E5740F6285C8FC2B53640,3.70,low,EMSC,1946734,2026-02-17 03:10:23+06:30,2026-02-17 16:36:39.66247+06:30,f,,{},
9c159d2d-ebb7-4a51-b170-6a9d6c8c9faa,99b371fc-3975-4b46-b5d7-30ea43b58dfc,earthquake,0101000020E610000062105839B4185840DBF97E6ABC343140,4.00,medium,EMSC,1564324,2023-10-11 00:23:56+06:30,2026-02-21 23:24:01.04056+06:30,f,,{},
93ff59a3-1430-4684-be50-a2670e5ac263,2ac4d2c8-6344-460f-807c-c1a96562ba9c,earthquake,0101000020E61000000AD7A3703D0A584048E17A14AEC73040,4.30,medium,USGS,usgs-demo-001,2026-02-18 16:30:00+06:30,2026-02-18 23:44:50.574363+06:30,f,,"{'"sample'": true}",
31195e5c-7de9-4bca-ad59-bdad9d00db54,1d775058-53d5-4a56-89c7-90d575ea9411,earthquake,0101000020E61000005839B4C8761E58406666666666263640,3.70,low,EMSC,1926342,2026-01-07 04:52:00+06:30,2026-02-20 21:41:42.302644+06:30,f,,{},
e92589d1-7e7b-4752-8a7c-7408e0464cfb,5b3fa4d3-bac5-4855-83cf-09a7a58eab1b,earthquake,0101000020E610000088855AD3BC135740FA7E6ABC74533A40,4.90,medium,EMSC,1925373,2026-01-05 05:17:52.226+06:30,2026-02-20 21:41:42.355094+06:30,f,,{},
a38b356b-95c7-4193-91cd-68f96f4a0720,5b3fa4d3-bac5-4855-83cf-09a7a58eab1b,earthquake,0101000020E61000001904560E2D16574066F7E461A1663A40,5.20,medium,EMSC,1925222,2026-01-05 05:17:38.35+06:30,2026-02-20 21:41:42.360206+06:30,f,,{},
e612c07f-0064-47b8-8da5-d7b8630f4117,9baf34b1-b0a4-4343-b48f-8ba4f002fed1,earthquake,0101000020E6100000DF4F8D976EDA58404A0C022B87363740,3.70,low,EMSC,1923925,2026-01-02 10:30:08+06:30,2026-02-20 21:41:42.420872+06:30,f,,{},
c1458055-1557-4fbd-a2d0-acbb487afd61,7a5b8177-c012-4bec-914b-727ca141e3d2,earthquake,0101000020E6100000EC51B81E850B5840C976BE9F1A8F3640,4.40,medium,EMSC,1923635,2026-01-01 20:33:19+06:30,2026-02-20 21:41:42.424236+06:30,f,,{},
0ed4c7b4-d3be-40b1-8d7d-100bb1559012,73c845ed-758c-4083-a932-38143d2cb573,earthquake,0101000020E6100000AC1C5A643BFB5740FCA9F1D24DD23640,4.90,medium,EMSC,1923614,2026-01-01 19:49:00.27+06:30,2026-02-20 21:41:42.427794+06:30,f,,{},
4bcc8632-3342-4545-b0d3-1396ef4ca138,5b3fa4d3-bac5-4855-83cf-09a7a58eab1b,earthquake,0101000020E610000088855AD3BC135740FA7E6ABC74533A40,4.90,medium,USGS,us7000rmhe,2026-01-05 05:17:52.226+06:30,2026-02-20 21:41:43.44835+06:30,f,,{},
ba96b560-03d2-48a7-85ac-7931f43dee47,5b3fa4d3-bac5-4855-83cf-09a7a58eab1b,earthquake,0101000020E610000041F163CC5D175740D8F0F44A59563A40,5.20,medium,USGS,us7000rmhd,2026-01-05 05:17:40.446+06:30,2026-02-20 21:41:43.459721+06:30,f,,{},
cd462667-e61e-428b-bce9-308df28654bf,73c845ed-758c-4083-a932-38143d2cb573,earthquake,0101000020E61000003D9B559FABF95740C898BB9690CF3640,5.00,medium,USGS,us7000rlx8,2026-01-01 19:48:59.369+06:30,2026-02-20 21:41:43.463629+06:30,f,,{},
462453a7-5b98-49d5-b4f5-f39307ee9dc3,74d48ae5-bead-4418-88c1-82be2ff84cb4,earthquake,0101000020E61000003333333333F35740CDCCCCCCCC0C3940,4.00,medium,EMSC,1930003,2026-01-14 12:56:28+06:30,2026-02-20 21:41:43.73586+06:30,f,,{},
1005e05d-1018-487d-893b-64d13b9b64fd,d2735085-1554-4b86-9b52-486c6b8493e4,earthquake,0101000020E610000017D9CEF753F35740508D976E12433740,3.50,low,EMSC,1929910,2026-01-14 07:20:11+06:30,2026-02-20 21:41:43.742483+06:30,f,,{},
02887313-7273-4618-b42d-646f92aba9f0,d60040a5-458b-44e3-95c9-22006bd68d86,earthquake,0101000020E6100000F0A7C64B37215840560E2DB29DEF3140,3.60,low,EMSC,1929135,2026-01-12 19:56:14+06:30,2026-02-20 21:41:43.746085+06:30,f,,{},
cea84603-1e6e-4b32-a0ca-0df1f5c1a344,cac9df89-c191-4fbb-87a6-1fa672a4ece2,earthquake,0101000020E6100000DBF97E6ABC0C5840BE9F1A2FDDA43640,3.50,low,EMSC,1928861,2026-01-12 07:10:22+06:30,2026-02-20 21:41:43.749062+06:30,f,,{},
23abfece-1e51-4063-af15-12bc65b73463,9dcd0d7a-e664-4b7b-862e-7feb7ab5e578,earthquake,0101000020E610000092CB7F48BFCD57408126C286A7C73840,4.40,medium,EMSC,1928775,2026-01-12 02:45:41.15+06:30,2026-02-20 21:41:43.752181+06:30,f,,{},
7fafbbce-b6bb-463c-86d2-17c657615a61,62748b6e-0384-4ac2-a165-8312d2fde2ce,earthquake,0101000020E6100000B81E85EB515857400AD7A3703D0A3640,3.60,low,EMSC,1928700,2026-01-11 22:33:05+06:30,2026-02-20 21:41:43.758352+06:30,f,,{},
1a003f23-acbb-4ed4-b9e6-d89430a6a63b,25178e3d-fbfa-4501-bb75-2ef0f09a8d09,earthquake,0101000020E610000066666666667657403D0AD7A370FD3A40,3.50,low,EMSC,1928126,2026-01-10 14:30:31+06:30,2026-02-20 21:41:43.763602+06:30,f,,{},
a07c86dc-7fac-4060-84df-64306289fb16,889082b2-7fff-480d-8639-a40ce9fb1e50,earthquake,0101000020E6100000C976BE9F1A1F5840986E1283C0EA3240,3.60,low,EMSC,1927648,2026-01-09 14:36:51+06:30,2026-02-20 21:41:43.768101+06:30,f,,{},
59fbce8c-62f3-4be3-89f2-89659752a04f,0bad48bd-a151-4e65-8883-f3a545a743fb,earthquake,0101000020E6100000B81E85EB51085840AE47E17A14EE3540,4.50,medium,EMSC,1927292,2026-01-08 21:26:35+06:30,2026-02-20 21:41:43.773866+06:30,f,,{},
0ea1f360-b29b-4e8e-8ef4-719e6ccf25fb,2d8e34e7-1479-4893-9e5c-514355f7ffde,earthquake,0101000020E61000003333333333135740F6285C8FC2B53A40,3.90,low,EMSC,1927301,2026-01-08 19:30:47+06:30,2026-02-20 21:41:43.779334+06:30,f,,{},
9e086934-4174-4b3e-895b-28442caad886,9dcd0d7a-e664-4b7b-862e-7feb7ab5e578,earthquake,0101000020E61000006688635DDCD25740AED85F764FCE3840,4.40,medium,USGS,us7000rp2s,2026-01-12 02:45:40.359+06:30,2026-02-20 21:41:44.542398+06:30,f,,{},
5f905c3d-a0ee-4f90-aecd-bdcb98c13766,05f54545-3a94-4f6c-84ac-2c6e7d029f14,earthquake,0101000020E610000036AB3E575B3958406ADE718A8E543B40,5.10,medium,EMSC,1933658,2026-01-22 04:13:02.86+06:30,2026-02-20 21:41:44.809783+06:30,f,,{},
a69eb680-4c77-48c4-8e70-a33964cc538d,bce5cbc3-61b6-4c2e-a94e-452c4c5433e8,earthquake,0101000020E6100000E17A14AE47F15740AE47E17A146E3840,3.80,low,EMSC,1933539,2026-01-21 23:18:21+06:30,2026-02-20 21:41:44.818683+06:30,f,,{},
b0227a5f-8806-4586-b323-b622d3d2d22b,6c514cc4-2e5e-4232-8b19-797dfdf830b8,earthquake,0101000020E6100000CDCCCCCCCCDC5740D7A3703D0A173140,4.50,medium,EMSC,1932545,2026-01-20 01:26:35+06:30,2026-02-20 21:41:44.822168+06:30,f,,{},
1afb13a8-fb8f-4759-b2ab-c9e05bbd53d0,b18c1d88-071a-4a74-931d-087b4179c30e,earthquake,0101000020E6100000014D840D4FF35740B81E85EB51383140,4.40,medium,EMSC,1932480,2026-01-19 22:13:56.65+06:30,2026-02-20 21:41:44.824943+06:30,f,,{},
002c2d7f-a6e2-4612-a753-44aa967156c4,6b1b44bb-6e1c-4bd6-881f-400dcec6b9d9,earthquake,0101000020E6100000C3F5285C8F7257403333333333B33740,3.50,low,EMSC,1931772,2026-01-18 05:52:20+06:30,2026-02-20 21:41:44.828109+06:30,f,,{},
d5242228-690b-4678-be59-08f7dcfd7cda,69a713e7-66b1-4baf-80fc-e9ac50254b66,earthquake,0101000020E61000004260E5D022935840931804560E2D3440,4.00,medium,EMSC,1931661,2026-01-18 00:51:17+06:30,2026-02-20 21:41:44.832606+06:30,f,,{},
e77ebb59-18e4-47ae-a4b6-06f3911de98d,132c1544-7c9d-47c9-82eb-48a9acd4b1af,earthquake,0101000020E61000009A99999999115840F853E3A59B243640,4.10,medium,EMSC,1931501,2026-01-17 13:47:39+06:30,2026-02-20 21:41:44.837486+06:30,f,,{},
6c8bde9f-0ea4-4050-99f4-e61f8cf8c07f,135eeb6c-b5a7-4b22-be23-d7cefdf92e5a,earthquake,0101000020E6100000F6285C8FC28557400000000000003740,3.50,low,EMSC,1931479,2026-01-16 17:01:57+06:30,2026-02-20 21:41:44.841909+06:30,f,,{},
4e292a2f-3a96-4283-91da-5ea080ec797f,2568f7a8-a3dd-4c54-a9bc-148d53d42580,earthquake,0101000020E6100000A779C7293A0258401973D712F2213540,4.90,medium,EMSC,1930626,2026-01-15 18:42:18.25+06:30,2026-02-20 21:41:44.845859+06:30,f,,{},
219d6f4f-79b0-4b53-8b5a-2ea6a0280b45,05f54545-3a94-4f6c-84ac-2c6e7d029f14,earthquake,0101000020E6100000FAEDEBC0393B584000917EFB3A503B40,5.20,medium,USGS,us7000rr7m,2026-01-22 04:13:05.761+06:30,2026-02-20 21:41:45.309976+06:30,f,,{},
55965e85-45c1-4497-b350-abfdf6f42b0f,b18c1d88-071a-4a74-931d-087b4179c30e,earthquake,0101000020E6100000BA490C022BF35740E9B7AF03E75C3140,4.40,medium,USGS,us7000rql1,2026-01-19 22:13:57.332+06:30,2026-02-20 21:41:45.315919+06:30,f,,{},
96bb0fdf-1762-4d15-b6b5-cf8965c232c6,2568f7a8-a3dd-4c54-a9bc-148d53d42580,earthquake,0101000020E6100000AD69DE718A025840E8D9ACFA5C0D3540,4.90,medium,USGS,us7000rpuq,2026-01-15 18:42:17.496+06:30,2026-02-20 21:41:45.319225+06:30,f,,{},
be893466-6147-4a81-868d-0b1c293fc111,41726ca1-5e7d-4a27-a602-b2bc841beef9,earthquake,0101000020E6100000F6285C8FC2E557400000000000403A40,3.90,low,EMSC,1935621,2026-01-25 22:52:54+06:30,2026-02-20 21:41:45.574027+06:30,f,,{},
a9507f26-08b3-4c86-a23a-1855ac18ea59,d5a14edd-b7b4-4429-ae5e-8768f345f636,earthquake,0101000020E6100000713D0AD7A3505740B81E85EB51F83640,3.50,low,EMSC,1935494,2026-01-25 17:27:17+06:30,2026-02-20 21:41:45.58373+06:30,f,,{},
2425aa9d-c7a5-40a4-b45d-21b9e0c395f0,effe4a75-b532-4c39-91de-9ac453f05c0b,earthquake,0101000020E61000001F85EB51B86E57405C8FC2F5289C3640,3.60,low,EMSC,1935491,2026-01-25 17:13:38+06:30,2026-02-20 21:41:45.586512+06:30,f,,{},
b252bd49-b750-47e0-942b-f5ef4ab7cdcd,16c8845d-8bb3-4f16-917d-f47da74d8ca3,earthquake,0101000020E610000091ED7C3F35165840CBA145B6F31D3440,3.80,low,EMSC,1935403,2026-01-25 12:17:41+06:30,2026-02-20 21:41:45.589119+06:30,f,,{},
e2e6cbd2-31c4-4e21-b83a-9f67d697f648,6a872125-e13b-46eb-bf86-223b173704ea,earthquake,0101000020E6100000D7A3703D0AB75740EC51B81E852B3940,3.70,low,EMSC,1935021,2026-01-24 16:01:17+06:30,2026-02-20 21:41:45.5925+06:30,f,,{},
238b1058-449b-442e-96ad-3a068e5104b5,76c4cf2b-3d02-4be0-9a96-0fb2adcf0b5d,earthquake,0101000020E6100000E17A14AE47A1574014AE47E17AD43840,3.60,low,EMSC,1934585,2026-01-23 21:04:07+06:30,2026-02-20 21:41:45.596918+06:30,f,,{},
19fc093e-725f-4696-a7e9-bd3b0c543187,aa257a78-2c32-420d-9980-e80f3a878e2c,earthquake,0101000020E6100000F6285C8FC2B557403D0AD7A370BD3940,4.00,medium,EMSC,1934203,2026-01-23 04:20:08+06:30,2026-02-20 21:41:45.60156+06:30,f,,{},
1e1048f7-eaee-4d01-acb1-5381602c71e2,6612cc2e-55da-4f77-92df-ccd7a51d5666,earthquake,0101000020E6100000DBF97E6ABC14584039B4C876BEDF3240,4.20,medium,EMSC,1940727,2026-02-05 02:08:39+06:30,2026-02-20 21:41:46.46+06:30,f,,{},
932c4a8d-3d07-48bb-b37f-92acbe5a2048,ad6fe0ed-c3b3-4fc0-8a4b-cb9876e302cf,earthquake,0101000020E6100000B5A679C729D257400F0BB5A679C73840,4.50,medium,EMSC,1940706,2026-02-05 01:09:45.07+06:30,2026-02-20 21:41:46.470995+06:30,f,,{},
787f46d8-527d-4100-9d3a-b4a1890b211f,b45eabd4-c7ba-43c1-bfc4-b63ac969d132,earthquake,0101000020E6100000A4703D0AD71357400AD7A3703D0A3B40,4.10,medium,EMSC,1940419,2026-02-04 09:57:36+06:30,2026-02-20 21:41:46.474662+06:30,f,,{},
738bcd39-c9a6-4179-8342-e094c9620836,cc04ff56-8f00-4d28-876a-7fff01bb2cd5,earthquake,0101000020E6100000C3F5285C8F7E574040A4DFBE0E8C3440,5.10,medium,EMSC,1940193,2026-02-03 22:21:29.71+06:30,2026-02-20 21:41:46.478255+06:30,f,,{},
7aa4d343-5764-464a-a57f-ac174cb89840,a36d885c-9256-49cc-ac60-fca5ea2e6dd7,earthquake,0101000020E610000052499D80267E57406B2BF697DD833440,5.80,medium,EMSC,1940188,2026-02-03 22:04:01.87+06:30,2026-02-20 21:41:46.482367+06:30,f,,{},
e66556ff-0f69-4216-90aa-c2d40ef93dbd,7234c510-c876-443b-aae4-38bedc4d9ec8,earthquake,0101000020E6100000643BDF4F8D07584091ED7C3F35FE3540,4.20,medium,EMSC,1939985,2026-02-03 12:42:03+06:30,2026-02-20 21:41:46.487967+06:30,f,,{},
22e26fee-a459-4ea5-8e2a-ab4ee0b683bf,c9c7a749-2492-4ddc-b80c-3a417502f5a7,earthquake,0101000020E61000003BDF4F8D97AA57401B9E5E29CBC03640,4.40,medium,EMSC,1939329,2026-02-02 06:34:04.721+06:30,2026-02-20 21:41:46.49295+06:30,f,,{},
f774a2e1-9397-4e63-aece-0bdc11c241a7,78a8c873-122a-4661-8aba-1c8a63009c60,earthquake,0101000020E61000003333333333D35740E17A14AE47613A40,3.60,low,EMSC,1938398,2026-01-31 03:14:33+06:30,2026-02-20 21:41:46.497373+06:30,f,,{},
07288bfe-ee28-4ec7-9f80-923e3582fa99,33f12d39-1ad4-4002-b250-6b5390078e76,earthquake,0101000020E6100000E17A14AE4711574048E17A14AEC73A40,3.90,low,EMSC,1938058,2026-01-30 13:20:28+06:30,2026-02-20 21:41:46.502386+06:30,f,,{},
a83b994b-9c81-4999-94c4-8cc02c8a3674,620b086a-5b99-422b-86d7-ba8560e19f85,earthquake,0101000020E6100000A4703D0AD7435740295C8FC2F5E83540,3.50,low,EMSC,1938043,2026-01-29 14:31:55+06:30,2026-02-20 21:41:46.507384+06:30,f,,{},
0a8677bb-1dfe-404a-b2a1-77969c3819b1,ad6fe0ed-c3b3-4fc0-8a4b-cb9876e302cf,earthquake,0101000020E610000003098A1F63CE57403333333333C33840,4.50,medium,USGS,us6000s6h9,2026-02-05 01:09:44.492+06:30,2026-02-20 21:41:47.116059+06:30,f,,{},
47295f93-a0ea-44c4-82c2-a73588e8abba,cc04ff56-8f00-4d28-876a-7fff01bb2cd5,earthquake,0101000020E61000008CB96B09F98057408E75711B0D903440,5.10,medium,USGS,us6000s65j,2026-02-03 22:21:31.021+06:30,2026-02-20 21:41:47.121974+06:30,f,,{},
92a5cc75-cb5c-4b7d-b8e0-4c1050e70edb,a36d885c-9256-49cc-ac60-fca5ea2e6dd7,earthquake,0101000020E61000009D11A5BDC17B5740C364AA6054723440,5.80,medium,USGS,us6000s65b,2026-02-03 22:04:01.298+06:30,2026-02-20 21:41:47.125277+06:30,f,,{},
7d4bb764-3bf0-4b2a-bf81-a338fde36e46,c9c7a749-2492-4ddc-b80c-3a417502f5a7,earthquake,0101000020E61000003BDF4F8D97AA57401B9E5E29CBC03640,4.40,medium,USGS,us6000s9z9,2026-02-02 06:34:04.721+06:30,2026-02-20 21:41:47.129346+06:30,f,,{},
ec012a74-fe21-4756-adac-d590d777f50d,8dd71f83-a5fb-43bb-9ecc-7ca746eaaecf,earthquake,0101000020E61000005A643BDF4FC557406F1283C0CA413540,3.80,low,EMSC,1943729,2026-02-11 01:35:06+06:30,2026-02-20 21:41:47.382006+06:30,f,,{},
023aa868-49d6-4dc5-8646-4a2f76f28a40,a9ba9576-4477-4cf3-9586-b750bd525464,earthquake,0101000020E610000000000000000858405839B4C876FE3540,3.90,low,EMSC,1943266,2026-02-10 02:34:03+06:30,2026-02-20 21:41:47.389668+06:30,f,,{},
3ede95a7-c515-4f8b-b548-8e61f95040aa,b0d672b2-e896-4717-a8ce-6d51245ff172,earthquake,0101000020E61000000E2DB29DEF07584060E5D022DBB93540,3.70,low,EMSC,1942505,2026-02-08 16:58:00+06:30,2026-02-20 21:41:47.392367+06:30,f,,{},
5a274caa-42ea-4fd6-97cc-f551f0895d3e,b841cc9b-3135-481a-ae4c-4ec8d694b90e,earthquake,0101000020E61000008FC2F5285CAF5740C3F5285C8FC23840,3.90,low,EMSC,1941788,2026-02-07 04:01:45+06:30,2026-02-20 21:41:47.395653+06:30,f,,{},
6b5a05c9-4d1b-438d-8b64-416b057dd052,791bc088-d9b3-4772-8322-3063395be1be,earthquake,0101000020E6100000A9A44E4013BD5740DB8AFD65F7843740,5.20,medium,EMSC,1941349,2026-02-06 07:03:06.17+06:30,2026-02-20 21:41:47.398884+06:30,f,,{},
2f084375-c8d5-4377-9043-0f83ccf44b3d,791bc088-d9b3-4772-8322-3063395be1be,earthquake,0101000020E610000086C954C1A8BC5740894160E5D0823740,5.20,medium,USGS,us6000s6ug,2026-02-06 07:03:06.41+06:30,2026-02-20 21:41:47.818542+06:30,f,,{},
d4fd3786-44ce-46e7-99bb-bf855bf2e1ff,825b9e74-fcb3-4f19-a5f8-7ce0360a8f36,earthquake,0101000020E6100000713D0AD7A3D05740713D0AD7A3703940,4.20,medium,EMSC,1947157,2026-02-17 22:58:52+06:30,2026-02-18 10:17:19.775195+06:30,f,,{},
5835a0f3-2000-4fee-9bc0-89fada0b5c42,c3c75145-2955-4494-9d68-0f61903df433,earthquake,0101000020E6100000F9A067B3EA33594068B3EA73B5253640,4.70,medium,USGS,us6000s9s9,2026-02-17 21:35:15.537+06:30,2026-02-20 21:41:48.727156+06:30,f,,{},
acb4cf49-e5f9-410f-be32-b03095b1a2a7,6be4781d-eaf9-4bde-994f-ee3493a8079e,earthquake,0101000020E6100000A60A4625757A574027C286A7577A3440,4.40,medium,USGS,us6000s9r0,2026-02-17 05:20:47.687+06:30,2026-02-20 21:41:48.73331+06:30,f,,{},
e034f385-3865-49a5-951a-8b3768511097,ad40fd8c-74b4-49bb-a273-cb35665df5d0,earthquake,0101000020E610000014AE47E17A945740A4703D0AD7A33140,4.70,medium,EMSC,835199,2020-03-03 15:48:54.3+06:30,2026-02-21 23:21:42.434235+06:30,f,,{},
7abd97be-a1b0-404c-b34e-42a2fc9750c2,0facb6cf-0e47-47d1-be3a-b06ea7aeb51f,earthquake,0101000020E6100000A4703D0AD7B35740713D0AD7A3303840,3.50,low,EMSC,835114,2020-03-03 03:16:56+06:30,2026-02-21 23:21:42.443563+06:30,f,,{},
9b500b09-1b5c-4174-8e43-dbdcfa29be86,efb360ee-7d70-448c-a0c5-1f1a03c9abbf,earthquake,0101000020E6100000D7A3703D0AA75740EC51B81E85AB3740,4.30,medium,EMSC,819181,2020-01-14 07:54:58.2+06:30,2026-02-21 23:21:35.641542+06:30,f,,{},
fe6ce512-c6f4-48de-9776-b59009e213bc,efb360ee-7d70-448c-a0c5-1f1a03c9abbf,earthquake,0101000020E6100000C5FEB27BF2A05740E86A2BF697AD3740,4.30,medium,USGS,us70006zgm,2020-01-14 07:54:58.643+06:30,2026-02-21 23:21:37.281449+06:30,f,,{},
0d1db101-130e-4daa-b935-3f56ae336e37,db81e2ad-c523-4cfc-a380-20d60f24a5a6,earthquake,0101000020E61000001F85EB51B85E57400000000000803440,4.90,medium,EMSC,822150,2020-01-23 16:18:06.6+06:30,2026-02-21 23:21:38.134069+06:30,f,,{},
bd8f0680-04f1-4cfe-9b69-42482a0b110c,db81e2ad-c523-4cfc-a380-20d60f24a5a6,earthquake,0101000020E6100000FF21FDF6755C5740F7E461A1D6843440,4.90,medium,USGS,us60007dqr,2020-01-23 16:18:04.838+06:30,2026-02-21 23:21:38.714036+06:30,f,,{},
a16e2e4e-6c37-4ff7-a138-78709e9b0b4b,335d0c24-723a-4b2b-bd4e-95d930649945,earthquake,0101000020E6100000D7A3703D0AF75740C3F5285C8FC23340,4.40,medium,EMSC,826803,2020-02-04 20:40:23.6+06:30,2026-02-21 23:21:38.992387+06:30,f,,{},
eb8e898d-df31-4eb8-954d-ee81a3a08af8,d8dbabcb-a3b0-47a9-8015-bbc342a208fc,earthquake,0101000020E6100000E17A14AE478158400AD7A3703DCA3840,4.50,medium,EMSC,825300,2020-01-31 17:25:21.1+06:30,2026-02-21 23:21:39.002303+06:30,f,,{},
3222bc1f-00ad-408f-bdcb-446395d4c4a9,a9ae7ba9-ad01-46f9-b606-b0dd18665672,earthquake,0101000020E6100000000000000080574085EB51B81E052540,4.80,medium,EMSC,824541,2020-01-29 21:40:54.4+06:30,2026-02-21 23:21:39.006388+06:30,f,,{},
c0512065-3188-45ea-9390-8963582390cd,f91e3949-10eb-49ca-ab27-d1486c87de0a,earthquake,0101000020E6100000728A8EE4F2A75740EC51B81E85BB3540,4.10,medium,USGS,us70007pey,2020-02-05 00:56:20.869+06:30,2026-02-21 23:21:39.636633+06:30,f,,{},
c69718e1-1462-4ccf-beae-0e45d5ce71a1,335d0c24-723a-4b2b-bd4e-95d930649945,earthquake,0101000020E610000010E9B7AF03F75740FBCBEEC9C3C23340,4.40,medium,USGS,us60007pe6,2020-02-04 20:40:23.587+06:30,2026-02-21 23:21:39.646365+06:30,f,,{},
be8e2a97-9227-4098-b869-a032a5147486,d8dbabcb-a3b0-47a9-8015-bbc342a208fc,earthquake,0101000020E610000003780B2428865840713D0AD7A3D03840,4.40,medium,USGS,us60007l7u,2020-01-31 17:25:20.847+06:30,2026-02-21 23:21:39.650687+06:30,f,,{},
7dabc3d6-71b8-4b43-af2b-1f5152e361a2,565f1034-f8f6-4008-94a3-a21666d3c637,earthquake,0101000020E610000012A5BDC117725740E5D022DBF99E2440,5.00,medium,USGS,us60007j4e,2020-01-29 21:40:53.203+06:30,2026-02-21 23:21:39.654631+06:30,f,,{},
8d687b71-881b-4949-8e91-14832fb21735,d83e35b0-6535-46db-b022-ac4ae02557a7,earthquake,0101000020E610000001DE02098ABF574039D6C56D34703840,4.30,medium,USGS,us70007kw7,2020-01-29 20:13:05.74+06:30,2026-02-21 23:21:39.6587+06:30,f,,{},
86346ce4-820d-4acd-b528-a282fea20d6a,c44118fa-8ffa-42f8-9cbf-211f9bbb38d4,earthquake,0101000020E610000014AE47E17A945740E17A14AE47A13140,4.60,medium,EMSC,829070,2020-02-12 00:22:45.7+06:30,2026-02-21 23:21:39.922691+06:30,f,,{},
a79800c4-59b7-49e7-bfc9-8ae80b5828ab,c9a3c048-e811-4151-bc0d-8e1950b8d3ab,earthquake,0101000020E6100000C3F5285C8F525740C3F5285C8F422A40,5.00,medium,EMSC,828810,2020-02-11 00:50:10.3+06:30,2026-02-21 23:21:39.933138+06:30,f,,{},
228e44ea-57b7-4557-ac2d-2d3b29849ae7,57aa21d2-e23c-4b2e-ba93-d11037f8d9c6,earthquake,0101000020E6100000EC51B81E85BB574085EB51B81E053740,4.20,medium,EMSC,828677,2020-02-10 02:07:29.6+06:30,2026-02-21 23:21:39.938202+06:30,f,,{},
712a2278-ef2b-4e6f-894a-9dd2716585aa,f6a2f6bb-3404-4427-b2e7-e23ae263f8fc,earthquake,0101000020E6100000EC51B81E857B57401F85EB51B89E3440,4.60,medium,EMSC,828504,2020-02-10 01:40:47.6+06:30,2026-02-21 23:21:39.943404+06:30,f,,{},
c62284cc-03d7-4f29-a275-158707d2320a,2f8dac8b-1360-438a-a093-7cfdd7df21b8,earthquake,0101000020E6100000A4703D0AD7635740295C8FC2F5282640,4.40,medium,EMSC,827750,2020-02-07 17:30:40+06:30,2026-02-21 23:21:39.949346+06:30,f,,{},
cc1e3c11-f9c8-423d-9328-72f169b3c37b,c44118fa-8ffa-42f8-9cbf-211f9bbb38d4,earthquake,0101000020E61000003F355EBA49945740DA1B7C6132A53140,4.60,medium,USGS,us70007n83,2020-02-12 00:22:42.268+06:30,2026-02-21 23:21:40.497851+06:30,f,,{},
7b9a08b0-4da7-4b2c-8c71-3e7556a4f4d4,c9a3c048-e811-4151-bc0d-8e1950b8d3ab,earthquake,0101000020E610000026E4839ECD525740DC4603780B442A40,4.90,medium,USGS,us70007mpw,2020-02-11 00:50:09.252+06:30,2026-02-21 23:21:40.510978+06:30,f,,{},
04bb8c2f-981e-4810-8ba7-c671f36248f4,57aa21d2-e23c-4b2e-ba93-d11037f8d9c6,earthquake,0101000020E610000018265305A3B65740CDCCCCCCCC0C3740,4.20,medium,USGS,us70007m6w,2020-02-10 02:07:29.389+06:30,2026-02-21 23:21:40.516408+06:30,f,,{},
89e5e25e-c992-4cee-a0af-86964e516e46,f6a2f6bb-3404-4427-b2e7-e23ae263f8fc,earthquake,0101000020E6100000B29DEFA7C6775740D200DE02098A3440,4.60,medium,USGS,us70007m6d,2020-02-10 01:40:46.707+06:30,2026-02-21 23:21:40.520076+06:30,f,,{},
518c289e-1851-47b1-b072-1c3faa3ad2ab,cbf6bdab-1686-4d89-a672-e33efb207d5e,earthquake,0101000020E6100000CEAACFD55628574076711B0DE0AD2940,4.40,medium,USGS,us70007q7n,2020-02-09 15:18:50.639+06:30,2026-02-21 23:21:40.525199+06:30,f,,{},
6f3718fd-fb8d-4647-816f-400f531dd1a5,2f8dac8b-1360-438a-a093-7cfdd7df21b8,earthquake,0101000020E6100000BDE3141DC96557401F85EB51B83E2640,4.40,medium,USGS,us70007ksx,2020-02-07 17:30:40.151+06:30,2026-02-21 23:21:40.530719+06:30,f,,{},
e9ce395e-856c-47ba-b736-cce9f4d078e5,9e97e855-f03d-4494-8950-4a6d798398fc,earthquake,0101000020E6100000F6285C8FC2855740B81E85EB51382540,4.30,medium,EMSC,829356,2020-02-13 01:47:55.8+06:30,2026-02-21 23:21:40.791916+06:30,f,,{},
fd215c2b-0f3b-41fb-a85b-dea375dc5b74,bd03d780-f936-4bdc-ab50-d8493f425e69,earthquake,0101000020E61000006B2BF697DD135840711B0DE02D203340,4.00,medium,USGS,us70007vwt,2020-02-18 08:25:37.405+06:30,2026-02-21 23:21:41.351499+06:30,f,,{},
b3f87600-abb1-4b8d-a739-8b962493cd04,2e0f7148-4b0d-4715-90f0-9516019f5b25,earthquake,0101000020E61000003CBD52962166574051DA1B7C61923640,4.20,medium,USGS,us70007u6g,2020-02-15 14:42:18.454+06:30,2026-02-21 23:21:41.357976+06:30,f,,{},
34087c06-aba7-40f0-9841-7f3cb81b681b,9e97e855-f03d-4494-8950-4a6d798398fc,earthquake,0101000020E6100000EB73B515FB835740454772F90F092540,4.30,medium,USGS,us70007nyd,2020-02-13 01:47:55.089+06:30,2026-02-21 23:21:41.361147+06:30,f,,{},
a3b8dc6d-7b4b-46b4-9ee3-6758370de23c,34798c12-6f76-42e6-a1b8-1786147b66e8,earthquake,0101000020E6100000C3F5285C8F22584085EB51B81E853940,4.20,medium,EMSC,832692,2020-02-24 02:03:28+06:30,2026-02-21 23:21:41.631807+06:30,f,,{},
a9fac19e-eb48-49c3-941c-4f468136821d,ad40fd8c-74b4-49bb-a273-cb35665df5d0,earthquake,0101000020E61000009D8026C286935740ABCFD556EC9F3140,4.90,medium,USGS,us600088jb,2020-03-03 15:48:50.445+06:30,2026-02-21 23:21:43.004058+06:30,f,,{},
edcf21cc-3687-4095-80de-1ebe7b0c2fa8,4efb630f-377c-497c-9d7a-36a7b29295e0,earthquake,0101000020E61000006666666666965740EC51B81E85AB3840,3.70,low,EMSC,836120,2020-03-06 17:47:11+06:30,2026-02-21 23:21:43.288479+06:30,f,,{},
9d0d8c49-0414-426a-a275-2cdaadac293d,b9b42519-e82d-4b2c-9142-7cff1fb92b47,earthquake,0101000020E6100000C3F5285C8F3258409A99999999D93940,4.40,medium,EMSC,835818,2020-03-05 13:29:54.6+06:30,2026-02-21 23:21:43.2983+06:30,f,,{},
ddb05724-73f7-4235-952d-6be4f6651e29,12889740-7607-447c-bffd-2020578ecd93,earthquake,0101000020E6100000000000000010584085EB51B81E853840,4.80,medium,EMSC,835393,2020-03-04 06:50:03+06:30,2026-02-21 23:21:43.301863+06:30,f,,{},
ba6acc36-4f60-43ef-a6f7-950defa689c4,80bfcc93-6f7e-461c-b227-630cd3dad326,earthquake,0101000020E6100000986E1283C00658405EBA490C023B3740,4.50,medium,USGS,us60008e97,2020-03-07 10:35:43.016+06:30,2026-02-21 23:21:43.850454+06:30,f,,{},
5a3ccedb-09b6-478a-9f4b-fe66fd13b069,b9b42519-e82d-4b2c-9142-7cff1fb92b47,earthquake,0101000020E61000004BC8073D9B3158404BEA043411D63940,4.50,medium,USGS,us600089zy,2020-03-05 13:29:54.541+06:30,2026-02-21 23:21:43.859421+06:30,f,,{},
97bfb477-492f-43f5-b4d9-2d01a40dea9e,12889740-7607-447c-bffd-2020578ecd93,earthquake,0101000020E61000005F984C158C0658407AC7293A926B3840,4.80,medium,USGS,us60008937,2020-03-04 06:50:03.152+06:30,2026-02-21 23:21:43.863082+06:30,f,,{},
30a7d192-a1bc-4873-a6e6-18cbd913733f,317b178c-2a75-4e7f-80d4-799f35010547,earthquake,0101000020E610000033333333339357403333333333333740,4.50,medium,EMSC,840474,2020-03-21 14:28:45+06:30,2026-02-21 23:21:44.635711+06:30,f,,{},
9c930196-956e-46c9-92a8-97a88a0bfeca,f375c83d-d2ce-4325-8e50-7d0b14eb6538,earthquake,0101000020E610000085EB51B81E3557407B14AE47E13A3B40,3.60,low,EMSC,840256,2020-03-20 21:13:11+06:30,2026-02-21 23:21:44.6445+06:30,f,,{},
9cb6bfdd-4adc-4bd5-928c-087acc4b6586,a90d5a33-d802-4d9e-b52b-e67a8ae7d015,earthquake,0101000020E61000005839B4C876165840265305A3921A3940,4.40,medium,USGS,us70008hf0,2020-03-23 18:51:27.031+06:30,2026-02-21 23:21:44.960064+06:30,f,,{},
6e370285-2e9c-46bf-9891-7d84dead65ff,a6fe9592-f50a-431d-967d-07b15c114566,earthquake,0101000020E6100000F163CC5D4BC457406744696FF0153940,4.50,medium,USGS,us70008hem,2020-03-23 14:38:12.704+06:30,2026-02-21 23:21:44.968754+06:30,f,,{},
202fd89a-b090-428e-8718-cbf9f4e96f46,4123961f-b951-41a6-a6ab-e0fa26000f96,earthquake,0101000020E61000000000000000A057400000000000803840,4.00,medium,EMSC,841810,2020-03-26 01:48:16+06:30,2026-02-21 23:21:45.241264+06:30,f,,{},
6005733a-ad92-460b-bc9a-e40a2cc746e8,66427b28-8546-469a-9421-51f91466da45,earthquake,0101000020E610000052B81E85EB3157403D0AD7A3707D3A40,4.70,medium,EMSC,845312,2020-04-06 00:20:30.2+06:30,2026-02-21 23:21:45.786153+06:30,f,,{},
3f222e7d-564a-4f32-b582-99f9b0cbc317,82799a32-736a-4781-be50-6424feadf844,earthquake,0101000020E6100000A4703D0AD74358409A99999999193A40,4.20,medium,EMSC,844320,2020-04-03 00:05:31.4+06:30,2026-02-21 23:21:45.798652+06:30,f,,{},
9b769bca-2d34-4323-a146-2fedeadb3c03,66427b28-8546-469a-9421-51f91466da45,earthquake,0101000020E61000008CDB68006F3157407F6ABC7493683A40,4.50,medium,USGS,us70008pdi,2020-04-06 00:20:30.477+06:30,2026-02-21 23:21:46.42557+06:30,f,,{},
6cff227d-867f-452b-98f3-db27facafa50,82799a32-736a-4781-be50-6424feadf844,earthquake,0101000020E6100000EE7C3F355E425840151DC9E53F243A40,4.20,medium,USGS,us70008rid,2020-04-03 00:05:31.963+06:30,2026-02-21 23:21:46.434902+06:30,f,,{},
fd0471e7-828d-4cde-83d3-898f792b6269,f627bf40-7034-485a-9bd2-dfa514e1df9b,earthquake,0101000020E6100000CDCCCCCCCC2C57403333333333B33B40,3.70,low,EMSC,847945,2020-04-14 15:56:34+06:30,2026-02-21 23:21:46.69656+06:30,f,,{},
9a2971b7-226e-4cc9-9857-0557a07b5309,86ba96a6-f3de-459e-839a-5df12b8784c8,earthquake,0101000020E61000009A999999997957406666666666E63640,3.70,low,EMSC,847857,2020-04-14 04:03:02+06:30,2026-02-21 23:21:46.702843+06:30,f,,{},
a90ac7bb-b562-429a-872a-f5171e6eafda,745abfd9-9bb6-499e-9bd5-50c98d9ef963,earthquake,0101000020E61000003D0AD7A3703D57400AD7A3703D0A2840,4.30,medium,EMSC,849931,2020-04-14 00:04:03.9+06:30,2026-02-21 23:21:46.706368+06:30,f,,{},
5755df6a-43d7-4b36-9844-69415d77f262,346a3d57-104c-466a-9c8c-e7dc59a1bd19,earthquake,0101000020E61000003333333333B357403333333333B33840,3.70,low,EMSC,846654,2020-04-10 04:28:57+06:30,2026-02-21 23:21:46.709665+06:30,f,,{},
ae4e05f7-fe54-46ae-9711-167d2db7f75a,745abfd9-9bb6-499e-9bd5-50c98d9ef963,earthquake,0101000020E610000093A98251493D5740F241CF66D5072840,4.30,medium,USGS,us700090hi,2020-04-14 00:04:03.942+06:30,2026-02-21 23:21:47.276085+06:30,f,,{},
36829a1d-58d1-4e43-9915-c8a8521e97dc,f9eb5cb0-6129-4bce-b070-b51e1500bc53,earthquake,0101000020E6100000AE47E17A143E5740B81E85EB51B82240,4.80,medium,EMSC,850008,2020-04-21 06:39:10+06:30,2026-02-21 23:21:47.539272+06:30,f,,{},
71e5e509-3cdb-449f-9cfd-0ed49dbfad57,6a7d43a7-94bc-43a1-a148-328acecddbbf,earthquake,0101000020E6100000F6285C8FC27557409A99999999993640,4.00,medium,EMSC,849007,2020-04-17 22:20:11.1+06:30,2026-02-21 23:21:47.549474+06:30,f,,{},
3f333846-ef1b-437e-ae64-075c986ba02f,75e58b6a-ba62-4fa2-98bb-eb7d29263245,earthquake,0101000020E61000007B14AE47E17A57401F85EB51B81E3C40,4.10,medium,EMSC,850913,2020-04-17 17:29:11.3+06:30,2026-02-21 23:21:47.556526+06:30,f,,{},
511cac02-16a2-4e4b-8ec3-c8f27259593d,0c13e2a5-fd20-4939-8a3a-15867dc64486,earthquake,0101000020E6100000CDCCCCCCCC6C57409A99999999993B40,4.20,medium,EMSC,848872,2020-04-17 12:45:27+06:30,2026-02-21 23:21:47.562338+06:30,f,,{},
d40fd78b-9813-4b8e-83dd-d3094a0c815a,40dfb53a-3e52-4522-926f-ce8d48908b94,earthquake,0101000020E6100000C3F5285C8F825740D7A3703D0AD73640,5.90,medium,EMSC,848606,2020-04-16 18:15:25.4+06:30,2026-02-21 23:21:47.567579+06:30,f,,{},
8de6713e-01f9-45ca-bc7b-1b43c382024a,8630a859-243b-46b1-b7fa-15ca6ba9426b,earthquake,0101000020E61000007B14AE47E16A57400AD7A3703D8A3440,4.20,medium,EMSC,850460,2020-04-16 02:06:20.9+06:30,2026-02-21 23:21:47.57396+06:30,f,,{},
4008df65-f935-418f-bfd3-18e68356e92b,1c32f5dc-dc82-4f40-8317-68b7e6a4b9e3,earthquake,0101000020E61000008FC2F5285C5F57408FC2F5285C0F3A40,4.10,medium,EMSC,848322,2020-04-15 20:16:39+06:30,2026-02-21 23:21:47.579049+06:30,f,,{},
5b09f314-0bb9-4dbd-803d-e905f261a8b7,f9eb5cb0-6129-4bce-b070-b51e1500bc53,earthquake,0101000020E610000076711B0DE03D57400612143FC6BC2240,4.80,medium,USGS,us700090si,2020-04-21 06:39:10.636+06:30,2026-02-21 23:21:47.965742+06:30,f,,{},
73edc8a8-2883-4932-bc9c-f20799e588d5,274b2eea-3e74-41f7-a80c-926aabd0b0fd,earthquake,0101000020E610000050FC1873D7CA57403B70CE88D25E3140,4.20,medium,USGS,us60009bkn,2020-04-20 11:49:15.437+06:30,2026-02-21 23:21:47.97872+06:30,f,,{},
9c6f8f10-27b3-4834-85e9-dbfcdb6a9c57,75e58b6a-ba62-4fa2-98bb-eb7d29263245,earthquake,0101000020E6100000D712F241CF7A5740022B8716D91E3C40,4.10,medium,USGS,us60009as6,2020-04-17 17:29:11.292+06:30,2026-02-21 23:21:47.986273+06:30,f,,{},
63a61b7b-2f98-448f-8a03-4d4f7cf2be6d,40dfb53a-3e52-4522-926f-ce8d48908b94,earthquake,0101000020E61000005BB1BFEC9E84574007F0164850BC3640,4.50,medium,USGS,us60009ap6,2020-04-16 18:23:01.65+06:30,2026-02-21 23:21:47.995257+06:30,f,,{},
57234b53-0d8b-4cee-b8b3-1c074e0d0eb6,40dfb53a-3e52-4522-926f-ce8d48908b94,earthquake,0101000020E6100000C442AD69DE815740E9B7AF03E7CC3640,5.90,medium,USGS,us70008xhp,2020-04-16 18:15:23.96+06:30,2026-02-21 23:21:48.00127+06:30,f,,{},
53782115-3429-497b-95a7-8a51dac5ab0b,8630a859-243b-46b1-b7fa-15ca6ba9426b,earthquake,0101000020E610000017B7D100DE6A57405DDC4603788B3440,4.20,medium,USGS,us70008x0g,2020-04-16 02:06:20.915+06:30,2026-02-21 23:21:48.00834+06:30,f,,{},
3bce631e-21f4-42fb-8b07-5df6b87665bd,4bcc0313-8515-44e8-bacd-4bc16749d3b6,earthquake,0101000020E61000005C8FC2F5283C5740E17A14AE47612840,4.50,medium,EMSC,851960,2020-04-28 02:24:28+06:30,2026-02-21 23:21:48.266331+06:30,f,,{},
95bbb759-4d1a-4ac9-a34f-0a9a01106865,473354da-2f31-445b-9519-e060bbd71e65,earthquake,0101000020E61000003333333333F357403D0AD7A370FD3740,4.50,medium,EMSC,850902,2020-04-24 11:45:24.5+06:30,2026-02-21 23:21:48.274571+06:30,f,,{},
012c5f46-6bbe-4a7b-83df-9c93555fcf64,4bcc0313-8515-44e8-bacd-4bc16749d3b6,earthquake,0101000020E610000096438B6CE73B57405E4BC8073D3B2840,4.40,medium,USGS,us60009dff,2020-04-28 02:24:31.054+06:30,2026-02-21 23:21:48.555273+06:30,f,,{},
12cbf18c-a374-451d-b3ff-57abe34c5b58,473354da-2f31-445b-9519-e060bbd71e65,earthquake,0101000020E6100000FED478E926F55740F163CC5D4B083840,4.60,medium,USGS,us60009b6d,2020-04-24 11:45:21.183+06:30,2026-02-21 23:21:48.565307+06:30,f,,{},
171a93c9-a8b7-425a-8382-e9d8924880c0,0ab44ee1-0aa5-47f0-a638-c4f41f6ab87d,earthquake,0101000020E6100000AE47E17A149E574048E17A14AE073540,4.10,medium,EMSC,854355,2020-05-06 04:45:03.7+06:30,2026-02-21 23:21:48.830065+06:30,f,,{},
40df03fa-fe58-4be7-b9d2-045d5e790117,5fc4b7dd-65c8-498f-a2ab-98c2f656b6bc,earthquake,0101000020E61000009A999999999957403333333333333840,3.50,low,EMSC,854154,2020-05-05 13:09:45+06:30,2026-02-21 23:21:48.835335+06:30,f,,{},
bb8ed5d2-53ad-4d18-a425-7dffeaa7f34d,868046ff-bb6e-4bc1-a4f4-bebc2fea878a,earthquake,0101000020E610000033333333333357403333333333333B40,3.60,low,EMSC,853889,2020-05-04 16:45:49+06:30,2026-02-21 23:21:48.840437+06:30,f,,{},
01fcb99b-dfd2-4547-a1aa-b1ca90a18a04,0f39e6d2-cb45-401a-bab6-bd8e285c230e,earthquake,0101000020E61000000000000000405740CDCCCCCCCC4C3A40,3.50,low,EMSC,853624,2020-05-03 17:00:39+06:30,2026-02-21 23:21:48.84425+06:30,f,,{},
515538ba-3cfb-407d-8a5d-d48060ae030e,77e24a8f-447b-4f97-b33d-f92226ed910a,earthquake,0101000020E61000003333333333B357400000000000003A40,3.60,low,EMSC,852912,2020-05-01 09:33:54+06:30,2026-02-21 23:21:48.848176+06:30,f,,{},
a117edda-0b6f-4615-8b21-8dc3918195df,0ab44ee1-0aa5-47f0-a638-c4f41f6ab87d,earthquake,0101000020E610000088855AD3BC9B57401FF46C567DFE3440,4.10,medium,USGS,us70009aqe,2020-05-06 04:45:04.082+06:30,2026-02-21 23:21:49.398312+06:30,f,,{},
5146d4ad-1a7d-4d50-974d-9a86b0d83318,2f5915ac-8f8e-4b23-b910-cb4b87c22724,earthquake,0101000020E610000014AE47E17A845740CDCCCCCCCCCC3840,4.70,medium,EMSC,856082,2020-05-12 05:09:34.8+06:30,2026-02-21 23:21:49.665188+06:30,f,,{},
6bed952d-0584-404e-8db7-dc5a210b95c9,f6edd1bd-380e-4be3-8c8d-779bb5b83225,earthquake,0101000020E610000033333333339357409A99999999993740,4.00,medium,EMSC,856023,2020-05-11 23:27:05+06:30,2026-02-21 23:21:49.674004+06:30,f,,{},
78454da5-4598-4481-9851-114dd89afda0,2f5915ac-8f8e-4b23-b910-cb4b87c22724,earthquake,0101000020E61000002CD49AE61D8757401E166A4DF3CE3840,4.60,medium,USGS,us70009edv,2020-05-12 05:09:35.471+06:30,2026-02-21 23:21:50.29441+06:30,f,,{},
6eb285d9-83be-411f-b395-0e53a83ae09f,93231795-b51e-41af-b48b-4bf7502af1c8,earthquake,0101000020E6100000F46C567DAE9A57404E62105839A43040,4.10,medium,USGS,us70009fei,2020-05-06 17:56:52.383+06:30,2026-02-21 23:21:50.302024+06:30,f,,{},
568be257-cf8b-4996-a865-da78b26d62c9,7c49b497-b717-4658-9576-02f846126349,earthquake,0101000020E610000033333333339357406666666666E63740,4.00,medium,EMSC,858850,2020-05-18 21:35:36+06:30,2026-02-21 23:21:50.558838+06:30,f,,{},
dca5ec12-2c99-45a6-80ef-9776119c0463,e33e497f-a9c2-4e1f-902d-772d784c817d,earthquake,0101000020E6100000A4703D0AD7035840F6285C8FC2753440,4.70,medium,EMSC,858209,2020-05-17 11:02:15.1+06:30,2026-02-21 23:21:50.568355+06:30,f,,{},
985421f5-6e9f-40f7-8977-5d657c65118f,cb110cf5-a80b-4804-b91a-0e4c70ad259d,earthquake,0101000020E6100000053411363CA957408E06F01648E03040,4.00,medium,USGS,us70009nhw,2020-05-18 13:32:22.593+06:30,2026-02-21 23:21:50.849295+06:30,f,,{},
5b34123b-be24-484b-9cbf-9c564513e930,e33e497f-a9c2-4e1f-902d-772d784c817d,earthquake,0101000020E61000003E7958A835055840D7A3703D0A873440,4.60,medium,USGS,us70009ilx,2020-05-17 11:02:15.434+06:30,2026-02-21 23:21:50.855671+06:30,f,,{},
adeca521-97aa-4994-82bc-b3b4907c3aff,5de4e241-57f2-4275-97c9-0f910c290d59,earthquake,0101000020E6100000B81E85EB51785740A4703D0AD7633840,5.10,medium,EMSC,861422,2020-05-25 21:12:17.2+06:30,2026-02-21 23:21:51.119032+06:30,f,,{},
9203fd71-7e80-477b-957d-b78a9fccc78b,af93fb8e-9002-49c1-b77c-5b66c0232c29,earthquake,0101000020E61000000AD7A3703D7A5740A4703D0AD7232C40,4.70,medium,EMSC,860737,2020-05-23 15:41:36.3+06:30,2026-02-21 23:21:51.127942+06:30,f,,{},
4abe0314-4f05-40b7-a5c2-37e174b40531,54ccea23-4526-423c-881d-d58d628c4c80,earthquake,0101000020E61000003333333333635740295C8FC2F5A82640,4.30,medium,EMSC,860847,2020-05-23 02:13:08.2+06:30,2026-02-21 23:21:51.13348+06:30,f,,{},
b602a695-ddda-4ab0-9a87-4551c46ffa5a,967e3e80-aeaf-4206-ab86-d4e0b2335703,earthquake,0101000020E6100000D7A3703D0AC75740D7A3703D0AD73840,3.80,low,EMSC,860314,2020-05-22 13:13:28+06:30,2026-02-21 23:21:51.13902+06:30,f,,{},
a7f0d42d-6cf4-46c6-951a-5ac5a0690338,86513d0c-1264-4025-8921-f39b83fe591c,earthquake,0101000020E61000009A99999999B957400000000000003940,3.60,low,EMSC,860166,2020-05-22 04:26:45+06:30,2026-02-21 23:21:51.143951+06:30,f,,{},
bdd89530-e479-4f7c-a8ab-e06d861b1610,5de4e241-57f2-4275-97c9-0f910c290d59,earthquake,0101000020E61000006688635DDC7A57406D567DAEB6623840,5.10,medium,USGS,us70009q28,2020-05-25 21:12:17.395+06:30,2026-02-21 23:21:51.800272+06:30,f,,{},
581f2652-7fe6-4077-97a8-efd7f985535e,af93fb8e-9002-49c1-b77c-5b66c0232c29,earthquake,0101000020E61000007DD0B359F5815740499D8026C2262C40,4.70,medium,USGS,us70009p1y,2020-05-23 15:41:37.219+06:30,2026-02-21 23:21:51.803647+06:30,f,,{},
96e31df5-c299-42ff-b62f-b27ccd1bafe8,54ccea23-4526-423c-881d-d58d628c4c80,earthquake,0101000020E6100000F5DBD7817362574033C4B12E6EA32640,4.30,medium,USGS,us70009npp,2020-05-23 02:13:08.261+06:30,2026-02-21 23:21:51.808313+06:30,f,,{},
6a976ab0-a06d-4a1e-b87f-63314e33e66e,bd39c09c-6592-4092-82c4-e4ffd95835de,earthquake,0101000020E610000014AE47E17A94584048E17A14AEC73740,4.30,medium,EMSC,864071,2020-06-02 08:14:10.2+06:30,2026-02-21 23:21:52.090932+06:30,f,,{},
2a6ad4d7-7f8f-4137-95ff-ac29fd79d4c3,28033402-8c53-404f-b4db-9878aed32022,earthquake,0101000020E6100000E17A14AE4721574048E17A14AEC72540,4.70,medium,EMSC,865764,2020-05-31 19:33:58.9+06:30,2026-02-21 23:21:52.097292+06:30,f,,{},
4618aa41-b5e6-40a7-aa51-b0c8b7ce86b8,516880e9-2d39-457c-a959-bfb6f54db031,earthquake,0101000020E61000009A99999999B957409A99999999193940,4.00,medium,EMSC,863373,2020-05-31 07:24:36+06:30,2026-02-21 23:21:52.101044+06:30,f,,{},
a75428b9-27f5-4885-b3d7-3e372ead1a7d,6a63f4a2-e206-43d6-a814-44c5c7d7430a,earthquake,0101000020E610000014AE47E17A145740713D0AD7A3702740,4.50,medium,EMSC,862645,2020-05-29 07:00:28.7+06:30,2026-02-21 23:21:52.10565+06:30,f,,{},
2921bd09-1492-4152-ba0d-fe539a76f065,bd39c09c-6592-4092-82c4-e4ffd95835de,earthquake,0101000020E610000026E4839ECD96584064CC5D4BC8C73740,4.60,medium,USGS,us6000a42w,2020-06-02 08:14:10.755+06:30,2026-02-21 23:21:52.664338+06:30,f,,{},
063f837d-2e87-4a25-a3d7-bd57c714bd68,28033402-8c53-404f-b4db-9878aed32022,earthquake,0101000020E6100000AF94658863215740BA6B09F9A0C72540,4.70,medium,USGS,us6000a6l9,2020-05-31 19:33:58.927+06:30,2026-02-21 23:21:52.66983+06:30,f,,{},
14daec73-8035-4825-b1d3-02ba33d31015,1bd6c48d-81a5-4fc8-9831-3096d65d5483,earthquake,0101000020E61000003A92CB7F484F5740D6C56D3480372940,4.40,medium,USGS,us6000a6h3,2020-05-31 05:42:23.543+06:30,2026-02-21 23:21:52.674084+06:30,f,,{},
d2fb5553-744d-4131-8642-1b1037da4ced,6a63f4a2-e206-43d6-a814-44c5c7d7430a,earthquake,0101000020E6100000C5FEB27BF2145740166A4DF38E732740,4.50,medium,USGS,us6000a1f4,2020-05-29 07:00:29.301+06:30,2026-02-21 23:21:52.677552+06:30,f,,{},
c1f641a0-7b7c-4591-8884-9da983b41837,b501fe51-4faa-4698-b3f5-8439d6a9d55d,earthquake,0101000020E6100000CDCCCCCCCC2C5740A4703D0AD7A32240,4.50,medium,EMSC,867708,2020-06-07 21:44:20.5+06:30,2026-02-21 23:21:52.93779+06:30,f,,{},
4ca83ec5-f609-4121-a478-b21981866ba4,6bc25bfa-861e-4852-b328-ae7c533c3add,earthquake,0101000020E61000006666666666A657409FCDAACFD5C63640,4.20,medium,USGS,us6000aawn,2020-06-08 18:51:20.957+06:30,2026-02-21 23:21:53.504115+06:30,f,,{},
76aaa8da-6516-4bec-b5e0-498fe234036b,59ce627a-851b-4cbe-bfcc-eeaedbaf2678,earthquake,0101000020E6100000E17A14AE47915740F6285C8FC2F53240,4.80,medium,EMSC,868223,2020-06-16 17:45:47.6+06:30,2026-02-21 23:21:53.784447+06:30,f,,{},
58494444-4d78-40ec-b613-67b1ac4bab7e,7e335724-c202-4a86-848b-ad87b5711bb3,earthquake,0101000020E6100000A4703D0AD77357408FC2F5285C4F3740,4.90,medium,EMSC,867527,2020-06-14 12:05:31.3+06:30,2026-02-21 23:21:53.792906+06:30,f,,{},
7791ab33-2022-4ff3-96b9-4bc421c3146a,cb844688-30bf-42ff-b8a0-a522d1cf329e,earthquake,0101000020E61000005C8FC2F5284C5840EC51B81E85AB3A40,4.70,medium,EMSC,867506,2020-06-14 09:09:46.8+06:30,2026-02-21 23:21:53.796157+06:30,f,,{},
d8f268e5-bc5a-48ff-aee5-84967750ef83,4967b715-ae71-4276-92f4-baaff270137a,earthquake,0101000020E6100000333333333373574085EB51B81E852440,4.60,medium,EMSC,866804,2020-06-11 17:18:34.1+06:30,2026-02-21 23:21:53.800048+06:30,f,,{},
5c723675-d979-4d5a-8cc9-6c28eb683e97,df566c86-2d34-49e5-9a5f-6f6965a4aed5,earthquake,0101000020E61000009A99999999B957403333333333B33840,3.60,low,EMSC,866774,2020-06-11 16:01:55+06:30,2026-02-21 23:21:53.803671+06:30,f,,{},
7e1ac2f6-76e0-48f4-ae3a-58ae814cf759,59ce627a-851b-4cbe-bfcc-eeaedbaf2678,earthquake,0101000020E6100000AC1C5A643B9357404E62105839F43240,4.80,medium,USGS,us6000acrw,2020-06-16 17:45:51.62+06:30,2026-02-21 23:21:54.382076+06:30,f,,{},
f81053c4-224c-4529-9b96-143d4948ee11,7e335724-c202-4a86-848b-ad87b5711bb3,earthquake,0101000020E6100000A7E8482EFF7157405DDC4603784B3740,4.80,medium,USGS,us6000abkd,2020-06-14 12:05:31.831+06:30,2026-02-21 23:21:54.39257+06:30,f,,{},
f5aadbcc-6c36-4820-97d6-1a015d88265d,cb844688-30bf-42ff-b8a0-a522d1cf329e,earthquake,0101000020E61000007958A835CD435840643BDF4F8DA73A40,4.80,medium,USGS,us6000abjj,2020-06-14 09:09:43.149+06:30,2026-02-21 23:21:54.396858+06:30,f,,{},
841853a3-fde4-4e24-b9d0-1173be59a065,4967b715-ae71-4276-92f4-baaff270137a,earthquake,0101000020E61000007AC7293A926B57407A36AB3E577B2440,4.60,medium,USGS,us6000a9x1,2020-06-11 17:18:34.653+06:30,2026-02-21 23:21:54.400617+06:30,f,,{},
1aad1734-5b4a-4c0b-8b2b-b989a4c77c52,9324467b-1789-4fad-9375-e96db8e3e669,earthquake,0101000020E6100000713D0AD7A3405740AE47E17A14EE3740,3.60,low,EMSC,870419,2020-06-23 20:17:32.9+06:30,2026-02-21 23:21:54.661647+06:30,f,,{},
6a80f06b-90e9-4889-8277-b3c614b0e02b,673313e6-b661-4e9b-8c2f-1758afdc53da,earthquake,0101000020E61000006666666666565740AE47E17A142E3740,5.60,medium,EMSC,869863,2020-06-22 05:10:52.6+06:30,2026-02-21 23:21:54.671249+06:30,f,,{},
7205f117-1563-4c1b-bc91-71ef63ec5623,834ca928-08e0-4125-9569-9f5524044ff8,earthquake,0101000020E6100000295C8FC2F54857406666666666E63740,5.10,medium,EMSC,869708,2020-06-21 17:16:23.8+06:30,2026-02-21 23:21:54.676416+06:30,f,,{},
1fcd3279-5bee-4217-8e91-4298d12307d5,60e842b9-5dbf-4854-b937-4e0f7639ecf0,earthquake,0101000020E6100000EC51B81E859B57401F85EB51B85E3640,5.00,medium,EMSC,868855,2020-06-18 20:29:18.8+06:30,2026-02-21 23:21:54.679916+06:30,f,,{},
78f4ffcd-919b-4229-8fa9-9c36329f4a6c,9324467b-1789-4fad-9375-e96db8e3e669,earthquake,0101000020E6100000E25817B7D140574003098A1F63EE3740,3.60,low,USGS,us6000ahfx,2020-06-23 20:17:32.941+06:30,2026-02-21 23:21:54.964975+06:30,f,,{},
7b34f09a-dc3f-4ffe-80d3-c22b3ab147ec,673313e6-b661-4e9b-8c2f-1758afdc53da,earthquake,0101000020E610000035EF384547525740BE30992A18253740,5.60,medium,USGS,us6000ag4u,2020-06-22 05:10:52.633+06:30,2026-02-21 23:21:54.970536+06:30,f,,{},
b2443c05-ab9d-4fe7-9c08-52d174ce981c,834ca928-08e0-4125-9569-9f5524044ff8,earthquake,0101000020E61000002506819543475740B81E85EB51E83740,4.90,medium,USGS,us6000afvf,2020-06-21 17:16:25.514+06:30,2026-02-21 23:21:54.974343+06:30,f,,{},
a78d91c1-6fda-4e10-b7ba-89e7ea766307,0dfec06a-1cda-4b7e-b9fe-a98244b7168a,earthquake,0101000020E6100000F5B9DA8AFDB95740545227A089F03540,4.20,medium,USGS,us7000ac71,2020-06-21 16:40:13.665+06:30,2026-02-21 23:21:54.977627+06:30,f,,{},
8ef213c2-3d28-4b19-ae37-4e1ac7ef33f3,60e842b9-5dbf-4854-b937-4e0f7639ecf0,earthquake,0101000020E6100000EC51B81E859B5740DD24068195733640,4.80,medium,USGS,us6000ae6t,2020-06-18 20:29:20.228+06:30,2026-02-21 23:21:54.981034+06:30,f,,{},
768bee73-da6c-4245-9de6-8df8043e5a11,b2416876-9c54-4734-8c2b-f1c81023a0f0,earthquake,0101000020E6100000E17A14AE47A15740295C8FC2F5A83840,4.50,medium,EMSC,871930,2020-06-28 12:24:37+06:30,2026-02-21 23:21:55.24196+06:30,f,,{},
92acd179-317f-42db-b752-ac90c4e51210,84055939-7750-4d93-a780-b4cc57a8af3f,earthquake,0101000020E6100000EC51B81E852B5740CDCCCCCCCCCC2940,4.20,medium,EMSC,873644,2020-06-28 09:56:21.3+06:30,2026-02-21 23:21:55.251481+06:30,f,,{},
08ac9157-a600-4845-8168-60341eece501,bf724eab-a475-412c-9043-1647cb5ae0ae,earthquake,0101000020E61000000AD7A3703D8A574052B81E85EBD13440,4.60,medium,EMSC,871417,2020-06-26 22:35:44+06:30,2026-02-21 23:21:55.25515+06:30,f,,{},
db0bfb27-5f08-4a00-b9ca-c74b897e826b,cfeb9266-209b-4ec6-819d-e0fc61d05eb5,earthquake,0101000020E61000008FC2F5285C8F5740EC51B81E852B3A40,3.80,low,EMSC,870861,2020-06-25 04:03:41+06:30,2026-02-21 23:21:55.25871+06:30,f,,{},
28998577-cd09-4209-abe4-93b212590670,402c039c-6109-4a41-8a21-5fb580f52a92,earthquake,0101000020E6100000713D0AD7A35057406666666666263740,4.80,medium,EMSC,870835,2020-06-25 02:14:44.3+06:30,2026-02-21 23:21:55.261654+06:30,f,,{},
ced9e042-4a5d-4d8a-9eb6-56a6e5159268,99af3430-589a-4c45-803a-146f1a4083dc,earthquake,0101000020E610000014AE47E17A845740B81E85EB51783740,4.20,medium,EMSC,870824,2020-06-25 01:45:50+06:30,2026-02-21 23:21:55.266494+06:30,f,,{},
d860e49c-229c-4360-93f7-a554c91ae820,6ddce9c5-3683-4b39-a2d8-3a694694c7da,earthquake,0101000020E6100000713D0AD7A35057403D0AD7A3703D3740,4.50,medium,EMSC,870589,2020-06-24 09:02:34.7+06:30,2026-02-21 23:21:55.271511+06:30,f,,{},
04638d38-593e-40c9-a113-2296f5f49f63,b2416876-9c54-4734-8c2b-f1c81023a0f0,earthquake,0101000020E6100000E02D90A0F8A557403E7958A835AD3840,4.40,medium,USGS,us7000adgj,2020-06-28 12:24:36.251+06:30,2026-02-21 23:21:55.893801+06:30,f,,{},
0bde725d-2f55-4148-8917-28b1fd5966c4,84055939-7750-4d93-a780-b4cc57a8af3f,earthquake,0101000020E61000009CA223B9FC2B57408B6CE7FBA9D12940,4.20,medium,USGS,us7000ahew,2020-06-28 09:56:21.339+06:30,2026-02-21 23:21:55.900082+06:30,f,,{},
a1efae36-30b6-4f74-9ef8-69869a587d6c,bf724eab-a475-412c-9043-1647cb5ae0ae,earthquake,0101000020E6100000910F7A36AB925740C8073D9B55DF3440,4.50,medium,USGS,us7000accq,2020-06-26 22:35:45.28+06:30,2026-02-21 23:21:55.902979+06:30,f,,{},
e683bf72-3bc9-48ae-a1ee-631f4e8b7742,71c7604d-7591-478d-bc37-fce37035d28e,earthquake,0101000020E610000030BB270F0B0D5840B3EA73B5155B2E40,4.30,medium,USGS,us7000afrb,2020-06-25 04:58:28.408+06:30,2026-02-21 23:21:55.905839+06:30,f,,{},
bc38c4f1-87e6-4ffb-84c1-bad86808fffd,402c039c-6109-4a41-8a21-5fb580f52a92,earthquake,0101000020E610000012A5BDC117525740C4B12E6EA3313740,4.80,medium,USGS,us7000aabs,2020-06-25 02:14:43.473+06:30,2026-02-21 23:21:55.908989+06:30,f,,{},
6e302427-222d-4cac-a14c-bf465925c6b6,6ddce9c5-3683-4b39-a2d8-3a694694c7da,earthquake,0101000020E6100000E25817B7D1505740DBF97E6ABC343740,4.50,medium,USGS,us6000ahkj,2020-06-24 09:02:33.683+06:30,2026-02-21 23:21:55.912452+06:30,f,,{},
5a677b0c-b18f-4092-a5b7-2d1590e1aab0,7957d679-61a6-47b0-b429-2c90fef48efe,earthquake,0101000020E61000009A99999999195740E17A14AE47E12940,4.60,medium,EMSC,874785,2020-07-08 06:19:27.8+06:30,2026-02-21 23:21:56.168556+06:30,f,,{},
0041375a-29d4-4956-90ed-a1d7497c151b,659da414-f12d-403a-808c-31dc8465fc94,earthquake,0101000020E6100000E17A14AE47515740EC51B81E852B3740,4.80,medium,EMSC,874062,2020-07-05 18:26:37.4+06:30,2026-02-21 23:21:56.174457+06:30,f,,{},
6d8039a8-5561-4038-84e0-b7f554b9b628,b0faabce-25a0-4de5-a56b-97562c2760bc,earthquake,0101000020E61000003D0AD7A3704D57405C8FC2F5281C3740,4.60,medium,EMSC,873469,2020-07-03 15:35:43.6+06:30,2026-02-21 23:21:56.177493+06:30,f,,{},
7908a794-0fc5-4b93-b9ce-10e19c661553,7957d679-61a6-47b0-b429-2c90fef48efe,earthquake,0101000020E610000090A0F831E61E5740A245B6F3FDF42940,4.60,medium,USGS,us7000ajsm,2020-07-08 06:19:28.057+06:30,2026-02-21 23:21:56.822227+06:30,f,,{},
5c768a09-ab56-4b5b-8e71-cf3d6f034851,cd807423-f9a6-466b-9c6e-44c9f0c9e020,earthquake,0101000020E6100000D9CEF753E3395940D578E92631383C40,4.20,medium,USGS,us7000alek,2020-07-06 10:03:50.134+06:30,2026-02-21 23:21:56.830964+06:30,f,,{},
654be293-ac11-4d4c-8d4a-5ad33a3c572b,659da414-f12d-403a-808c-31dc8465fc94,earthquake,0101000020E6100000492EFF21FD525740CEAACFD5562C3740,4.80,medium,USGS,us7000ai9b,2020-07-05 18:26:34.519+06:30,2026-02-21 23:21:56.834868+06:30,f,,{},
f55573e2-d256-490a-9223-779321ada4d7,b0faabce-25a0-4de5-a56b-97562c2760bc,earthquake,0101000020E610000064CC5D4BC8575740F2D24D6210483740,4.60,medium,USGS,us7000ah74,2020-07-03 15:35:43.564+06:30,2026-02-21 23:21:56.839805+06:30,f,,{},
16ec36a6-f122-49b1-91b0-33f440a8e569,83875502-faca-4af9-97fd-32893f6d0a09,earthquake,0101000020E6100000666666666696574052B81E85EB513740,3.90,low,EMSC,876689,2020-07-14 15:57:12+06:30,2026-02-21 23:21:57.102531+06:30,f,,{},
24afd1c9-8f56-43bd-8940-702fcaf813e7,3c8a6c19-9f75-4cd7-9ae9-252676959e78,earthquake,0101000020E610000048E17A14AEB757408FC2F5285C8F3A40,3.50,low,EMSC,876638,2020-07-14 09:32:59+06:30,2026-02-21 23:21:57.111732+06:30,f,,{},
a9677ae2-8c31-4c8d-b8f7-e11eea8a9672,bd7e4b60-3093-4eaf-9fc8-b4c9a4e0a6ba,earthquake,0101000020E610000014AE47E17AE45840AE47E17A142E3940,4.00,medium,EMSC,878680,2020-07-14 00:04:01+06:30,2026-02-21 23:21:57.115915+06:30,f,,{},
2c2e37ad-26e7-42de-b9d0-f398b2bce74f,1f56d397-7345-44d1-a8a3-72342469ebe6,earthquake,0101000020E61000008FC2F5285C3F57403333333333B32C40,4.60,medium,EMSC,876274,2020-07-13 03:36:47.7+06:30,2026-02-21 23:21:57.118991+06:30,f,,{},
d6dfe078-2938-4d29-a84f-7edff6895533,7e1cf874-f9e4-4ffe-a390-4b8ea085fa1b,earthquake,0101000020E6100000713D0AD7A350574052B81E85EB113740,4.60,medium,EMSC,875303,2020-07-09 15:28:12.5+06:30,2026-02-21 23:21:57.122621+06:30,f,,{},
8ddd13be-1605-4ea2-b01f-0cc57c98c840,83875502-faca-4af9-97fd-32893f6d0a09,earthquake,0101000020E61000003E7958A8359557403CBD5296215E3740,4.20,medium,USGS,us7000ash7,2020-07-14 15:57:11.984+06:30,2026-02-21 23:21:57.740509+06:30,f,,{},
0ce5030f-3966-4afd-8d25-6855dd238c53,bd7e4b60-3093-4eaf-9fc8-b4c9a4e0a6ba,earthquake,0101000020E610000062105839B4E45840053411363C2D3940,4.00,medium,USGS,us7000arpk,2020-07-14 00:04:01.03+06:30,2026-02-21 23:21:57.749437+06:30,f,,{},
aff5fe2b-783e-44eb-91ef-864964f44088,1f56d397-7345-44d1-a8a3-72342469ebe6,earthquake,0101000020E6100000736891ED7C3F5740DE9387855AB32C40,4.60,medium,USGS,us7000amfk,2020-07-13 03:36:47.72+06:30,2026-02-21 23:21:57.752415+06:30,f,,{},
2e00118f-81bf-4ee6-af1b-82b641fe02e4,7e1cf874-f9e4-4ffe-a390-4b8ea085fa1b,earthquake,0101000020E6100000FA7E6ABC74575740304CA60A46153740,4.60,medium,USGS,us7000akmn,2020-07-09 15:28:12.692+06:30,2026-02-21 23:21:57.755908+06:30,f,,{},
af6eeec0-f497-444d-b043-f8a7ef2677e7,ea61bb17-03d5-4939-a36d-b4af056025d0,earthquake,0101000020E61000000AD7A3703DBA574052B81E85EB512840,4.50,medium,EMSC,878483,2020-07-21 05:22:49+06:30,2026-02-21 23:21:58.022788+06:30,f,,{},
ab2a414d-0b46-42df-bc7a-e412979a1c66,486973a7-0a23-469d-8254-34445ecbac1e,earthquake,0101000020E6100000B81E85EB51A857407B14AE47E1FA3840,3.50,low,EMSC,878160,2020-07-20 03:30:47+06:30,2026-02-21 23:21:58.033089+06:30,f,,{},
411b9f66-30e9-401e-a34f-7ae06b4b6f63,1dac729c-995a-49d3-8470-4ae70430468c,earthquake,0101000020E6100000A4703D0AD7435840CDCCCCCCCCCC3540,4.50,medium,EMSC,877881,2020-07-19 01:08:23.1+06:30,2026-02-21 23:21:58.037583+06:30,f,,{},
221df386-b5b5-479a-95cd-14ab1330133a,5723d283-735c-42bd-a1f5-14055a4fc882,earthquake,0101000020E61000001F85EB51B85E57408FC2F5285C4F3740,3.50,low,EMSC,877841,2020-07-18 21:31:36+06:30,2026-02-21 23:21:58.042521+06:30,f,,{},
ad8a13ec-9a17-44b4-9e35-11829bd3e685,da9a4c92-2cf9-4650-8186-475ff7821e02,earthquake,0101000020E610000066666666662657403D0AD7A370BD3840,4.00,medium,EMSC,877682,2020-07-18 05:25:41+06:30,2026-02-21 23:21:58.047324+06:30,f,,{},
0a5ada01-b608-428d-bf2b-8363f9d96799,7ab4da92-041c-47e7-beb3-331fb84eb5bb,earthquake,0101000020E61000008FC2F5285CBF5740C3F5285C8F422840,5.70,medium,EMSC,877636,2020-07-18 01:02:59.9+06:30,2026-02-21 23:21:58.051604+06:30,f,,{},
320701ab-9eeb-4a81-90d1-6ba33bff5252,c2b38cd5-85e9-41cc-98ed-cc734933e465,earthquake,0101000020E610000048E17A14AEC757400000000000002840,4.80,medium,EMSC,877634,2020-07-18 00:15:23.7+06:30,2026-02-21 23:21:58.057146+06:30,f,,{},
00e770f0-4104-43cb-9182-6fb57dfd9dc3,31281019-8e7e-49b3-82a6-06a9b6b79351,earthquake,0101000020E6100000E17A14AE47515740713D0AD7A3303740,3.70,low,EMSC,877622,2020-07-17 23:35:35+06:30,2026-02-21 23:21:58.062157+06:30,f,,{},
dfc62226-28d1-4710-aa46-6b6e9631a13a,cdc212ed-95f7-4bab-b6d0-2e0d8e973bb2,earthquake,0101000020E6100000B81E85EB51585740F6285C8FC2353740,5.10,medium,EMSC,877610,2020-07-17 23:03:53.9+06:30,2026-02-21 23:21:58.067519+06:30,f,,{},
3b9ad475-2a31-4f8a-a1ae-9f032ea4835d,480c828b-e347-40e5-a7af-cdb2df6ba386,earthquake,0101000020E61000003D0AD7A370AD5740EC51B81E85EB2740,5.00,medium,EMSC,877582,2020-07-17 21:13:18.7+06:30,2026-02-21 23:21:58.070871+06:30,f,,{},
9883daab-3e57-49fc-b00c-91f5c5ef7d0c,e63603cc-e093-415b-9f49-b5a53cc127d4,earthquake,0101000020E6100000295C8FC2F5B85740F6285C8FC2F52740,6.10,high,EMSC,877576,2020-07-17 20:33:50.4+06:30,2026-02-21 23:21:58.07678+06:30,f,,{},
ee17ce42-9921-4f3e-ad76-0297b9ac0010,6acb8342-7727-4729-98ea-dc065efe9665,earthquake,0101000020E61000005C8FC2F528BC5740B81E85EB51B82740,5.10,medium,EMSC,877572,2020-07-17 19:59:07.7+06:30,2026-02-21 23:21:58.08107+06:30,f,,{},
29f04711-770f-4e49-8661-c001d16dd7aa,7b703674-4093-4c18-9f8e-1c6b6abeba0c,earthquake,0101000020E61000003333333333535740EC51B81E852B3740,4.30,medium,EMSC,877523,2020-07-17 16:56:42.7+06:30,2026-02-21 23:21:58.085065+06:30,f,,{},
14388774-8b93-4efa-859e-3c846c0aa8c3,35ee06ef-0919-4ace-943d-fc36e686534b,earthquake,0101000020E610000014AE47E17AC457406666666666E62740,4.70,medium,EMSC,877469,2020-07-17 12:07:18.1+06:30,2026-02-21 23:21:58.088875+06:30,f,,{},
e0ef39fc-8364-47e3-a51a-29d8f29ad3c6,c072c180-8acd-46b5-a6c5-acb8331fe8a1,earthquake,0101000020E6100000C3F5285C8FC257406666666666662740,4.80,medium,EMSC,877465,2020-07-17 11:31:12.9+06:30,2026-02-21 23:21:58.094402+06:30,f,,{},
0e8cad67-a30a-42a7-8449-3aba351835a0,c119b314-e836-4eee-924a-980f2e06b6a2,earthquake,0101000020E61000006666666666A65740A4703D0AD7233840,4.50,medium,EMSC,877251,2020-07-16 20:04:47+06:30,2026-02-21 23:21:58.099012+06:30,f,,{},
52a23b81-f408-441d-ba35-558cbe77d3b3,e1734ce5-8b3b-4a9a-b643-984f0244295b,earthquake,0101000020E61000009A999999991957400AD7A3703D8A3840,4.10,medium,EMSC,877133,2020-07-16 08:57:38+06:30,2026-02-21 23:21:58.103044+06:30,f,,{},
aeb91187-e465-4d70-a3d4-5f2621381753,987f7326-bdd8-4a36-84f0-f933d884fee6,earthquake,0101000020E61000007B14AE47E1BA57406666666666A63840,3.70,low,EMSC,877107,2020-07-16 07:51:55+06:30,2026-02-21 23:21:58.107375+06:30,f,,{},
b35533c0-2bb8-4dff-bfde-20386eb00b1c,ea61bb17-03d5-4939-a36d-b4af056025d0,earthquake,0101000020E61000008A1F63EE5ABA574000917EFB3A502840,4.50,medium,USGS,us7000as23,2020-07-21 05:22:49.02+06:30,2026-02-21 23:21:58.658772+06:30,f,,{},
64bce05a-8477-4459-9d8c-1b23adf7503c,1dac729c-995a-49d3-8470-4ae70430468c,earthquake,0101000020E61000006FF085C954415840F0164850FCC83540,4.50,medium,USGS,us7000aqyh,2020-07-19 01:08:20.596+06:30,2026-02-21 23:21:58.667918+06:30,f,,{},
e1bc2104-0806-401f-a4dd-107b0f8f8148,da9a4c92-2cf9-4650-8186-475ff7821e02,earthquake,0101000020E610000039D6C56D34185740EC2FBB270F9B3840,4.30,medium,USGS,us6000b2u6,2020-07-18 05:25:38.71+06:30,2026-02-21 23:21:58.671032+06:30,f,,{},
110f6cf6-a26d-4553-a346-ad3468162a44,7ab4da92-041c-47e7-beb3-331fb84eb5bb,earthquake,0101000020E6100000EE7C3F355EBE57408A8EE4F21F322840,5.70,medium,USGS,us7000aqj0,2020-07-18 01:02:58.716+06:30,2026-02-21 23:21:58.674798+06:30,f,,{},
ad1e17fe-4ef5-49a1-84ff-a131898975b3,c2b38cd5-85e9-41cc-98ed-cc734933e465,earthquake,0101000020E61000002D211FF46CC657402D431CEBE2162840,4.80,medium,USGS,us7000aqhw,2020-07-18 00:15:24.045+06:30,2026-02-21 23:21:58.677854+06:30,f,,{},
cfa604df-58d2-489c-bd84-d57bb177e841,cdc212ed-95f7-4bab-b6d0-2e0d8e973bb2,earthquake,0101000020E610000016FBCBEEC953574092CB7F48BF1D3740,5.10,medium,USGS,us7000aqg3,2020-07-17 23:03:53.474+06:30,2026-02-21 23:21:58.680776+06:30,f,,{},
0da3af87-3599-40fd-8549-e826d7d0351b,480c828b-e347-40e5-a7af-cdb2df6ba386,earthquake,0101000020E6100000A1D634EF38B55740DF4F8D976EB22740,5.00,medium,USGS,us7000aqc9,2020-07-17 21:13:17.244+06:30,2026-02-21 23:21:58.685218+06:30,f,,{},
e66eab2c-00e3-42b1-be95-ea79c5fbb31c,e63603cc-e093-415b-9f49-b5a53cc127d4,earthquake,0101000020E6100000F9A067B3EABB5740DF4F8D976EB22740,6.10,high,USGS,us7000aqaw,2020-07-17 20:33:40.437+06:30,2026-02-21 23:21:58.690119+06:30,f,,{},
a1100edc-af62-4abd-8a03-4cdfe1240892,6acb8342-7727-4729-98ea-dc065efe9665,earthquake,0101000020E6100000FB3A70CE88BE5740E7FBA9F1D2AD2740,5.10,medium,USGS,us7000aqal,2020-07-17 19:59:04.589+06:30,2026-02-21 23:21:58.694932+06:30,f,,{},
e19b7592-5c5d-4675-84a8-bde7a9ba3999,7b703674-4093-4c18-9f8e-1c6b6abeba0c,earthquake,0101000020E61000004E621058395857405917B7D1001E3740,4.40,medium,USGS,us7000aq8x,2020-07-17 16:56:38.892+06:30,2026-02-21 23:21:58.699523+06:30,f,,{},
708f6d7a-70cf-4306-be96-51f63ded1a31,35ee06ef-0919-4ace-943d-fc36e686534b,earthquake,0101000020E61000006DC5FEB27BC25740B3EA73B515BB2740,4.60,medium,USGS,us7000aq5q,2020-07-17 12:07:17.788+06:30,2026-02-21 23:21:58.703088+06:30,f,,{},
bb700c0e-97cf-4dd3-a5c2-96f6d9111ddf,c072c180-8acd-46b5-a6c5-acb8331fe8a1,earthquake,0101000020E6100000462575029AC05740840D4FAF94652740,4.80,medium,USGS,us7000aq5i,2020-07-17 11:31:13.351+06:30,2026-02-21 23:21:58.707621+06:30,f,,{},
542e197e-419d-4848-8d6f-9bd6bbe1394a,e1734ce5-8b3b-4a9a-b643-984f0244295b,earthquake,0101000020E6100000BEC11726531957407A36AB3E579B3840,4.40,medium,USGS,us6000b54f,2020-07-16 08:57:38.675+06:30,2026-02-21 23:21:58.711179+06:30,f,,{},
c753da0c-3467-416b-a59f-f1fc006c5a32,987f7326-bdd8-4a36-84f0-f933d884fee6,earthquake,0101000020E6100000302AA913D0B857404260E5D0229B3840,4.40,medium,USGS,us6000b2q0,2020-07-16 07:51:55.852+06:30,2026-02-21 23:21:58.715852+06:30,f,,{},
346fafe0-31a7-4f87-af6f-13130da6d7b7,ab58ac69-5b52-40ea-bd82-102328783217,earthquake,0101000020E610000052B81E85EB51574085EB51B81E453740,4.60,medium,EMSC,880584,2020-07-28 21:08:49.5+06:30,2026-02-21 23:21:58.978945+06:30,f,,{},
e003f512-597e-47b8-8574-9c6b9107e46d,2c24dac8-d00d-42f5-ba6e-7a0796e9931a,earthquake,0101000020E6100000C3F5285C8FC25740D7A3703D0A173940,4.10,medium,EMSC,880206,2020-07-27 07:48:33+06:30,2026-02-21 23:21:58.985001+06:30,f,,{},
4e539ed2-2edf-4ba4-ad76-cbf304c7cfbf,2344a513-cac7-425d-9fcc-87e504f2eb60,earthquake,0101000020E610000052B81E85EB61574085EB51B81E453740,3.80,low,EMSC,879408,2020-07-24 12:16:00+06:30,2026-02-21 23:21:58.989075+06:30,f,,{},
d9fc4057-f395-494d-84f5-d7cdb1bb380e,2edff7a6-8dc8-4d85-89ab-25b10f167c95,earthquake,0101000020E6100000C3F5285C8F425740AE47E17A142E3A40,3.50,low,EMSC,879407,2020-07-24 12:08:13+06:30,2026-02-21 23:21:58.992843+06:30,f,,{},
3e2d779b-41bd-4dc5-a605-27b44564cf0d,1a117366-73ea-41cb-b500-8e2a18cb1692,earthquake,0101000020E6100000C3F5285C8FC25740713D0AD7A3B03840,3.80,low,EMSC,879024,2020-07-23 03:51:59+06:30,2026-02-21 23:21:58.996012+06:30,f,,{},
69d3cd09-c44e-482d-976b-39856b21f4a5,ab58ac69-5b52-40ea-bd82-102328783217,earthquake,0101000020E610000076711B0DE055574052B81E85EB413740,4.80,medium,USGS,us6000b5cc,2020-07-28 21:08:49.984+06:30,2026-02-21 23:21:59.565638+06:30,f,,{},
ce100160-92f9-43cf-8c01-361f729aa333,2344a513-cac7-425d-9fcc-87e504f2eb60,earthquake,0101000020E610000096B20C71AC5757408B6CE7FBA9113740,4.10,medium,USGS,us6000b66q,2020-07-24 12:15:56.764+06:30,2026-02-21 23:21:59.575178+06:30,f,,{},
862fc697-bc07-4b06-9e9e-61a55a513447,27a5602c-13eb-4ff7-8240-76f0c079b89d,earthquake,0101000020E61000006DE7FBA9F1FE58409A779CA223993B40,4.00,medium,USGS,us6000b65d,2020-07-23 14:24:34.388+06:30,2026-02-21 23:21:59.578246+06:30,f,,{},
fef7798f-734d-407a-a5d0-18a2daffe149,19669c57-70dd-4275-b5ad-11637a400ff0,earthquake,0101000020E6100000A54E401361F75840B1BFEC9E3C5C3640,4.50,medium,USGS,us6000b5wz,2020-07-22 11:15:33.009+06:30,2026-02-21 23:21:59.581702+06:30,f,,{},
6a6e3ba9-ce97-4bbc-8be4-0087ca2f9fc1,361fc415-ab75-450e-91a9-41aff228d631,earthquake,0101000020E6100000F6285C8FC26557405C8FC2F5285C3840,3.50,low,EMSC,882187,2020-08-04 06:52:17+06:30,2026-02-21 23:21:59.838224+06:30,f,,{},
974e834f-ebb4-477f-9788-7a576502598f,4b7bf9ea-9a84-4114-9f88-cd24739299a7,earthquake,0101000020E61000003D0AD7A370BD57403D0AD7A370FD3940,3.60,low,EMSC,880760,2020-07-29 12:38:08+06:30,2026-02-21 23:21:59.847521+06:30,f,,{},
b1d4c88f-1217-4cce-9e69-f0137457620a,ab38b18f-c0a3-4539-ad42-17063cfdcc2b,earthquake,0101000020E610000087A757CA32D0584092CB7F48BFFD3840,4.30,medium,USGS,us6000b9qj,2020-07-31 01:58:38.976+06:30,2026-02-21 23:22:00.151588+06:30,f,,{},
7ef29496-e36f-4a46-9583-75d4b3129f39,f7773060-c3ad-476e-a0a9-746a94052e89,earthquake,0101000020E6100000295C8FC2F5785740EC51B81E852B3840,4.30,medium,EMSC,884385,2020-08-11 20:27:51.3+06:30,2026-02-21 23:22:00.422764+06:30,f,,{},
56c10c63-9dbe-4393-b953-d7b73361a915,3fa06ee4-21bb-401e-a78b-3b303aaa2e56,earthquake,0101000020E6100000F6285C8FC22557409A99999999993A40,3.50,low,EMSC,883223,2020-08-08 06:26:15+06:30,2026-02-21 23:22:00.431949+06:30,f,,{},
79e15662-29f9-4223-afc7-ec641667fef7,130065be-3fa4-4a26-96c3-ad712d251800,earthquake,0101000020E6100000295C8FC2F5B8574014AE47E17A943840,4.30,medium,EMSC,883161,2020-08-08 00:06:20.3+06:30,2026-02-21 23:22:00.435172+06:30,f,,{},
a9d66039-cbfc-4ddf-a405-a8e68b652fba,f7773060-c3ad-476e-a0a9-746a94052e89,earthquake,0101000020E6100000A913D044D87C57408351499D80363840,4.30,medium,USGS,us6000bcmi,2020-08-11 20:27:53.226+06:30,2026-02-21 23:22:00.814364+06:30,f,,{},
81fc4484-4d0f-4b46-90dc-ebbdfe0b98b5,130065be-3fa4-4a26-96c3-ad712d251800,earthquake,0101000020E61000003411363CBDB657402B8716D9CE873840,4.30,medium,USGS,us6000baqp,2020-08-08 00:06:20.411+06:30,2026-02-21 23:22:00.823392+06:30,f,,{},
8352ab04-7368-4678-b85b-7209100e63ff,8576f7cc-cca2-45ac-8cba-7f82f37c56d8,earthquake,0101000020E61000008FC2F5285C3F57406666666666E63640,4.40,medium,EMSC,885095,2020-08-14 07:38:08.1+06:30,2026-02-21 23:22:01.117911+06:30,f,,{},
015238fe-3054-4b27-b477-822604e2aeb7,61f868b6-4df7-4998-aa90-4700fbebbd90,earthquake,0101000020E6100000BB270F0BB5525740567DAEB6621F3740,4.20,medium,USGS,us6000bei5,2020-08-14 07:38:08.09+06:30,2026-02-21 23:22:01.764039+06:30,f,,{},
3e3dec3c-32f8-451f-8e36-e61945c5bc67,367c70b6-bcdc-4281-b88d-9506830a7c05,earthquake,0101000020E61000009A9999999969584052B81E85EB513940,4.40,medium,EMSC,888160,2020-08-24 19:35:49.9+06:30,2026-02-21 23:22:02.033864+06:30,f,,{},
bf4c327c-16de-4d9e-9d20-e0a0dcc926e7,bc8e2802-bd5a-4f20-b772-911e7a9838e4,earthquake,0101000020E6100000C3F5285C8F3258403333333333B33B40,3.70,low,EMSC,888015,2020-08-24 04:36:12+06:30,2026-02-21 23:22:02.043076+06:30,f,,{},
06863422-0d22-4648-9fb0-218657514616,b558e565-431b-44e4-abf7-84450b2f2765,earthquake,0101000020E6100000A4703D0AD7E357401F85EB51B81E3A40,4.60,medium,EMSC,887911,2020-08-23 19:48:13.9+06:30,2026-02-21 23:22:02.045935+06:30,f,,{},
e23d43c8-e70d-4927-b819-ff91f5b28cc1,d76f90d3-da43-487e-bea2-defc3c3a383d,earthquake,0101000020E6100000E17A14AE478157407B14AE47E1FA3640,3.70,low,EMSC,887774,2020-08-23 05:26:44+06:30,2026-02-21 23:22:02.049316+06:30,f,,{},
5fb1d3ec-14f7-4824-bdf7-8662c3b8d608,5bbc9c43-6a45-444a-a96f-4412b115c306,earthquake,0101000020E61000005C8FC2F5288C574052B81E85EBD13B40,3.50,low,EMSC,887591,2020-08-22 13:41:05+06:30,2026-02-21 23:22:02.052624+06:30,f,,{},
650cce68-0210-4fbc-a737-63d403e4e386,b3ce348d-8874-4570-bf67-593ea3aca665,earthquake,0101000020E61000006666666666965740B81E85EB51383840,3.50,low,EMSC,887036,2020-08-20 17:33:55+06:30,2026-02-21 23:22:02.056419+06:30,f,,{},
a7eeec85-556b-4dfd-a150-7c121969afdf,c88e9df4-5b77-4442-ae79-7c8bb84eae48,earthquake,0101000020E6100000713D0AD7A3505740E17A14AE47E12240,4.90,medium,EMSC,886836,2020-08-20 03:23:03.3+06:30,2026-02-21 23:22:02.061413+06:30,f,,{},
1cfe7359-fc23-4205-970a-094c8fe760ef,367c70b6-bcdc-4281-b88d-9506830a7c05,earthquake,0101000020E6100000265305A392665840A1F831E6AE453940,4.30,medium,USGS,us6000bjqh,2020-08-24 19:35:49.672+06:30,2026-02-21 23:22:02.368887+06:30,f,,{},
340ed425-d9fd-4c72-909f-1189f59aca0c,b558e565-431b-44e4-abf7-84450b2f2765,earthquake,0101000020E6100000BEC1172653E557400B24287E8C193A40,4.60,medium,USGS,us6000bje2,2020-08-23 19:48:15.229+06:30,2026-02-21 23:22:02.378192+06:30,f,,{},
b7cd7411-2cfa-4401-b49d-13f7051dc21c,01fc09dc-9fdc-4df9-9521-787a5d471254,earthquake,0101000020E6100000E5D022DBF9A2574044696FF085993640,4.20,medium,USGS,us7000be94,2020-08-23 05:26:36.497+06:30,2026-02-21 23:22:02.382515+06:30,f,,{},
75939d47-c95e-422e-a18f-1d85173dc78e,c88e9df4-5b77-4442-ae79-7c8bb84eae48,earthquake,0101000020E6100000B3EA73B5155757401895D40968222340,4.90,medium,USGS,us6000bhed,2020-08-20 03:23:04.563+06:30,2026-02-21 23:22:02.386714+06:30,f,,{},
d3141eb9-f3d2-4604-8123-54927c807d55,5f60c042-0b46-4ae7-8f71-1e0e099741ae,earthquake,0101000020E61000008FC2F5285CCF5740E17A14AE47E13840,4.90,medium,EMSC,890913,2020-09-01 03:39:33.6+06:30,2026-02-21 23:22:02.653071+06:30,f,,{},
bc272d8c-1b7d-406f-a17e-a25d05068032,b83bc8c9-e062-4dfd-ac64-a669b35ee5a9,earthquake,0101000020E61000007B14AE47E19A5740B81E85EB51383940,3.70,low,EMSC,900715,2020-08-31 22:27:03+06:30,2026-02-21 23:22:02.661711+06:30,f,,{},
1808c066-5549-4631-8ba4-6ed4d4687698,4dd0c3d4-387b-4480-b3cc-5191c0f5b27c,earthquake,0101000020E61000008FC2F5285C4F574085EB51B81E453740,3.70,low,EMSC,889304,2020-08-29 01:44:45+06:30,2026-02-21 23:22:02.666899+06:30,f,,{},
9e43fec9-18cf-4977-a2ce-764d84f102e7,6e5ea3bf-862a-4497-9d73-7f8f2cf1016a,earthquake,0101000020E61000001F85EB51B84E5740713D0AD7A3303740,4.50,medium,EMSC,888939,2020-08-27 19:47:21.3+06:30,2026-02-21 23:22:02.670077+06:30,f,,{},
a901da72-9d5d-4a96-b47f-486aca14d4e2,a40285fa-be1f-4441-990e-6e7f67c1088b,earthquake,0101000020E6100000EC51B81E854B5740295C8FC2F5283740,3.60,low,EMSC,888921,2020-08-27 19:16:10+06:30,2026-02-21 23:22:02.67504+06:30,f,,{},
931e7550-71d3-42d9-8906-9fa63f796da5,82dc6f35-5916-43ef-aa15-e3f8f88061a3,earthquake,0101000020E61000007B14AE47E15A57403333333333333740,5.40,medium,EMSC,888917,2020-08-27 18:37:15.5+06:30,2026-02-21 23:22:02.679372+06:30,f,,{},
f91a0d10-8594-4b8f-b7b9-5252273943f6,ad84e5ba-2f0e-4845-b463-624cfba8653a,earthquake,0101000020E61000005C8FC2F5288C574085EB51B81EC53840,4.00,medium,EMSC,888855,2020-08-27 01:44:31.3+06:30,2026-02-21 23:22:02.684603+06:30,f,,{},
bcd2a8df-26c3-4b81-b072-3d0d1c4e2f7c,81a88197-9b65-4fb2-a78e-b3eeb00e966d,earthquake,0101000020E61000001B2FDD2406C15740BA490C022B473640,4.30,medium,USGS,us7000bhu5,2020-09-01 13:09:06.264+06:30,2026-02-21 23:22:02.975381+06:30,f,,{},
9aab595f-6009-4216-9eab-f5d225064dfd,5f60c042-0b46-4ae7-8f71-1e0e099741ae,earthquake,0101000020E6100000EC51B81E85CF57408CB96B09F9E03840,4.90,medium,USGS,us7000bfgi,2020-09-01 03:39:33.636+06:30,2026-02-21 23:22:02.97877+06:30,f,,{},
9fb92580-b8d9-4869-aca2-4cc884d1ad6e,020ea14e-8021-49be-bbae-f0643aa8db6b,earthquake,0101000020E6100000DE718A8EE4C65740234A7B832F3C3240,4.30,medium,USGS,us7000bggc,2020-08-27 22:20:10.966+06:30,2026-02-21 23:22:02.982683+06:30,f,,{},
5d6b61a8-0bfa-4510-83aa-ee67ab86c601,6e5ea3bf-862a-4497-9d73-7f8f2cf1016a,earthquake,0101000020E6100000C9E53FA4DF4E57401B9E5E29CB103740,4.50,medium,USGS,us7000bdpj,2020-08-27 19:47:20.608+06:30,2026-02-21 23:22:02.986491+06:30,f,,{},
e926f14b-d355-46d0-be8c-4a20f474c79d,82dc6f35-5916-43ef-aa15-e3f8f88061a3,earthquake,0101000020E61000005B423EE8D954574027A089B0E1293740,5.30,medium,USGS,us7000bdnu,2020-08-27 18:37:15.628+06:30,2026-02-21 23:22:02.990902+06:30,f,,{},
a8cb6679-deda-42ed-8851-0c2aa6e3a53b,b96dd779-83fd-4135-810d-66f27364a24f,earthquake,0101000020E6100000D7A3703D0A475740713D0AD7A3702A40,5.00,medium,EMSC,900446,2020-09-08 04:07:49.1+06:30,2026-02-21 23:22:03.278626+06:30,f,,{},
fda8a32a-a606-42c0-b518-ff0e3eeb64a6,f09feef3-ccc9-4873-a0dd-df006169aff1,earthquake,0101000020E6100000B81E85EB51985740713D0AD7A3F03540,4.10,medium,EMSC,900089,2020-09-07 18:44:13.5+06:30,2026-02-21 23:22:03.287844+06:30,f,,{},
f567dba8-a4ed-4601-b60d-ae71b5164a6a,cc114fd4-6ed6-402a-8c4b-1a49406e27db,earthquake,0101000020E61000006666666666F65740B81E85EB51783A40,4.30,medium,EMSC,890927,2020-09-07 12:58:25+06:30,2026-02-21 23:22:03.291415+06:30,f,,{},
e715d7ef-2cb6-405a-b9de-72ab1caebc8f,b96dd779-83fd-4135-810d-66f27364a24f,earthquake,0101000020E6100000234A7B832F4C574041F163CC5D4B2A40,4.70,medium,USGS,us7000bjex,2020-09-08 04:07:50.432+06:30,2026-02-21 23:22:03.877926+06:30,f,,{},
09f5f229-c5eb-4a11-92e9-8e26b40ca828,c938454c-a518-4954-81b3-16d6940c1124,earthquake,0101000020E61000008048BF7D1D445740E25817B7D1202C40,4.10,medium,USGS,us7000bl69,2020-09-06 18:06:45.677+06:30,2026-02-21 23:22:03.887317+06:30,f,,{},
588910a1-fff7-4ca2-896b-59c08423212b,9242cff1-a707-4769-81cf-6b9cc395c10c,earthquake,0101000020E6100000A4703D0AD7C35740E17A14AE47613940,3.70,low,EMSC,902843,2020-09-16 00:30:58+06:30,2026-02-21 23:22:04.15487+06:30,f,,{},
726b8478-2efd-4341-9f12-b43773ee9311,44d7f735-aafa-439c-be7b-ce0844c631a0,earthquake,0101000020E6100000D7A3703D0A07584085EB51B81EC53840,4.30,medium,EMSC,901939,2020-09-12 00:39:09.1+06:30,2026-02-21 23:22:04.163176+06:30,f,,{},
4f5cf084-5a77-435d-b9a2-6a14bc67ad99,f5419586-d34f-4b1c-b647-d8071cd27f17,earthquake,0101000020E6100000B81E85EB51B857403D0AD7A370FD3740,4.30,medium,EMSC,901470,2020-09-10 23:24:55.1+06:30,2026-02-21 23:22:04.166136+06:30,f,,{},
3320c7a6-48d6-4c98-8426-35e787be442d,f5419586-d34f-4b1c-b647-d8071cd27f17,earthquake,0101000020E6100000068195438BB8574021B0726891FD3740,4.30,medium,USGS,us7000bl8x,2020-09-10 23:24:55.134+06:30,2026-02-21 23:22:04.802498+06:30,f,,{},
424e681f-9cad-4260-9297-23a7e50cca47,855e0103-574c-449d-b72c-28139e6220b5,earthquake,0101000020E6100000713D0AD7A37057400000000000003740,5.00,medium,EMSC,903927,2020-09-20 08:29:05.7+06:30,2026-02-21 23:22:05.0936+06:30,f,,{},
db6942a7-dd03-4720-bbd5-7c8bf02abec5,7fcaa6c6-5d13-4d9a-8982-7977b9bf5811,earthquake,0101000020E6100000713D0AD7A3A05740295C8FC2F5683740,4.30,medium,EMSC,903579,2020-09-19 00:23:39+06:30,2026-02-21 23:22:05.102559+06:30,f,,{},
14002b60-0182-499b-aff8-f2f991942bd4,855e0103-574c-449d-b72c-28139e6220b5,earthquake,0101000020E6100000E9482EFF21715740EA95B20C71FC3640,5.10,medium,USGS,us7000bqcm,2020-09-20 08:29:05.61+06:30,2026-02-21 23:22:05.384732+06:30,f,,{},
ee547a3d-69bc-4825-a445-e2ca66a294ca,7fcaa6c6-5d13-4d9a-8982-7977b9bf5811,earthquake,0101000020E61000003B014D840DA35740E0BE0E9C33623740,4.40,medium,USGS,us6000c04a,2020-09-19 00:23:39.631+06:30,2026-02-21 23:22:05.393372+06:30,f,,{},
f3df8bd2-41b7-43ef-874d-0bed2a22f07e,4a54bad4-dcfc-4818-b0cd-248482befaea,earthquake,0101000020E610000085EB51B81EB5574052B81E85EB913940,4.60,medium,EMSC,909033,2020-10-07 04:32:55.3+06:30,2026-02-21 23:22:06.174897+06:30,f,,{},
a9e6c55a-1b77-4048-8af2-4b5f7118daea,4bb74138-3784-4edf-ac9f-1aa682a2d46b,earthquake,0101000020E610000014AE47E17A945740713D0AD7A3B03440,4.30,medium,EMSC,908406,2020-10-04 22:30:02.5+06:30,2026-02-21 23:22:06.185183+06:30,f,,{},
5d5d967e-2946-4475-918d-f06bd26c2800,4a54bad4-dcfc-4818-b0cd-248482befaea,earthquake,0101000020E6100000A857CA32C4B15740F853E3A59BA43940,4.60,medium,USGS,us6000c688,2020-10-07 04:32:54.378+06:30,2026-02-21 23:22:06.753466+06:30,f,,{},
c17a9868-d40a-47cd-bd2f-12def4fdd66d,439b338e-b7b1-4701-b27d-c0beff432588,earthquake,0101000020E610000039B4C876BE9B5740EA043411368C3740,4.10,medium,USGS,us6000c725,2020-10-05 18:38:40.009+06:30,2026-02-21 23:22:06.762844+06:30,f,,{},
ef14e222-ae73-42c0-a1c7-2ce6f7bda5e6,4bb74138-3784-4edf-ac9f-1aa682a2d46b,earthquake,0101000020E6100000D26F5F07CE995740F775E09C11A53440,4.30,medium,USGS,us6000c5hh,2020-10-04 22:30:02.846+06:30,2026-02-21 23:22:06.76578+06:30,f,,{},
4eee2050-a7c2-408a-9468-2b44a8224718,5f0f4f4a-ac3a-4f38-98e4-cb359bd9e6cd,earthquake,0101000020E6100000C520B072686D5740FDF675E09C712840,4.40,medium,USGS,us6000c64x,2020-09-30 20:14:06.357+06:30,2026-02-21 23:22:06.768997+06:30,f,,{},
ae8b7af8-0ab6-4ef1-b2ca-d08968b8740a,ec811836-be1c-4ead-8b6b-c98004e7f9c0,earthquake,0101000020E6100000295C8FC2F57857403D0AD7A3703D3740,4.10,medium,EMSC,910801,2020-10-13 08:06:21+06:30,2026-02-21 23:22:07.027456+06:30,f,,{},
a985e646-bffe-48fb-8016-a5c13acd27bd,eb6bc654-e50b-48ca-9e62-6c568c291b73,earthquake,0101000020E6100000295C8FC2F558584052B81E85EBD13B40,3.80,low,EMSC,910373,2020-10-11 21:57:30+06:30,2026-02-21 23:22:07.035912+06:30,f,,{},
b672dee0-fe70-4906-8e67-848b064049de,5720ae71-cdc1-431c-a70a-878b6b70cacc,earthquake,0101000020E61000008FC2F5285C5F574052B81E85EB913840,3.80,low,EMSC,910302,2020-10-11 16:55:40+06:30,2026-02-21 23:22:07.040288+06:30,f,,{},
d2249dc8-0862-45da-bd96-efd8233c2a61,73c55061-2863-420b-bee8-df7d8fef6b5e,earthquake,0101000020E6100000E17A14AE477157401F85EB51B89E3840,5.40,medium,EMSC,910117,2020-10-11 00:08:02.3+06:30,2026-02-21 23:22:07.043759+06:30,f,,{},
db772adf-8cd2-40bf-97de-efdc61895797,92e23124-507f-4f6c-abc2-57509ea55866,earthquake,0101000020E61000000AD7A3703D4A5740EC51B81E852B3740,3.60,low,EMSC,909920,2020-10-10 07:09:26+06:30,2026-02-21 23:22:07.046799+06:30,f,,{},
55b28ece-7793-45ec-bfe5-e8d54d96f2dd,ec811836-be1c-4ead-8b6b-c98004e7f9c0,earthquake,0101000020E6100000E561A1D63487574060764F1E162A3740,4.50,medium,USGS,us6000c8t9,2020-10-13 08:06:21.205+06:30,2026-02-21 23:22:07.323681+06:30,f,,{},
d2fbd766-0d6a-4e70-b76d-bd9e1f0eb918,73c55061-2863-420b-bee8-df7d8fef6b5e,earthquake,0101000020E6100000EB73B515FB5F574098DD938785AA3840,5.50,medium,USGS,us6000c7ce,2020-10-11 00:08:00.765+06:30,2026-02-21 23:22:07.333276+06:30,f,,{},
e3211a15-baaa-4fad-bcf7-4cccc5ea3a57,4afc12b4-e755-424e-ac1c-af364d1f125f,earthquake,0101000020E61000009A99999999095840B81E85EB51383B40,4.00,medium,EMSC,913003,2020-10-21 02:25:49.8+06:30,2026-02-21 23:22:07.591313+06:30,f,,{},
12337888-5c91-4d39-99e8-b674c60b1824,cbde6b83-f98d-4ce6-b2ad-75e196d16897,earthquake,0101000020E6100000F6285C8FC26557406666666666A63840,3.50,low,EMSC,911484,2020-10-15 22:05:24+06:30,2026-02-21 23:22:07.600562+06:30,f,,{},
8023e823-3c4c-4d16-9a9a-bd3aa7a74edd,c7e23854-ba7e-4536-9f91-bd73726d8b75,earthquake,0101000020E610000052B81E85EBF15740E17A14AE47612840,4.30,medium,EMSC,913905,2020-10-15 06:09:01.1+06:30,2026-02-21 23:22:07.603734+06:30,f,,{},
f92d63bb-11ce-47c4-a6e7-93dc9e622d64,4afc12b4-e755-424e-ac1c-af364d1f125f,earthquake,0101000020E6100000B7627FD93D0958400BB5A679C7393B40,4.00,medium,USGS,us6000caa9,2020-10-21 02:25:49.959+06:30,2026-02-21 23:22:07.882295+06:30,f,,{},
63449df4-71d2-4f3d-b3e1-d6b2f214d46d,c7e23854-ba7e-4536-9f91-bd73726d8b75,earthquake,0101000020E610000091ED7C3F35F25740ADFA5C6DC55E2840,4.30,medium,USGS,us6000c9yq,2020-10-15 06:09:01.108+06:30,2026-02-21 23:22:07.892138+06:30,f,,{},
d8334432-328b-456d-9105-b92a665b58c5,aa686ab3-f2bb-43dd-86b6-8f3834a56350,earthquake,0101000020E6100000AE47E17A140E574048E17A14AE073740,4.60,medium,EMSC,913945,2020-10-24 09:51:03.7+06:30,2026-02-21 23:22:08.153027+06:30,f,,{},
ed6f67c7-077d-4a74-8e19-eb9fdb8130cd,7ffba041-246e-4c5d-9377-041be5073956,earthquake,0101000020E6100000AE47E17A145E58405C8FC2F5285C3C40,3.60,low,EMSC,913892,2020-10-24 05:06:32+06:30,2026-02-21 23:22:08.158836+06:30,f,,{},
e4a02655-47a8-4e7e-898b-27bc1cbbe476,d0338ca1-2371-4bf5-a426-1dacd96c5fce,earthquake,0101000020E610000066666666666657408FC2F5285C4F3740,3.60,low,EMSC,913202,2020-10-21 16:45:02+06:30,2026-02-21 23:22:08.162425+06:30,f,,{},
f64f0eee-06e0-41da-ae0e-0e849e48f627,aa686ab3-f2bb-43dd-86b6-8f3834a56350,earthquake,0101000020E6100000E5D022DBF9125740C8073D9B551F3740,4.40,medium,USGS,us6000ccf2,2020-10-24 09:51:04.311+06:30,2026-02-21 23:22:08.722987+06:30,f,,{},
a65804dc-5b45-435f-9d55-c91b32212c97,d9180728-abb6-40a3-b29d-8f74380e1291,earthquake,0101000020E610000052B81E85EB215740A4703D0AD7633840,3.50,low,EMSC,917780,2020-11-03 18:28:17+06:30,2026-02-21 23:22:08.994165+06:30,f,,{},
b99e324f-15b0-4db4-8c58-ce8f6562909b,10229b2a-e37b-42ec-ab70-6dddd652d86f,earthquake,0101000020E6100000713D0AD7A3405740EC51B81E85EB3640,3.60,low,EMSC,917545,2020-11-02 23:39:46+06:30,2026-02-21 23:22:09.004296+06:30,f,,{},
c2c64996-6317-463e-b352-0c8f367ad9aa,7d56167b-fc88-426b-ba92-930402e47ff1,earthquake,0101000020E6100000A4703D0AD71358401F85EB51B81E3940,4.30,medium,EMSC,920632,2020-11-06 09:36:50.2+06:30,2026-02-21 23:22:09.537608+06:30,f,,{},
494f1825-c2a7-486b-a9ca-f35c055ebbc9,c22d9f72-9f4c-4f69-b841-a2090ef016ca,earthquake,0101000020E610000030BB270F0B9D57405E4BC8073DCB3640,4.50,medium,USGS,us7000ceh0,2020-11-10 11:15:39.687+06:30,2026-02-21 23:22:09.892361+06:30,f,,{},
879d6ac0-06fc-4752-92e5-7ff857385b42,07ed38af-1ca7-4f5c-ad93-9a5edda6624d,earthquake,0101000020E6100000D49AE61DA78C574088855AD3BC333840,4.30,medium,USGS,us7000cduh,2020-11-08 16:02:42.842+06:30,2026-02-21 23:22:09.901807+06:30,f,,{},
ac626fe1-47f7-4ca3-bcf8-775e63c6fe20,16c87a53-2e1a-4424-a4b8-28fc3c224be6,earthquake,0101000020E61000001E166A4DF33E57404ED1915CFEE32B40,4.50,medium,USGS,us7000cdfr,2020-11-07 12:49:11.529+06:30,2026-02-21 23:22:09.905457+06:30,f,,{},
d777a1eb-905b-4281-b430-29ad642dc38c,7d56167b-fc88-426b-ba92-930402e47ff1,earthquake,0101000020E6100000371AC05B201D5840C442AD69DE313940,4.30,medium,USGS,us7000cdah,2020-11-06 09:36:45.517+06:30,2026-02-21 23:22:09.908713+06:30,f,,{},
b8c914cf-4640-4208-a766-b325fc03ce7b,2a04be00-ba77-45d6-8940-9aa6f0b62ecb,earthquake,0101000020E6100000CDCCCCCCCC2C58400AD7A3703D8A2D40,3.50,low,EMSC,921498,2020-11-16 00:16:17+06:30,2026-02-21 23:22:10.170701+06:30,f,,{},
02a1043e-d63c-4d09-998b-18625bd7b302,e78afa48-83a5-4d46-9246-e8a44bfe76b9,earthquake,0101000020E6100000EC51B81E85AB5740D7A3703D0A973740,5.00,medium,EMSC,921066,2020-11-14 15:20:25.4+06:30,2026-02-21 23:22:10.179296+06:30,f,,{},
e7357438-f974-4fb8-8691-209aa08f869c,b41245df-d968-4b5e-a12d-40901b70f4e6,earthquake,0101000020E6100000D7A3703D0A6757403333333333733A40,3.70,low,EMSC,920615,2020-11-13 04:23:49+06:30,2026-02-21 23:22:10.183781+06:30,f,,{},
035b5f81-f5aa-4e18-93dc-9e88c2535684,c1f83e30-03b9-4dd1-ac19-3c2be0bd62e7,earthquake,0101000020E6100000C3F5285C8FA25740E17A14AE47E13740,3.70,low,EMSC,920460,2020-11-12 16:35:28+06:30,2026-02-21 23:22:10.187176+06:30,f,,{},
5ac8d6f6-82cc-4fe6-b65f-d28ce3c480f9,6265cb26-4a85-41a1-a01c-82da6c5f0c85,earthquake,0101000020E6100000A1F831E6AE1957405F07CE19517A2B40,4.30,medium,USGS,us6000cqrt,2020-11-17 09:58:22.737+06:30,2026-02-21 23:22:10.754872+06:30,f,,{},
6e6fe8b2-2d2f-4e85-9bb8-d4193bd61380,e78afa48-83a5-4d46-9246-e8a44bfe76b9,earthquake,0101000020E6100000F2B0506B9AA7574024B9FC87F49B3740,5.00,medium,USGS,us7000cevs,2020-11-14 15:20:26.186+06:30,2026-02-21 23:22:10.764847+06:30,f,,{},
a6198ff1-8bdf-4cf4-a62f-e19cada9ca8f,83aa91df-5192-42d7-ad1b-ac87793c383d,earthquake,0101000020E61000006666666666865740C3F5285C8F423640,4.20,medium,EMSC,923437,2020-11-23 00:58:24.4+06:30,2026-02-21 23:22:11.026521+06:30,f,,{},
55a395b5-e68c-48ef-91f8-360ea41c0af1,19f0a4c9-94d4-4401-84ee-0904dd94d611,earthquake,0101000020E61000007B14AE47E1AA5740F6285C8FC2353A40,4.50,medium,EMSC,923244,2020-11-22 09:59:21.3+06:30,2026-02-21 23:22:11.032802+06:30,f,,{},
2f1bcc95-6fa0-435a-b664-ea40cc756dd6,df2e1765-2e05-49e2-9b38-47c44afac531,earthquake,0101000020E61000003333333333935840C3F5285C8F423840,4.00,medium,EMSC,923170,2020-11-21 20:34:49.9+06:30,2026-02-21 23:22:11.037069+06:30,f,,{},
9e0bc1ad-eb0e-430f-bb3c-3380f5b38ff2,cd18a5e0-118b-47c8-9cf4-5b901f87d60d,earthquake,0101000020E61000000000000000C057407B14AE47E1FA3840,4.50,medium,EMSC,922990,2020-11-21 11:19:38.4+06:30,2026-02-21 23:22:11.042088+06:30,f,,{},
b6d18f4c-1459-4a3c-82dc-6c9c3cc6fbc6,19f0a4c9-94d4-4401-84ee-0904dd94d611,earthquake,0101000020E61000005396218E75B1574008AC1C5A644B3A40,4.30,medium,USGS,us6000crdq,2020-11-22 09:59:20.994+06:30,2026-02-21 23:22:11.323434+06:30,f,,{},
9ba7b056-acf9-4c59-a80c-ea756f87d557,27f74950-9164-4e9f-8843-af758b0ab095,earthquake,0101000020E61000005DFE43FAED2357401A51DA1B7C012C40,4.30,medium,USGS,us6000csin,2020-11-22 06:30:40.464+06:30,2026-02-21 23:22:11.3312+06:30,f,,{},
9bf36311-e99a-4c72-b68c-9ec194a2f61c,cd18a5e0-118b-47c8-9cf4-5b901f87d60d,earthquake,0101000020E610000016FBCBEEC9BF57401283C0CAA1F53840,4.50,medium,USGS,us6000cr52,2020-11-21 11:19:33.478+06:30,2026-02-21 23:22:11.334864+06:30,f,,{},
ecd137c2-08ed-477a-b0b8-9417e08a5269,f951e2e5-92b4-4499-a7df-69d34dd5614d,earthquake,0101000020E61000009A99999999D95840C3F5285C8F023940,4.50,medium,EMSC,927601,2020-12-01 20:09:33.5+06:30,2026-02-21 23:22:11.594523+06:30,f,,{},
18301bba-22f8-468d-8d36-a35b7690e918,f951e2e5-92b4-4499-a7df-69d34dd5614d,earthquake,0101000020E61000002FDD240681D95840DDB5847CD0033940,4.50,medium,USGS,us7000cn1e,2020-12-01 20:09:33.505+06:30,2026-02-21 23:22:11.886586+06:30,f,,{},
a7435ae3-d6f6-4ab3-9e73-dcdbdc2fc498,7b811ebd-5e13-4504-b781-e5cf8463967e,earthquake,0101000020E6100000B459F5B9DA66574013F241CF66552440,4.30,medium,USGS,us7000cl6l,2020-11-26 08:30:31.329+06:30,2026-02-21 23:22:11.896189+06:30,f,,{},
1b785512-c5c1-4694-870e-8969da68c351,1141a081-ebbe-4e69-907c-929056c88887,earthquake,0101000020E6100000B81E85EB51985740713D0AD7A3303640,5.10,medium,EMSC,927808,2020-12-08 11:44:35.2+06:30,2026-02-21 23:22:12.155269+06:30,f,,{},
c37111bf-3a9e-4086-855b-7e8b0bc513ae,89cace4f-6037-4c39-a48e-ad8476920b48,earthquake,0101000020E61000007B14AE47E15A5740D7A3703D0AD73540,4.60,medium,EMSC,929267,2020-12-06 21:09:13.8+06:30,2026-02-21 23:22:12.164516+06:30,f,,{},
053127ef-9cc5-4bef-9314-c971c9140682,1647ec59-08b0-4731-bfb4-cac291f0912f,earthquake,0101000020E6100000E17A14AE475157403D0AD7A3703D2940,4.60,medium,EMSC,927333,2020-12-06 20:05:41.2+06:30,2026-02-21 23:22:12.167821+06:30,f,,{},
06f55308-706f-4d9c-8c70-1859a5f40ea6,1141a081-ebbe-4e69-907c-929056c88887,earthquake,0101000020E6100000302AA913D098574068226C787A353640,5.10,medium,USGS,us7000cp2v,2020-12-08 11:44:35.415+06:30,2026-02-21 23:22:12.44706+06:30,f,,{},
4ac2c039-1595-4b0a-a0a2-249cc27466a9,89cace4f-6037-4c39-a48e-ad8476920b48,earthquake,0101000020E61000006519E258175B57402EFF21FDF6D53540,4.60,medium,USGS,us7000cpsj,2020-12-06 21:09:13.789+06:30,2026-02-21 23:22:12.456321+06:30,f,,{},
eb623473-ee08-4afd-b73b-09c4c11dd078,1647ec59-08b0-4731-bfb4-cac291f0912f,earthquake,0101000020E61000003EE8D9ACFA505740B0726891ED3C2940,4.60,medium,USGS,us7000cpsf,2020-12-06 20:05:41.171+06:30,2026-02-21 23:22:12.459512+06:30,f,,{},
bb78cd39-7850-4818-bf52-2ebc2869354c,4a24b63c-79a8-4109-ae81-d8c07c89ee81,earthquake,0101000020E6100000CDCCCCCCCC8C57400AD7A3703D0A3740,4.20,medium,EMSC,930134,2020-12-12 10:44:10.9+06:30,2026-02-21 23:22:12.717774+06:30,f,,{},
69e92f5a-f15b-492b-ba68-c81a402a6b11,e33c2b8d-347e-4b21-8794-fa80207e5109,earthquake,0101000020E61000000AD7A3703D2A58400AD7A3703D8A3A40,4.10,medium,EMSC,928215,2020-12-10 01:24:19+06:30,2026-02-21 23:22:12.72764+06:30,f,,{},
39f1a47e-8316-4929-9c2c-91f2e6496d4d,4a24b63c-79a8-4109-ae81-d8c07c89ee81,earthquake,0101000020E6100000857CD0B3598D57408048BF7D1D083740,4.20,medium,USGS,us7000crma,2020-12-12 10:44:10.866+06:30,2026-02-21 23:22:13.005153+06:30,f,,{},
03f3e240-f38b-47de-90f2-f68a4323caa9,9ffa402b-d0a5-4d40-b75e-a146daacbf07,earthquake,0101000020E6100000C3F5285C8F8258409A99999999193440,3.80,low,EMSC,930305,2020-12-17 21:18:08+06:30,2026-02-21 23:22:13.266452+06:30,f,,{},
8d68d34d-cbe2-4791-87bb-03cca481396c,52047331-fe4f-4368-a844-4c093541f509,earthquake,0101000020E61000008AB0E1E995AA5740A089B0E1E9153640,4.10,medium,USGS,us6000d26s,2020-12-19 12:52:47.064+06:30,2026-02-21 23:22:13.547212+06:30,f,,{},
d5053bf6-d9cd-44ea-ac92-715641bc7cdb,afdc4ce4-89aa-4123-b9af-d871b16080d8,earthquake,0101000020E6100000713D0AD7A3D05740C3F5285C8FC23240,4.10,medium,EMSC,933541,2020-12-29 02:20:27+06:30,2026-02-21 23:22:13.8132+06:30,f,,{},
1dc52d24-dba8-4d33-b27b-be553f586845,c208e7e9-1bf1-4a86-bb26-5450a8b147d6,earthquake,0101000020E61000003333333333235840295C8FC2F5683B40,3.50,low,EMSC,932945,2020-12-27 04:18:20+06:30,2026-02-21 23:22:13.822261+06:30,f,,{},
9fed4fd4-d335-4758-87b1-eabebd71a6e6,24a0552a-0998-435e-b63b-2e96d437c2c6,earthquake,0101000020E6100000B81E85EB51D857408FC2F5285C0F3A40,3.60,low,EMSC,932588,2020-12-26 03:01:49+06:30,2026-02-21 23:22:13.825852+06:30,f,,{},
f29a5e6d-f8c6-4f26-ac82-a22b8d9a609f,ea36fb5c-0f93-4630-986b-a4e5eb2e20ac,earthquake,0101000020E6100000AE47E17A142E5840A4703D0AD7A33940,4.90,medium,EMSC,932116,2020-12-24 14:39:48.3+06:30,2026-02-21 23:22:13.829068+06:30,f,,{},
fc394d77-d37a-4f3a-9636-0d8a03bb48b5,e24699ef-586a-4cd1-8b05-59ffc87b48ef,earthquake,0101000020E61000003333333333035840EC51B81E852B3B40,3.70,low,EMSC,931789,2020-12-23 17:37:02+06:30,2026-02-21 23:22:13.833458+06:30,f,,{},
6b32396e-bbc3-4944-8893-f5e0c2cd3f36,4d168cbc-a64e-4dbf-8549-204b5613227c,earthquake,0101000020E610000095D40968223C58403D9B559FAB4D3B40,4.50,medium,USGS,us6000d65h,2020-12-27 04:18:15.074+06:30,2026-02-21 23:22:14.106428+06:30,f,,{},
26d8f823-2193-41c3-b1cc-dd68a38c4df1,63d66391-0b93-4d6f-acc7-e437f43817f6,earthquake,0101000020E6100000F5DBD781733E57404A7B832F4C063040,4.50,medium,USGS,us6000d659,2020-12-26 20:49:09.417+06:30,2026-02-21 23:22:14.115023+06:30,f,,{},
790cfb49-4e60-438c-bb98-1dd919894f35,5b073e3a-2e76-4ae9-b292-f5bb07864088,earthquake,0101000020E61000009F3C2CD49A2A58408351499D80763940,4.40,medium,USGS,us6000d5su,2020-12-24 21:43:50.935+06:30,2026-02-21 23:22:14.117985+06:30,f,,{},
2e32be55-d708-4b4d-8113-6fbee98ba094,76d3e4f6-4932-4437-be69-fec6ec4e9552,earthquake,0101000020E6100000355EBA490C2A584076E09C11A59D3940,4.30,medium,USGS,us6000d2jw,2020-12-24 19:17:17.072+06:30,2026-02-21 23:22:14.121689+06:30,f,,{},
e5a6cdc8-04e3-49a3-abb6-7aa7b4361439,ea36fb5c-0f93-4630-986b-a4e5eb2e20ac,earthquake,0101000020E610000036CD3B4ED12958404F401361C3A33940,4.80,medium,USGS,us6000d2hz,2020-12-24 14:39:48.075+06:30,2026-02-21 23:22:14.125997+06:30,f,,{},
26be8d37-843e-4038-9d6a-99e3d3415682,8be1c218-1ba4-4e1d-b9b7-bec9e21f962c,earthquake,0101000020E61000004A0C022B87425840BC96900F7A663B40,4.20,medium,USGS,us6000d5s2,2020-12-23 17:36:53.791+06:30,2026-02-21 23:22:14.130123+06:30,f,,{},
f064125c-dd64-47bf-b993-d30b4f5dbb21,b63d0905-e3f8-4680-aa3e-038f361df25b,earthquake,0101000020E6100000AE47E17A148E5740AE47E17A14EE3640,3.50,low,EMSC,937226,2021-01-10 00:02:48+06:30,2026-02-21 23:22:14.908563+06:30,f,,{},
33060bf7-736c-4037-bff9-bbf1b612c435,d5046927-509f-4f3f-be8a-53fade5bfa09,earthquake,0101000020E6100000713D0AD7A39057408FC2F5285C0F3740,3.70,low,EMSC,936361,2021-01-06 21:38:42+06:30,2026-02-21 23:22:14.91705+06:30,f,,{},
034db47c-a0d1-416b-aedf-c478c4626923,58a46cee-3b07-4d10-8ecb-88e7698833e0,earthquake,0101000020E6100000A4703D0AD7435840C3F5285C8F823840,4.30,medium,EMSC,939492,2021-01-17 20:12:51.4+06:30,2026-02-21 23:22:15.842816+06:30,f,,{},
67d3302a-10ef-46ee-ac1f-65aa1d824b3a,534b18c7-8e87-42b8-a46f-1a1a52740b29,earthquake,0101000020E6100000AE47E17A14DE584052B81E85EB513840,4.40,medium,EMSC,939402,2021-01-17 11:14:48.5+06:30,2026-02-21 23:22:15.85226+06:30,f,,{},
3b68c91c-8f41-406e-923d-2d2f12cec071,76f4884b-26dd-4085-b6cb-a1150ea01357,earthquake,0101000020E61000000000000000605740E17A14AE47A13740,4.40,medium,EMSC,939292,2021-01-17 03:18:11.6+06:30,2026-02-21 23:22:15.855863+06:30,f,,{},
657e742c-c40e-4e43-9369-9f17c408ec85,0d5fc7bb-8361-4fe9-b51b-1a2cadd5e7cf,earthquake,0101000020E6100000CDCCCCCCCC5C57400000000000003940,4.30,medium,EMSC,938403,2021-01-14 01:45:37.9+06:30,2026-02-21 23:22:15.859229+06:30,f,,{},
56bcf613-292e-4a04-add4-8a02b8d9a3c2,80a40496-ea3f-4e32-a31e-fcfc9e0aa1c0,earthquake,0101000020E61000005C8FC2F528AC5740CDCCCCCCCCCC3640,4.10,medium,EMSC,938181,2021-01-13 07:37:21.9+06:30,2026-02-21 23:22:15.862492+06:30,f,,{},
5e772d05-5e87-47f9-b692-627c2afde75b,58a46cee-3b07-4d10-8ecb-88e7698833e0,earthquake,0101000020E6100000F4FDD478E9465840AB3E575BB18F3840,4.30,medium,USGS,us7000d0wz,2021-01-17 20:12:51.924+06:30,2026-02-21 23:22:16.158802+06:30,f,,{},
470f582f-31cc-4513-86de-7d095aa691eb,410421a0-ba9b-4b54-8f72-5c069fd23bc3,earthquake,0101000020E6100000E02D90A0F81558403B014D840D0F3A40,4.30,medium,USGS,us7000d3f8,2021-01-17 13:29:48.217+06:30,2026-02-21 23:22:16.167762+06:30,f,,{},
97e9a68b-3fb5-4e33-91df-7e12cf6d28db,534b18c7-8e87-42b8-a46f-1a1a52740b29,earthquake,0101000020E6100000E9B7AF03E7D85840E2E995B20C413840,4.40,medium,USGS,us7000d0sr,2021-01-17 11:14:46.41+06:30,2026-02-21 23:22:16.172193+06:30,f,,{},
610aa3e5-fbf5-491c-b622-7b0e87028819,76f4884b-26dd-4085-b6cb-a1150ea01357,earthquake,0101000020E610000069006F8104615740C286A757CAA23740,4.30,medium,USGS,us7000d0pu,2021-01-17 03:18:12.888+06:30,2026-02-21 23:22:16.175947+06:30,f,,{},
498f7e0d-5591-48d9-b1f7-90c44463e2e3,0d5fc7bb-8361-4fe9-b51b-1a2cadd5e7cf,earthquake,0101000020E61000005DFE43FAED5757401AC05B2041E13840,4.20,medium,USGS,us6000d82z,2021-01-14 01:45:33.854+06:30,2026-02-21 23:22:16.178963+06:30,f,,{},
c4100644-8cfb-4249-8b1e-ab1888be9a5c,80a40496-ea3f-4e32-a31e-fcfc9e0aa1c0,earthquake,0101000020E6100000158C4AEA04AC5740956588635DCC3640,4.10,medium,USGS,us7000d249,2021-01-13 07:37:21.948+06:30,2026-02-21 23:22:16.183407+06:30,f,,{},
63707a59-558f-4578-9377-5bbc76a98918,73697a8d-2cc2-40b7-83bd-1aaa33081274,earthquake,0101000020E61000006666666666F65740CDCCCCCCCC4C3A40,4.10,medium,EMSC,942606,2021-01-27 01:08:40.7+06:30,2026-02-21 23:22:16.443079+06:30,f,,{},
8c8a3d6d-2288-4c31-8720-f7f3a515a2bd,c62f7e98-2e2c-4251-b84d-d29ebeb9e933,earthquake,0101000020E61000003D0AD7A3704D5740C3F5285C8F823B40,3.50,low,EMSC,941980,2021-01-25 03:15:31+06:30,2026-02-21 23:22:16.451913+06:30,f,,{},
5e8f1ef4-f296-421a-9523-8851e8a9ba4e,ad685c25-2203-4123-aac0-8f365a57af3f,earthquake,0101000020E6100000C3F5285C8FC257401F85EB51B85E3840,4.30,medium,EMSC,941309,2021-01-23 03:44:42.3+06:30,2026-02-21 23:22:16.455456+06:30,f,,{},
ef098a96-f4ba-4df7-b128-912e7dac0559,ad685c25-2203-4123-aac0-8f365a57af3f,earthquake,0101000020E6100000AEB6627FD9C15740FA7E6ABC74533840,4.30,medium,USGS,us7000d2iy,2021-01-23 03:44:43.356+06:30,2026-02-21 23:22:16.734275+06:30,f,,{},
6bf53941-4e41-4d60-ae66-c8609667b391,b9fb20b4-abc0-4bfb-b699-fc5688f808d2,earthquake,0101000020E6100000295C8FC2F5985740EC51B81E85EB3840,4.10,medium,EMSC,944403,2021-02-01 02:34:25.5+06:30,2026-02-21 23:22:17.048487+06:30,f,,{},
99b7bd0f-3df5-4325-972a-78c949b4a0bc,16601d82-201a-442e-9ed3-03aba193be5e,earthquake,0101000020E61000001F85EB51B8EE574048E17A14AE473A40,3.60,low,EMSC,944295,2021-01-31 20:16:05+06:30,2026-02-21 23:22:17.057496+06:30,f,,{},
5d250a87-86e8-4737-adf0-a7e520fc3d24,1d1353c3-954a-4824-b4e3-2d55ebf56009,earthquake,0101000020E61000000AD7A3703DEA5740F6285C8FC2F53940,3.50,low,EMSC,943013,2021-01-28 01:26:25+06:30,2026-02-21 23:22:17.06039+06:30,f,,{},
27c17fca-1362-4381-bac5-a6fc1444696b,b9fb20b4-abc0-4bfb-b699-fc5688f808d2,earthquake,0101000020E6100000B537F8C2649E574088F4DBD781F33840,4.10,medium,USGS,us6000ddgp,2021-02-01 02:34:24.547+06:30,2026-02-21 23:22:17.335982+06:30,f,,{},
04233734-968a-4817-a4e2-762c4e37fbe6,16f07e26-82d4-4d6a-ad93-7f0d2fadd039,earthquake,0101000020E610000099BB96900FF257405EBA490C024B3A40,4.20,medium,USGS,us6000def4,2021-01-28 01:26:21.382+06:30,2026-02-21 23:22:17.346648+06:30,f,,{},
2d043a14-eee8-4eb2-aad9-89ad8c77ab90,25c5514b-60d5-4cd0-8988-efd40f32557a,earthquake,0101000020E6100000E71DA7E848225740431CEBE2365A2A40,4.40,medium,USGS,us6000deej,2021-01-27 09:22:29.712+06:30,2026-02-21 23:22:17.350498+06:30,f,,{},
1a9b6fbd-2bd6-489a-8888-4cb92408ecaf,6a96af04-2385-43f8-8a78-49b748386638,earthquake,0101000020E61000001F85EB51B81E5840D7A3703D0AD72B40,4.40,medium,EMSC,949529,2021-02-08 22:10:37.9+06:30,2026-02-21 23:22:17.614612+06:30,f,,{},
6bc72aac-0682-4ac3-9ab5-ff74cd32f68a,a12f1035-5d86-4ade-9265-ead6a5d899e6,earthquake,0101000020E6100000295C8FC2F548574052B81E85EB913A40,3.70,low,EMSC,946904,2021-02-08 14:49:15+06:30,2026-02-21 23:22:17.62364+06:30,f,,{},
bf734a18-b2f0-4c4c-a500-e14abfee5b87,3b44eeef-1948-4d36-81c5-0454f12da1b2,earthquake,0101000020E610000052B81E85EB715840F6285C8FC2F53440,4.40,medium,EMSC,945945,2021-02-05 18:17:47.2+06:30,2026-02-21 23:22:17.626804+06:30,f,,{},
1b4804ac-8c61-4d1a-8b10-ef5f369ad41c,6a96af04-2385-43f8-8a78-49b748386638,earthquake,0101000020E610000010E9B7AF031F5840D6C56D3480D72B40,4.40,medium,USGS,us6000dh3s,2021-02-08 22:10:37.923+06:30,2026-02-21 23:22:18.176239+06:30,f,,{},
360a5062-7014-4cdf-a038-f8b2f5144c53,3b44eeef-1948-4d36-81c5-0454f12da1b2,earthquake,0101000020E6100000F931E6AE2574584045D8F0F44AF93440,4.70,medium,USGS,us6000depg,2021-02-05 18:17:47.677+06:30,2026-02-21 23:22:18.183615+06:30,f,,{},
3af22ebf-8956-4c00-a75a-c2ea68d18cbe,ab795384-9325-4068-81b3-7e879631c852,earthquake,0101000020E61000000AD7A3703DAA57406666666666662840,4.60,medium,EMSC,949855,2021-02-17 03:06:54.3+06:30,2026-02-21 23:22:18.441452+06:30,f,,{},
10d479e6-bfa8-4f5c-8c09-6573c86cae4a,aa078575-d867-4a8c-92bf-41f5a9cd7ea1,earthquake,0101000020E610000048E17A14AE8758400AD7A3703D0A2940,3.50,low,EMSC,949697,2021-02-16 15:31:39+06:30,2026-02-21 23:22:18.45086+06:30,f,,{},
5ebc7728-3753-41be-953e-74bb0864136e,64acb424-7197-4d58-94e3-afd253183304,earthquake,0101000020E6100000F6285C8FC2655740295C8FC2F5A82240,4.30,medium,EMSC,949460,2021-02-15 20:23:20.9+06:30,2026-02-21 23:22:18.454684+06:30,f,,{},
c147eca1-c98b-4d1f-85e6-9be4483e467a,657763ea-16e0-466b-a12e-eebd649a2908,earthquake,0101000020E61000005C8FC2F528DC58408FC2F5285C0F3540,3.50,low,EMSC,947666,2021-02-10 21:03:56+06:30,2026-02-21 23:22:18.458726+06:30,f,,{},
fd6d3f02-e970-4904-a108-c2cff4790e13,ab795384-9325-4068-81b3-7e879631c852,earthquake,0101000020E6100000EA04341136A057400C022B8716F92740,4.70,medium,USGS,us6000di5y,2021-02-17 03:06:52.158+06:30,2026-02-21 23:22:18.742786+06:30,f,,{},
dd188530-ddca-4658-a423-45729676baa9,68493474-df51-4b00-b0f0-c5159130a26a,earthquake,0101000020E610000082E2C798BB9E5740849ECDAACFF53640,4.40,medium,USGS,us6000dj5j,2021-02-11 14:34:50.599+06:30,2026-02-21 23:22:18.752318+06:30,f,,{},
77ff76d2-6823-462d-aaca-c24c417d0b05,61f90045-1ac0-4697-a4c0-9445b59c09e9,earthquake,0101000020E61000007B14AE47E1AA57401F85EB51B85E3740,4.20,medium,EMSC,950875,2021-02-20 06:31:23.5+06:30,2026-02-21 23:22:19.009859+06:30,f,,{},
dce90c7f-9a28-43fc-b5ec-924bc5930028,b2510d92-bf15-4006-b389-d21cc2499f5a,earthquake,0101000020E6100000A4703D0AD7A35740D7A3703D0A973740,3.70,low,EMSC,950568,2021-02-19 05:11:24+06:30,2026-02-21 23:22:19.015627+06:30,f,,{},
b0a6fc84-46e7-4c7f-b680-276702c32d41,1b9b8a14-3577-4a08-b125-ff2c23febb6e,earthquake,0101000020E61000007B14AE47E12A5740A4703D0AD7A33A40,4.70,medium,EMSC,950110,2021-02-17 18:54:49.1+06:30,2026-02-21 23:22:19.018177+06:30,f,,{},
3e1937f1-78d5-48df-8d15-3b9055d34698,61f90045-1ac0-4697-a4c0-9445b59c09e9,earthquake,0101000020E610000071AC8BDB68A4574014D044D8F0543740,4.10,medium,USGS,us6000djj9,2021-02-20 06:31:25.163+06:30,2026-02-21 23:22:19.331421+06:30,f,,{},
52eec682-a790-41dd-bd2f-1e094acc6cb3,1b9b8a14-3577-4a08-b125-ff2c23febb6e,earthquake,0101000020E61000006ADE718A8E24574096218E7571BB3A40,4.60,medium,USGS,us6000didl,2021-02-17 18:54:46.809+06:30,2026-02-21 23:22:19.335903+06:30,f,,{},
c994b1ee-7fd0-433c-b76d-82e104e79c8c,668f55d3-a038-4150-b89a-34afd21777b2,earthquake,0101000020E6100000D7A3703D0A475740713D0AD7A3B03840,3.70,low,EMSC,953763,2021-03-01 21:09:51+06:30,2026-02-21 23:22:19.599154+06:30,f,,{},
87dc079b-b1da-4d38-918d-4432dfe1ae6b,677d7e7a-fc38-4313-bf7d-85dd4c18e638,earthquake,0101000020E6100000EC51B81E85FB57403D0AD7A370BD3640,4.50,medium,EMSC,952523,2021-02-25 15:56:15.2+06:30,2026-02-21 23:22:19.608102+06:30,f,,{},
b22852ee-96d9-4a96-952c-0bf7fcdd6040,7f7da6a6-ec92-4358-985f-0010d98ec901,earthquake,0101000020E6100000000000000000584048E17A14AEC73640,4.50,medium,EMSC,952503,2021-02-25 14:20:19.7+06:30,2026-02-21 23:22:19.611033+06:30,f,,{},
77992667-5fb8-48ad-ab2e-107f90bb887b,e3f1255e-6829-4c03-a42e-20957f5a8ae0,earthquake,0101000020E61000000AD7A3703DFA574052B81E85EBD13640,4.90,medium,EMSC,952439,2021-02-25 09:04:26.3+06:30,2026-02-21 23:22:19.615399+06:30,f,,{},
23b70f11-1781-4423-93c7-1b77632c4f55,605bc07d-9be3-4351-b023-903c6b6dcf79,earthquake,0101000020E6100000CDCCCCCCCCDC574085EB51B81E053A40,4.20,medium,EMSC,952291,2021-02-24 21:49:19+06:30,2026-02-21 23:22:19.618511+06:30,f,,{},
add1ee98-7ac3-42ed-95b3-2ddbae95841c,7f7da6a6-ec92-4358-985f-0010d98ec901,earthquake,0101000020E6100000F775E09C110158408D28ED0DBEE03640,4.50,medium,USGS,us7000ddij,2021-02-25 14:20:20.274+06:30,2026-02-21 23:22:19.938745+06:30,f,,{},
015435d5-11af-4304-bbad-e2cf882663d6,fc60c585-b204-4ffe-8a9b-3099172f1b63,earthquake,0101000020E61000003411363CBDDE5740DC4603780B643640,4.10,medium,USGS,us7000dew5,2021-02-25 10:49:58.736+06:30,2026-02-21 23:22:19.948887+06:30,f,,{},
bc800895-855c-4a1f-ae72-6efb1f5175cd,3474680e-afd3-417e-aa22-31c881c1b1b6,earthquake,0101000020E610000060E5D022DBF557403333333333B33640,4.20,medium,USGS,us7000dew3,2021-02-25 10:16:04.088+06:30,2026-02-21 23:22:19.953116+06:30,f,,{},
53a58638-70da-46d8-9163-e21a2e255ff9,e3f1255e-6829-4c03-a42e-20957f5a8ae0,earthquake,0101000020E61000001E166A4DF3FA5740B29DEFA7C6DB3640,4.90,medium,USGS,us7000ddgz,2021-02-25 09:04:26.54+06:30,2026-02-21 23:22:19.957994+06:30,f,,{},
84a92d70-7406-4159-9bf0-6a4e056e2806,b4c70ea3-7ee4-4b2e-8ec2-fa1581700591,earthquake,0101000020E6100000CDCCCCCCCCBC5740A4703D0AD7633940,4.60,medium,EMSC,957569,2021-03-09 17:45:00.6+06:30,2026-02-21 23:22:20.223994+06:30,f,,{},
20def54d-973d-44d7-9cd8-c4ebd93f29ec,042b6fb5-207b-4396-8bc0-39c7c5308e11,earthquake,0101000020E6100000AE47E17A14BE57400AD7A3703D4A3940,4.00,medium,EMSC,957146,2021-03-08 16:35:00+06:30,2026-02-21 23:22:20.233274+06:30,f,,{},
ab5f75c3-13ca-475a-b2ed-78de59148b21,b4c70ea3-7ee4-4b2e-8ec2-fa1581700591,earthquake,0101000020E6100000A9A44E4013C55740E10B93A982613940,4.60,medium,USGS,us7000dhef,2021-03-09 17:45:01.099+06:30,2026-02-21 23:22:20.79076+06:30,f,,{},
75bd1dc8-5abe-4f1b-862c-62d38c12648e,f72227fe-bfba-4328-b948-d6f7bb16990c,earthquake,0101000020E61000009A9999999999574014AE47E17A143A40,3.50,low,EMSC,960025,2021-03-16 12:15:21+06:30,2026-02-21 23:22:21.054556+06:30,f,,{},
dd1a7f02-f3c8-4102-901a-a0842926c457,b445c6c4-6b4d-4310-bc40-cc2e6b48d8e6,earthquake,0101000020E61000001F85EB51B8FE5740E17A14AE47613A40,3.60,low,EMSC,957970,2021-03-10 21:33:33+06:30,2026-02-21 23:22:21.060486+06:30,f,,{},
2a3bcdb6-7afd-488f-869a-b50885dfe84c,b6215aaf-d6fa-4433-a552-0ed5296cf4fa,earthquake,0101000020E61000005C8FC2F528A45740B1E1E995B2AC3640,4.50,medium,USGS,us7000dkxh,2021-03-11 09:04:14.229+06:30,2026-02-21 23:22:21.375861+06:30,f,,{},
65718534-13c4-42b3-86d5-0ba4c8a9fbc2,572304b2-0191-4e77-b85a-16781b32b3ae,earthquake,0101000020E610000052B81E85EB7157400AD7A3703D4A3C40,4.60,medium,EMSC,964936,2021-03-22 22:10:44.6+06:30,2026-02-21 23:22:21.645157+06:30,f,,{},
8acabc9b-4e2a-45ed-9777-b65773022053,240861df-ca39-4cca-b777-0d1bd08861b9,earthquake,0101000020E610000085EB51B81E25574048E17A14AE873A40,4.10,medium,EMSC,961928,2021-03-21 18:52:41+06:30,2026-02-21 23:22:21.654293+06:30,f,,{},
64588197-3d7c-4ffa-8881-9dd80feb3c5b,4d928e51-feab-4b89-b87c-a6999156bc3b,earthquake,0101000020E610000085EB51B81EC557409A99999999D93940,4.20,medium,EMSC,961827,2021-03-21 11:06:32+06:30,2026-02-21 23:22:21.657651+06:30,f,,{},
69058afa-c97b-4966-91db-266953e04e5e,8b5d4c16-749a-47dd-967c-3f24bc71d237,earthquake,0101000020E610000014AE47E17A345840EC51B81E85EB2F40,3.70,low,EMSC,960490,2021-03-17 19:47:14+06:30,2026-02-21 23:22:21.660833+06:30,f,,{},
e9ccb66d-60bc-45ea-b60d-a0a45f1b9482,572304b2-0191-4e77-b85a-16781b32b3ae,earthquake,0101000020E6100000E02D90A0F87157404260E5D0224B3C40,4.60,medium,USGS,us6000dxmx,2021-03-22 22:10:44.57+06:30,2026-02-21 23:22:22.214626+06:30,f,,{},
93f7b93a-5ab9-46ab-b3cf-06f00e69d417,240861df-ca39-4cca-b777-0d1bd08861b9,earthquake,0101000020E6100000C5FEB27BF22057403BDF4F8D979E3A40,4.20,medium,USGS,us6000dxfb,2021-03-21 18:52:37.682+06:30,2026-02-21 23:22:22.219847+06:30,f,,{},
af69a4fe-8790-4173-8148-f20e0ed9b78c,d06f8169-3874-4542-a0c4-1784d062892a,earthquake,0101000020E61000001F85EB51B8DE57403D0AD7A3703D3A40,3.90,low,EMSC,964434,2021-03-29 17:15:16+06:30,2026-02-21 23:22:22.47626+06:30,f,,{},
a25f820b-4636-472b-8fea-8f30ae9d20a8,e26d52da-6905-44d8-a9c7-3f42c2917a26,earthquake,0101000020E61000001F85EB51B82E57401F85EB51B89E3B40,5.00,medium,EMSC,963468,2021-03-27 01:32:08.4+06:30,2026-02-21 23:22:22.487001+06:30,f,,{},
419d7b25-73a2-422d-95e5-e93edf73950f,e26d52da-6905-44d8-a9c7-3f42c2917a26,earthquake,0101000020E6100000ED9E3C2CD42A574054742497FFA03B40,5.00,medium,USGS,us6000dwue,2021-03-27 01:32:07.885+06:30,2026-02-21 23:22:23.033089+06:30,f,,{},
00b6507f-1ca2-4aba-903c-d8f9ee11e5f1,9d91c29d-8fd0-4ee7-a086-b0a8af6e2773,earthquake,0101000020E610000034A2B437F88A57402F6EA301BCB53140,4.30,medium,USGS,us6000dy6c,2021-03-25 06:58:53.494+06:30,2026-02-21 23:22:23.042191+06:30,f,,{},
b9309cb8-df4f-44dc-9726-eb1c84743317,0cdd7d13-bb74-4cf9-b195-0cbfa008e51e,earthquake,0101000020E6100000CDCCCCCCCC3C5740D7A3703D0AD73740,3.90,low,EMSC,965797,2021-04-02 01:21:46+06:30,2026-02-21 23:22:23.305431+06:30,f,,{},
8875fffc-f0be-42c4-93c2-438fb693301d,ed825a58-01eb-4c1c-805b-b047f1182f7a,earthquake,0101000020E6100000AC1C5A643B935740772D211FF4FC3540,4.00,medium,USGS,us6000e1he,2021-04-06 08:34:03.736+06:30,2026-02-21 23:22:23.93497+06:30,f,,{},
649ddef4-b89c-41ca-8f1e-bb87bce7c77e,171703b4-cf16-4019-976d-905eb30d441d,earthquake,0101000020E61000003D0AD7A3702D57405C8FC2F5289C3B40,3.60,low,EMSC,969131,2021-04-12 22:01:30+06:30,2026-02-21 23:22:24.196046+06:30,f,,{},
b2e0976b-e012-42f2-a745-4cc53e62fde0,9a948b8f-62c0-4399-9731-82c4e84d4828,earthquake,0101000020E610000052B81E85EBD157403D0AD7A370BD3940,4.30,medium,EMSC,971970,2021-04-19 02:53:51+06:30,2026-02-21 23:22:24.728174+06:30,f,,{},
42695244-84d7-4111-89dd-4ee6ccae3e45,12e96bf0-8db7-47ba-af3d-e11c0c933028,earthquake,0101000020E610000052B81E85EB9157403D0AD7A3707D3640,5.20,medium,EMSC,971825,2021-04-18 19:54:33.7+06:30,2026-02-21 23:22:24.737617+06:30,f,,{},
971d205d-c24b-47a0-96ad-daad329709bb,12e96bf0-8db7-47ba-af3d-e11c0c933028,earthquake,0101000020E61000008D976E12838C57404F1E166A4D833640,5.10,medium,USGS,us6000e2mn,2021-04-18 19:54:32.776+06:30,2026-02-21 23:22:25.287376+06:30,f,,{},
1ca24881-1060-4a94-99b3-b3784b8869fb,f295c81b-f4d1-49f2-8c4a-fb1a675bfb78,earthquake,0101000020E61000008FC2F5285C7F574014AE47E17A142540,4.60,medium,EMSC,973644,2021-04-22 02:04:44.9+06:30,2026-02-21 23:22:25.524934+06:30,f,,{},
e61b8cf2-8ca0-40e9-adb1-cfa716fdf1a2,f295c81b-f4d1-49f2-8c4a-fb1a675bfb78,earthquake,0101000020E6100000DC68006F817457407FFB3A70CEE82440,4.30,medium,USGS,us7000dxx5,2021-04-22 02:15:11.093+06:30,2026-02-21 23:22:25.806931+06:30,f,,{},
0440d4f9-db41-40c9-a84e-dda95f13aa9a,b6fadfbd-5e8c-49cb-9288-ffad9ae7d468,earthquake,0101000020E61000009EEFA7C64B4B574096438B6CE7DB2340,4.40,medium,USGS,us7000dxx4,2021-04-22 02:09:01.812+06:30,2026-02-21 23:22:25.815294+06:30,f,,{},
bb469e0d-a2be-4ff1-b4a3-ce0349e44f90,f295c81b-f4d1-49f2-8c4a-fb1a675bfb78,earthquake,0101000020E610000034A2B437F88E5740CA32C4B12E2E2540,4.60,medium,USGS,us7000dxx6,2021-04-22 02:04:42.963+06:30,2026-02-21 23:22:25.818471+06:30,f,,{},
ebfe2704-67e0-43a1-9c74-ea0a4e0b14a7,ed22d9ce-3210-4596-8dd3-355d2bc823b0,earthquake,0101000020E6100000D7A3703D0A875740AE47E17A146E3740,3.90,low,EMSC,979502,2021-05-04 05:14:48+06:30,2026-02-21 23:22:26.086185+06:30,f,,{},
33fd5882-1629-410a-a0ac-1a829c1a9760,614e083d-305a-4bc1-9978-5eb6af69ac6c,earthquake,0101000020E6100000CDCCCCCCCC1C57403D0AD7A370BD3A40,3.70,low,EMSC,979334,2021-05-03 19:13:08+06:30,2026-02-21 23:22:26.092439+06:30,f,,{},
59b7b5b1-8214-40f3-96e3-d77fc565011d,9e9ff9b9-fb38-4315-a037-ce32fdcc22ee,earthquake,0101000020E61000003D0AD7A370CD57406666666666E63940,3.50,low,EMSC,979280,2021-05-03 17:11:29+06:30,2026-02-21 23:22:26.095247+06:30,f,,{},
fd6e47f9-6f74-40d3-a2d4-720d789b8b88,dbd46836-7004-4e0e-a11c-e2b9b95b5617,earthquake,0101000020E6100000D7A3703D0A47584052B81E85EB513340,4.50,medium,EMSC,978164,2021-05-01 03:17:32.7+06:30,2026-02-21 23:22:26.098842+06:30,f,,{},
aed3f45f-ee4c-4474-97de-0335754143a2,9c5595e8-9706-4110-8a99-c45960d60a9b,earthquake,0101000020E61000009A99999999A95740E17A14AE47613840,3.60,low,EMSC,977878,2021-04-30 20:10:06+06:30,2026-02-21 23:22:26.102055+06:30,f,,{},
d53962ba-54f1-4f4d-b8f4-fd0c39c90a6c,be193803-b842-4af2-b19a-3a56db437c60,earthquake,0101000020E6100000713D0AD7A320574014AE47E17A943A40,3.50,low,EMSC,977830,2021-04-30 17:49:28+06:30,2026-02-21 23:22:26.106722+06:30,f,,{},
0ae946ba-7183-473d-94d9-aa037c8ddad6,a9e23adc-1f85-4217-a0a3-8c7f479f8a6c,earthquake,0101000020E610000085EB51B81E1557405C8FC2F5289C3A40,3.60,low,EMSC,977288,2021-04-29 14:04:20+06:30,2026-02-21 23:22:26.110852+06:30,f,,{},
b4c8f5cb-6bd3-4315-84da-99c157f69233,45c3d7df-19c0-480c-8d1e-b0878b0901b4,earthquake,0101000020E6100000713D0AD7A3205740C3F5285C8FC23A40,4.80,medium,EMSC,977094,2021-04-29 02:20:53.7+06:30,2026-02-21 23:22:26.115084+06:30,f,,{},
ad5e1ecc-5cde-4fb5-aa4f-1eadb43dd06b,66cb3afd-aa7b-4da5-abc8-33e9f92d0c20,earthquake,0101000020E61000003D0AD7A3701D5740D7A3703D0A973A40,3.60,low,EMSC,976673,2021-04-28 09:44:34+06:30,2026-02-21 23:22:26.118826+06:30,f,,{},
a5dcf43f-71e4-4b0a-af41-10079ca0d189,7e862e91-d81d-4d2a-9a05-36d9bff1b218,earthquake,0101000020E6100000CDCCCCCCCC1C57400AD7A3703D8A3A40,3.60,low,EMSC,976675,2021-04-28 09:25:40+06:30,2026-02-21 23:22:26.124471+06:30,f,,{},
a3d65b17-9554-4cb3-add7-58af9b101ac4,7e862e91-d81d-4d2a-9a05-36d9bff1b218,earthquake,0101000020E61000000AD7A3703D1A5740713D0AD7A3B03A40,4.00,medium,EMSC,976676,2021-04-28 09:13:21+06:30,2026-02-21 23:22:26.127843+06:30,f,,{},
919cbf3f-8cf6-4ac8-bed0-b9c230ab2357,7e862e91-d81d-4d2a-9a05-36d9bff1b218,earthquake,0101000020E6100000AE47E17A141E57403D0AD7A370BD3A40,4.90,medium,EMSC,976663,2021-04-28 09:03:00.6+06:30,2026-02-21 23:22:26.131714+06:30,f,,{},
fdcdee5c-d840-4391-847b-d5f2cac75c70,7e862e91-d81d-4d2a-9a05-36d9bff1b218,earthquake,0101000020E6100000EC51B81E851B574085EB51B81EC53A40,6.00,high,EMSC,976646,2021-04-28 08:51:25.6+06:30,2026-02-21 23:22:26.135285+06:30,f,,{},
ed0b6554-882a-48f6-83a4-4983dd4f36c6,f37e3f16-59cd-404d-8b50-a8244a3513c2,earthquake,0101000020E6100000DE02098A1F33584036AB3E575BE13940,4.20,medium,USGS,us7000e1tg,2021-05-03 17:11:09.136+06:30,2026-02-21 23:22:26.682833+06:30,f,,{},
a075943f-80a9-4199-992a-9961fef67580,dbd46836-7004-4e0e-a11c-e2b9b95b5617,earthquake,0101000020E6100000CA54C1A8A446584011C7BAB88D563340,4.40,medium,USGS,us7000dz4b,2021-05-01 03:17:33.896+06:30,2026-02-21 23:22:26.691601+06:30,f,,{},
b34f6ef7-331a-489c-9dbf-5479a99e9496,9c5595e8-9706-4110-8a99-c45960d60a9b,earthquake,0101000020E610000046B6F3FDD4A05740B003E78C283D3840,4.30,medium,USGS,us7000e0qx,2021-04-30 20:10:06.22+06:30,2026-02-21 23:22:26.69639+06:30,f,,{},
1f1d321b-f9ce-43af-802a-48127daf6ba1,45c3d7df-19c0-480c-8d1e-b0878b0901b4,earthquake,0101000020E61000002575029A081F57401D38674469BF3A40,4.80,medium,USGS,us7000dybj,2021-04-29 02:20:53.77+06:30,2026-02-21 23:22:26.700352+06:30,f,,{},
c87ba374-d25c-4ea2-a06e-cc5b4acd0d4d,32d53d11-6fd2-47f4-a79c-962dc959c67c,earthquake,0101000020E61000005B423EE8D9205740F931E6AE25C43A40,4.20,medium,USGS,us7000e0d3,2021-04-28 17:03:27.953+06:30,2026-02-21 23:22:26.704442+06:30,f,,{},
36f0e94d-17de-401a-8fc0-8709a577394a,7e862e91-d81d-4d2a-9a05-36d9bff1b218,earthquake,0101000020E61000009FABADD85F22574088F4DBD781D33A40,4.40,medium,USGS,us7000e0c4,2021-04-28 09:13:20.811+06:30,2026-02-21 23:22:26.709621+06:30,f,,{},
d4aecc42-8b32-437d-9fae-8870ea626101,7e862e91-d81d-4d2a-9a05-36d9bff1b218,earthquake,0101000020E610000070CE88D2DE20574072F90FE9B7BF3A40,5.00,medium,USGS,us7000dy3r,2021-04-28 09:03:01.489+06:30,2026-02-21 23:22:26.714804+06:30,f,,{},
be3ba998-cfe3-47af-9c1a-7093e9fc8e9d,7e862e91-d81d-4d2a-9a05-36d9bff1b218,earthquake,0101000020E6100000F0A7C64B371D5740645DDC4603C83A40,6.00,high,USGS,us7000dy3b,2021-04-28 08:51:26.212+06:30,2026-02-21 23:22:26.718844+06:30,f,,{},
38c73bea-b7d7-42a5-8ca6-36cd0e63cc47,09a9652f-adba-4168-a6b4-8ce5aac53b9b,earthquake,0101000020E6100000AE47E17A141E574085EB51B81EC53A40,3.80,low,EMSC,982186,2021-05-10 01:11:23+06:30,2026-02-21 23:22:27.007823+06:30,f,,{},
d23c96fd-4298-42c8-bc4c-7d13332470f4,a3adc875-8536-4852-97aa-456d5a3c2590,earthquake,0101000020E610000033333333333357403333333333733640,3.70,low,EMSC,981923,2021-05-09 10:03:26+06:30,2026-02-21 23:22:27.016118+06:30,f,,{},
925be1a6-dc56-4850-98d5-8b67c85e2040,6aa641f1-50d3-46ca-9462-8ef1eb494494,earthquake,0101000020E61000006666666666665740AE47E17A142E3940,3.80,low,EMSC,981320,2021-05-08 11:24:18+06:30,2026-02-21 23:22:27.019043+06:30,f,,{},
bc722b6c-7c48-47ea-a2e8-e026f70992e0,8104005c-15f7-4b72-a88e-f0180683f5cc,earthquake,0101000020E6100000295C8FC2F5185740CDCCCCCCCC8C3A40,3.60,low,EMSC,980430,2021-05-06 11:30:16+06:30,2026-02-21 23:22:27.023513+06:30,f,,{},
bf7302ab-bb6d-4e47-839c-6a7f2c9511e7,71f46056-71c4-4c50-a576-5bf754f20a42,earthquake,0101000020E6100000295C8FC2F5185740AE47E17A14AE3A40,3.50,low,EMSC,980160,2021-05-05 20:22:12+06:30,2026-02-21 23:22:27.028458+06:30,f,,{},
f1a2afc5-c914-4071-a0e9-bf57c97b0dd7,d1b52edd-3311-475d-a1fb-73845b833d98,earthquake,0101000020E610000048E17A14AEB75740E17A14AE47213940,3.90,low,EMSC,980048,2021-05-05 13:49:51+06:30,2026-02-21 23:22:27.032803+06:30,f,,{},
9562b1f0-7c60-4194-b2f8-cfd27972fb9e,09a9652f-adba-4168-a6b4-8ce5aac53b9b,earthquake,0101000020E610000011363CBD521E5740A01A2FDD24C63A40,3.80,low,USGS,us7000e1n0,2021-05-10 01:11:23.049+06:30,2026-02-21 23:22:27.341388+06:30,f,,{},
88f7d0d5-b84e-4488-91af-59c263ddba86,8104005c-15f7-4b72-a88e-f0180683f5cc,earthquake,0101000020E610000026E4839ECD1E5740D578E92631983A40,4.20,medium,USGS,us7000e2dg,2021-05-06 11:30:15.741+06:30,2026-02-21 23:22:27.35022+06:30,f,,{},
7939aa22-ae80-4fa1-85f9-c0f64f68e778,82d917b6-68d5-44e2-b4b6-01ec646f8744,earthquake,0101000020E6100000A4703D0AD7E35840295C8FC2F5283A40,4.30,medium,EMSC,985926,2021-05-18 20:09:42.8+06:30,2026-02-21 23:22:27.609746+06:30,f,,{},
6c101d87-a404-480b-b933-a0ddb7f56e8d,e7866934-a795-4ccd-a3e3-b315913cf50c,earthquake,0101000020E61000007B14AE47E11A5740EC51B81E85AB3A40,4.40,medium,EMSC,985891,2021-05-18 18:33:01.1+06:30,2026-02-21 23:22:27.615143+06:30,f,,{},
2cedb243-012c-46e7-af3d-70ef5006c032,68536cdb-200d-4630-bf41-8752445599f4,earthquake,0101000020E61000001F85EB51B86E574014AE47E17A142D40,4.10,medium,EMSC,987871,2021-05-18 05:24:34.4+06:30,2026-02-21 23:22:27.61804+06:30,f,,{},
7d5ae9ba-9304-4540-a678-623cac705d5d,dbedbd47-0f86-4913-9a49-d11cbcaaa6e6,earthquake,0101000020E6100000D7A3703D0A27574048E17A14AEC73A40,4.50,medium,EMSC,984768,2021-05-15 09:33:54.5+06:30,2026-02-21 23:22:27.622083+06:30,f,,{},
e388abb5-638c-4fea-ad47-260ee7bf48bf,e89ce608-c5e6-46bd-a273-9ece51cd749e,earthquake,0101000020E6100000713D0AD7A3E05740F6285C8FC2753A40,4.20,medium,EMSC,984627,2021-05-15 06:09:50.5+06:30,2026-02-21 23:22:27.626915+06:30,f,,{},
4a9c012e-749b-4c4a-b20f-318d8befd77f,e454b7af-625a-4437-8fe0-c67b56398b52,earthquake,0101000020E61000007B14AE47E1CA5740F6285C8FC2F53840,4.40,medium,EMSC,984539,2021-05-14 23:12:03.5+06:30,2026-02-21 23:22:27.631929+06:30,f,,{},
e781a8de-2552-4c30-ae21-4ac34f84ee98,fe8d518d-0a5a-411c-b7c3-161bbf35b862,earthquake,0101000020E61000005C8FC2F528CC5840A4703D0AD7633840,4.60,medium,EMSC,983914,2021-05-13 10:12:38.3+06:30,2026-02-21 23:22:27.635716+06:30,f,,{},
9697128e-1330-4a1d-92f4-4954f42f6584,82d917b6-68d5-44e2-b4b6-01ec646f8744,earthquake,0101000020E6100000545227A089DC5840C520B07268213A40,4.30,medium,USGS,us7000e42s,2021-05-18 20:09:43.954+06:30,2026-02-21 23:22:28.19139+06:30,f,,{},
645a6bd5-e169-4ebd-af4a-1d8995b7c546,d63d499a-77e6-4f33-8a63-0a3bbdcde12c,earthquake,0101000020E61000009FABADD85FFA584022FDF675E07C3A40,4.30,medium,USGS,us7000e5tu,2021-05-18 19:26:54.33+06:30,2026-02-21 23:22:28.201373+06:30,f,,{},
d8787e26-e6ae-4b80-aa71-77bcd90ae78b,e7866934-a795-4ccd-a3e3-b315913cf50c,earthquake,0101000020E6100000C1A8A44E401B574007CE1951DAAB3A40,4.40,medium,USGS,us7000e42g,2021-05-18 18:33:01.251+06:30,2026-02-21 23:22:28.205309+06:30,f,,{},
10c91434-330d-43f1-8e07-95846358c359,1cb86dff-15f3-495f-93c1-46dce71ccb36,earthquake,0101000020E610000093A98251490559400F9C33A2B4C73A40,4.20,medium,USGS,us7000e5tr,2021-05-18 17:19:40.043+06:30,2026-02-21 23:22:28.208542+06:30,f,,{},
0df36760-df38-459f-ba66-f474643c9279,68536cdb-200d-4630-bf41-8752445599f4,earthquake,0101000020E610000042CF66D5E76E574032772D211F142D40,4.10,medium,USGS,us7000e52w,2021-05-18 05:24:34.366+06:30,2026-02-21 23:22:28.212015+06:30,f,,{},
db48e436-207f-430f-8e83-20c9c7042da4,dbedbd47-0f86-4913-9a49-d11cbcaaa6e6,earthquake,0101000020E6100000AED85F764F1E574054E3A59BC4C03A40,4.40,medium,USGS,us7000e3ar,2021-05-15 09:33:56.663+06:30,2026-02-21 23:22:28.216493+06:30,f,,{},
0e3eceb6-7c6e-43ff-85d2-d509a2ce383f,e89ce608-c5e6-46bd-a273-9ece51cd749e,earthquake,0101000020E6100000A3923A014DE057405EBA490C026B3A40,4.20,medium,USGS,us7000e38n,2021-05-15 06:09:52.005+06:30,2026-02-21 23:22:28.221206+06:30,f,,{},
d222026c-12be-44fa-ae70-e58108b56d2c,e454b7af-625a-4437-8fe0-c67b56398b52,earthquake,0101000020E610000082734694F6C657406666666666F63840,4.50,medium,USGS,us7000e34s,2021-05-14 23:12:04.988+06:30,2026-02-21 23:22:28.22671+06:30,f,,{},
283ffa8c-fb4b-4977-b961-0b53f23f5f56,fe8d518d-0a5a-411c-b7c3-161bbf35b862,earthquake,0101000020E61000003F355EBA49CC5840B84082E2C7683840,4.60,medium,USGS,us7000e2pk,2021-05-13 10:12:38.756+06:30,2026-02-21 23:22:28.230657+06:30,f,,{},
0c95852b-414b-4e28-85b3-3dfbe1a9cd38,dbb01d43-e200-4ee6-98a5-11dc7fc33457,earthquake,0101000020E6100000F6285C8FC2A55740D7A3703D0A973740,4.20,medium,EMSC,988903,2021-05-26 01:53:07.6+06:30,2026-02-21 23:22:28.492559+06:30,f,,{},
831b8783-e5ed-4e7c-bdae-07bb14530cb6,6eccc6e6-ce6c-424a-b7da-8b22cb16ee63,earthquake,0101000020E6100000F6285C8FC2355740EC51B81E856B2A40,4.50,medium,EMSC,991188,2021-05-25 20:44:37.4+06:30,2026-02-21 23:22:28.502099+06:30,f,,{},
550f131f-421e-4632-8fcc-c6361c60b488,638942ed-90a8-474d-9378-4e08797f2c5d,earthquake,0101000020E610000085EB51B81EA557403333333333F33640,4.30,medium,EMSC,990800,2021-05-23 22:11:03.5+06:30,2026-02-21 23:22:28.505626+06:30,f,,{},
6d3c6c46-d3fe-4912-af0c-ae1397475d66,a1c515c4-2f18-4831-a7ad-e6559d971ae9,earthquake,0101000020E6100000F6285C8FC2C557406666666666A63840,4.30,medium,EMSC,987534,2021-05-23 07:56:40.8+06:30,2026-02-21 23:22:28.508951+06:30,f,,{},
87d77c5a-40d9-4ff2-8ff2-31f2e2ec4dd0,7d9b9fa2-62b7-4c9e-9d68-ed60133b4475,earthquake,0101000020E61000006666666666065940AE47E17A14AE3940,4.70,medium,EMSC,987375,2021-05-22 18:44:37.8+06:30,2026-02-21 23:22:28.51275+06:30,f,,{},
4e2c5c86-c951-4ad3-b9f4-fb3dca458866,14e98b9f-5a66-43d9-b451-86b00808e2c2,earthquake,0101000020E61000009A99999999F95840EC51B81E85AB3940,4.40,medium,EMSC,987293,2021-05-22 08:18:04.4+06:30,2026-02-21 23:22:28.517696+06:30,f,,{},
d81f9e96-a3bf-4ac9-b813-7b93ce9aef64,306904ff-300e-4976-b896-3c377e4e5659,earthquake,0101000020E6100000CDCCCCCCCCEC5740CDCCCCCCCC0C3440,4.30,medium,EMSC,987268,2021-05-22 07:08:31.1+06:30,2026-02-21 23:22:28.521938+06:30,f,,{},
76168e20-4d6b-4f6f-8220-573335130099,7103c166-c835-40fa-8108-5c1ac437b4be,earthquake,0101000020E610000000000000000059406666666666A63940,4.80,medium,EMSC,987160,2021-05-22 00:58:48.6+06:30,2026-02-21 23:22:28.527217+06:30,f,,{},
e2069ea6-ced3-4f12-a400-dc16a3a001a2,7a6cee8b-f750-4a69-83cc-54ac30658ce2,earthquake,0101000020E6100000C3F5285C8F125940EC51B81E85AB3940,4.20,medium,EMSC,987193,2021-05-22 00:20:18.8+06:30,2026-02-21 23:22:28.531391+06:30,f,,{},
3eab2ff6-2f89-41eb-8f1e-c54583d978e9,7a6cee8b-f750-4a69-83cc-54ac30658ce2,earthquake,0101000020E61000003333333333035940295C8FC2F5A83940,4.30,medium,EMSC,987149,2021-05-22 00:06:07.6+06:30,2026-02-21 23:22:28.535876+06:30,f,,{},
64696795-1b5e-4c26-86b6-360020d1934f,fc4b2218-54f1-48ab-9369-cdffc75d697e,earthquake,0101000020E61000001F85EB51B80E5940AE47E17A14AE3940,4.50,medium,EMSC,987387,2021-05-21 21:53:37.3+06:30,2026-02-21 23:22:28.541051+06:30,f,,{},
f22fc516-0d6a-4d6e-86e6-db7601c05706,845a5829-faaf-4155-b8b1-4bb210fdfcf3,earthquake,0101000020E6100000A4703D0AD70359407B14AE47E1BA3940,5.10,medium,EMSC,987106,2021-05-21 21:01:11.7+06:30,2026-02-21 23:22:28.545227+06:30,f,,{},
60d6a924-cdab-4353-abf1-b1973502ffbd,53428e69-05c7-47f8-8d37-c0214fd79d67,earthquake,0101000020E610000033333333330359403D0AD7A370BD3940,6.10,high,EMSC,987101,2021-05-21 20:18:37.9+06:30,2026-02-21 23:22:28.549541+06:30,f,,{},
a8d83b8e-d3f8-42f2-81be-71b70507373b,8442e2c7-4470-4531-8a07-e99250f8136b,earthquake,0101000020E6100000A4703D0AD70359403333333333B33940,5.30,medium,EMSC,987096,2021-05-21 19:51:27.1+06:30,2026-02-21 23:22:28.553785+06:30,f,,{},
a052f975-d928-4cce-9eac-2e6b1ab6ff40,8706c283-e695-4f81-9714-2e7ea3be699c,earthquake,0101000020E61000000000000000005940713D0AD7A3B03940,4.60,medium,EMSC,987100,2021-05-21 19:26:04.6+06:30,2026-02-21 23:22:28.559173+06:30,f,,{},
2499008d-0ebd-4dda-b609-d1e1d2f4d6cd,a4ca63bf-bf1f-45f0-b7d2-3342b292c9b8,earthquake,0101000020E61000006666666666F658401F85EB51B89E3940,4.60,medium,EMSC,986510,2021-05-19 18:35:59.8+06:30,2026-02-21 23:22:28.563736+06:30,f,,{},
3c641c6d-9f3d-4a3a-aba8-39ce59fb9d8d,dbb01d43-e200-4ee6-98a5-11dc7fc33457,earthquake,0101000020E61000001A51DA1B7CA557402B8716D9CE973740,4.10,medium,USGS,us7000e66y,2021-05-26 01:53:07.539+06:30,2026-02-21 23:22:28.879478+06:30,f,,{},
f5a70390-49a2-4471-ba3c-6c8222198dcf,6eccc6e6-ce6c-424a-b7da-8b22cb16ee63,earthquake,0101000020E6100000A7E8482EFF355740B459F5B9DA6A2A40,4.50,medium,USGS,us6000efkb,2021-05-25 20:44:37.433+06:30,2026-02-21 23:22:28.884391+06:30,f,,{},
ab5a115d-dd92-4666-9da1-1c79e48b19a4,ebfd30e9-ec32-454c-bfc8-acf20bf87f4e,earthquake,0101000020E6100000F2D24D6210B85740014D840D4F8F2740,4.50,medium,USGS,us6000efhl,2021-05-24 10:19:09.973+06:30,2026-02-21 23:22:28.888104+06:30,f,,{},
6c44565a-da74-4df6-9180-40caed5b9808,638942ed-90a8-474d-9378-4e08797f2c5d,earthquake,0101000020E61000003E7958A835A55740174850FC18F33640,4.30,medium,USGS,us6000efgh,2021-05-23 22:11:03.473+06:30,2026-02-21 23:22:28.891564+06:30,f,,{},
a2622f8e-490e-4124-81fd-f9964036b548,a1c515c4-2f18-4831-a7ad-e6559d971ae9,earthquake,0101000020E6100000273108AC1CC65740234A7B832FBC3840,4.40,medium,USGS,us7000e5ej,2021-05-23 07:56:40.871+06:30,2026-02-21 23:22:28.895183+06:30,f,,{},
a66886c6-e4ba-4252-85c5-7fe06bac36c2,7d9b9fa2-62b7-4c9e-9d68-ed60133b4475,earthquake,0101000020E61000003FC6DCB5840459402FDD240681B53940,4.70,medium,USGS,us7000e5an,2021-05-22 18:44:37.916+06:30,2026-02-21 23:22:28.89857+06:30,f,,{},
955401dc-98d8-47a8-ae13-da6c8ee173ce,14e98b9f-5a66-43d9-b451-86b00808e2c2,earthquake,0101000020E6100000545227A089FC5840BBB88D06F0B63940,4.40,medium,USGS,us7000e580,2021-05-22 08:18:03.901+06:30,2026-02-21 23:22:28.919461+06:30,f,,{},
8af1aa76-6498-4a49-a46a-4103a9240722,306904ff-300e-4976-b896-3c377e4e5659,earthquake,0101000020E6100000AEB6627FD9F157406688635DDC163440,4.40,medium,USGS,us7000e57r,2021-05-22 07:08:31.888+06:30,2026-02-21 23:22:28.927789+06:30,f,,{},
f14d44e6-93ab-47c5-b31c-3050e1f965fa,e37fd51f-9816-4d21-bed4-c623b57d207d,earthquake,0101000020E61000005F984C158CFE5840F38E537424B73940,4.10,medium,USGS,us6000ef3r,2021-05-22 02:40:59.176+06:30,2026-02-21 23:22:28.935555+06:30,f,,{},
7eb7cec5-70a5-461b-ad93-d7561738bd11,7103c166-c835-40fa-8108-5c1ac437b4be,earthquake,0101000020E61000003BDF4F8D97FE5840CE88D2DEE0AB3940,4.90,medium,USGS,us6000ef4a,2021-05-22 00:58:45.508+06:30,2026-02-21 23:22:28.944144+06:30,f,,{},
121cb075-0d26-4f8f-8f89-96bc4d7dd119,7a6cee8b-f750-4a69-83cc-54ac30658ce2,earthquake,0101000020E6100000EFC9C342AD115940AAF1D24D62B03940,4.20,medium,USGS,us7000e54p,2021-05-22 00:20:18.844+06:30,2026-02-21 23:22:28.950221+06:30,f,,{},
9de5dc23-8252-4821-91bc-b29fa4e6e8e3,7a6cee8b-f750-4a69-83cc-54ac30658ce2,earthquake,0101000020E6100000DD2406819503594044FAEDEBC0A93940,4.30,medium,USGS,us7000e54e,2021-05-22 00:06:07.635+06:30,2026-02-21 23:22:28.957366+06:30,f,,{},
adb24cae-c8c9-4e87-9423-9b0e01923ea6,97451392-a770-42a6-b911-e827fd567a19,earthquake,0101000020E61000005BB1BFEC9E0059402497FF907EBB3940,4.40,medium,USGS,us7000e543,2021-05-21 23:21:43.954+06:30,2026-02-21 23:22:28.965677+06:30,f,,{},
179af7e9-0bd8-45d8-aff7-57fecd9dfa8b,fc4b2218-54f1-48ab-9369-cdffc75d697e,earthquake,0101000020E61000007A36AB3E570F59407E8CB96B09A93940,4.50,medium,USGS,us7000e53i,2021-05-21 21:53:37.347+06:30,2026-02-21 23:22:28.970494+06:30,f,,{},
7eceb769-8782-4870-9e5d-9bcee7d3d149,f681704c-edba-43b2-92b2-828f656f03bb,earthquake,0101000020E6100000744694F606275940068195438B7C3940,4.10,medium,USGS,us6000ef3n,2021-05-21 21:22:07.367+06:30,2026-02-21 23:22:28.975559+06:30,f,,{},
c9a9d398-e916-488c-ab12-04eceb0f0882,845a5829-faaf-4155-b8b1-4bb210fdfcf3,earthquake,0101000020E61000006C09F9A067FF58405839B4C876AE3940,5.10,medium,USGS,us7000e53a,2021-05-21 21:01:12.001+06:30,2026-02-21 23:22:28.979061+06:30,f,,{},
0177f7d5-f2fe-4421-aa5b-6acf3d8d1230,53428e69-05c7-47f8-8d37-c0214fd79d67,earthquake,0101000020E61000006A4DF38E530859404A0C022B87D63940,5.00,medium,USGS,us6000ef3f,2021-05-21 20:26:40.871+06:30,2026-02-21 23:22:28.983276+06:30,f,,{},
86201b80-4ec5-49a5-91e2-d5beef0e220c,53428e69-05c7-47f8-8d37-c0214fd79d67,earthquake,0101000020E6100000371AC05B2001594050FC1873D7D23940,5.00,medium,USGS,us6000ef2w,2021-05-21 20:25:32.019+06:30,2026-02-21 23:22:28.986958+06:30,f,,{},
34e41749-34cf-4cfa-bdd1-30c4c0029181,53428e69-05c7-47f8-8d37-c0214fd79d67,earthquake,0101000020E6100000F1F44A5986005940431CEBE236BA3940,6.10,high,USGS,us7000e532,2021-05-21 20:18:37.193+06:30,2026-02-21 23:22:28.991146+06:30,f,,{},
f32dfe69-e831-4212-b3cc-9da5379401d2,8442e2c7-4470-4531-8a07-e99250f8136b,earthquake,0101000020E610000024B9FC87F4FF5840234A7B832F8C3940,5.10,medium,USGS,us6000ef4u,2021-05-21 19:51:59.864+06:30,2026-02-21 23:22:28.994953+06:30,f,,{},
bf9ba49c-8eba-4d2e-9310-074593f379a5,8442e2c7-4470-4531-8a07-e99250f8136b,earthquake,0101000020E61000001361C3D32B0159401AC05B2041B13940,5.20,medium,USGS,us7000e524,2021-05-21 19:51:26.713+06:30,2026-02-21 23:22:28.999978+06:30,f,,{},
f6773dd2-8a83-48de-bc18-357f51aa6b5f,8706c283-e695-4f81-9714-2e7ea3be699c,earthquake,0101000020E6100000ECC039234AFF5840D50968226CA83940,4.60,medium,USGS,us7000e51a,2021-05-21 19:26:05.004+06:30,2026-02-21 23:22:29.003759+06:30,f,,{},
d12ed07a-7f80-41d8-8b49-0cd3b6a648a7,d77368f1-3db9-42db-8575-cf81f7e4417b,earthquake,0101000020E61000002063EE5A420E5940C74B378941C03940,4.10,medium,USGS,us7000e4iz,2021-05-20 00:28:59.912+06:30,2026-02-21 23:22:29.008941+06:30,f,,{},
05ff2c5d-b782-4841-8b79-2fa75d93657a,ca1dc447-2118-4273-b966-71fcbe5a575b,earthquake,0101000020E610000060E5D022DB0559408A8EE4F21FD23940,4.30,medium,USGS,us7000e64t,2021-05-19 19:43:10.739+06:30,2026-02-21 23:22:29.012591+06:30,f,,{},
e5e57840-9579-41a0-991f-18c22a67ff25,a4ca63bf-bf1f-45f0-b7d2-3342b292c9b8,earthquake,0101000020E6100000B515FBCBEEFD5840D95F764F1E963940,4.60,medium,USGS,us7000e4f5,2021-05-19 18:35:59.072+06:30,2026-02-21 23:22:29.015536+06:30,f,,{},
c6fac3db-7b09-47fc-b92f-b5eaaaf5b8a5,639b7481-f3c6-41b4-b1c0-eacb1106748f,earthquake,0101000020E61000007B14AE47E11A574085EB51B81EC53A40,3.50,low,EMSC,991598,2021-06-02 00:48:30+06:30,2026-02-21 23:22:29.280077+06:30,f,,{},
3c05b036-ecb1-4c6b-afe2-a69326d55656,3205a16a-f29b-4d88-b11f-47b4340ee1d6,earthquake,0101000020E61000005C8FC2F528AC57403D0AD7A3703D3740,4.40,medium,EMSC,991192,2021-06-01 02:19:34.5+06:30,2026-02-21 23:22:29.289717+06:30,f,,{},
67f2f715-14f8-4b82-a5f0-6d1254e374f3,387aab09-52a9-480a-a8c9-6dffd6f66d6c,earthquake,0101000020E61000006666666666165740713D0AD7A3B03A40,3.80,low,EMSC,990998,2021-05-31 10:50:50+06:30,2026-02-21 23:22:29.293543+06:30,f,,{},
6e3323b6-bd19-4760-a602-68164172693f,1d943f26-0415-4f83-b423-4ff24cebabbf,earthquake,0101000020E6100000F6285C8FC2155740AE47E17A14AE3A40,4.20,medium,EMSC,990675,2021-05-30 15:23:07.3+06:30,2026-02-21 23:22:29.297724+06:30,f,,{},
36e4fc41-7ba4-47a0-be3b-158d6dc45cac,38cc9afa-bd67-4d6f-99c6-247f1bd5e190,earthquake,0101000020E61000005C8FC2F528AC5740C3F5285C8F823840,3.90,low,EMSC,990367,2021-05-29 20:08:16+06:30,2026-02-21 23:22:29.303159+06:30,f,,{},
50867d38-29d8-4f72-b37c-001c1a1d7317,cab270da-03d7-4543-94c9-a672517a4969,earthquake,0101000020E61000008FC2F5285CAF57400AD7A3703D8A3640,4.40,medium,EMSC,989985,2021-05-28 23:21:21.3+06:30,2026-02-21 23:22:29.308558+06:30,f,,{},
e2853864-e01a-44ba-a88d-01718d777aa8,593f48ce-bc5d-45bc-ac16-38e3d0dcbdb3,earthquake,0101000020E61000009A9999999909594014AE47E17A943940,4.20,medium,EMSC,989917,2021-05-28 19:13:19.3+06:30,2026-02-21 23:22:29.312769+06:30,f,,{},
e8b5ef07-8744-42fb-ae6a-dc16c1729d61,5692ac3a-d583-4275-8861-cdd74f076423,earthquake,0101000020E6100000DDB5847CD0535740789CA223B99C2940,4.50,medium,USGS,us7000e9p6,2021-06-01 07:39:21.812+06:30,2026-02-21 23:22:29.869638+06:30,f,,{},
f94af42a-14e1-4ab8-b6a9-87fe566416db,3205a16a-f29b-4d88-b11f-47b4340ee1d6,earthquake,0101000020E6100000637FD93D79AC5740772D211FF43C3740,4.40,medium,USGS,us6000eged,2021-06-01 02:19:34.458+06:30,2026-02-21 23:22:29.879531+06:30,f,,{},
5bfc3aa1-82b6-4ea2-a3b5-ed82c0ee68c4,387aab09-52a9-480a-a8c9-6dffd6f66d6c,earthquake,0101000020E61000005C2041F163145740A54E401361C33A40,4.20,medium,USGS,us6000eg46,2021-05-31 10:50:49.211+06:30,2026-02-21 23:22:29.883941+06:30,f,,{},
8d1a7082-014b-4e21-b80a-87242de9c85d,1d943f26-0415-4f83-b423-4ff24cebabbf,earthquake,0101000020E6100000BE9F1A2FDD14574051DA1B7C61A23A40,4.40,medium,USGS,us6000efyu,2021-05-30 15:23:07.964+06:30,2026-02-21 23:22:29.888173+06:30,f,,{},
c0a2be8e-c21f-4017-a303-b76c648833a0,cab270da-03d7-4543-94c9-a672517a4969,earthquake,0101000020E61000008BFD65F7E4AD5740F163CC5D4B983640,4.50,medium,USGS,us6000eflk,2021-05-28 23:21:21.738+06:30,2026-02-21 23:22:29.893476+06:30,f,,{},
1147c4dd-dfa6-4fd0-9037-e1e07703740d,593f48ce-bc5d-45bc-ac16-38e3d0dcbdb3,earthquake,0101000020E6100000AF94658863095940F8C264AA60943940,4.20,medium,USGS,us6000eff8,2021-05-28 19:13:19.26+06:30,2026-02-21 23:22:29.89681+06:30,f,,{},
bd744062-d597-4032-838b-1d944c434cfa,5ab6fc9e-ac36-4c47-bdde-5f3ac34757ed,earthquake,0101000020E610000074B515FBCBE258409A081B9E5E493A40,4.20,medium,USGS,us6000ef1y,2021-05-27 18:22:54.985+06:30,2026-02-21 23:22:29.900845+06:30,f,,{},
1ec893f8-2e76-4670-8d07-1094ba2066ab,10a1472c-a3ba-45ee-9804-021cc9ee410b,earthquake,0101000020E6100000EC51B81E850B5940A4703D0AD7A33940,4.10,medium,EMSC,996886,2021-06-05 04:42:25.1+06:30,2026-02-21 23:22:30.16559+06:30,f,,{},
c0179646-5f5a-4f42-bdf7-32bffbf1e277,3536fc46-33a2-44d2-9c47-f63b8f3a0221,earthquake,0101000020E61000003D0AD7A370BD5740B81E85EB51F83840,3.60,low,EMSC,992572,2021-06-04 16:02:13+06:30,2026-02-21 23:22:30.174582+06:30,f,,{},
561607b0-85d5-49b7-b576-218014d38cce,c34f07a8-0e33-4868-addd-22f0b115a5d9,earthquake,0101000020E610000052B81E85EB91574085EB51B81E453840,3.50,low,EMSC,992062,2021-06-03 09:16:27+06:30,2026-02-21 23:22:30.177518+06:30,f,,{},
2d2a28cf-2a2f-4b2b-8588-652973bb4568,0f38ca6c-68ae-4cdc-bf7f-6a00b45ec3f9,earthquake,0101000020E61000003333333333035840CDCCCCCCCC8C3A40,3.60,low,EMSC,991789,2021-06-02 10:38:25+06:30,2026-02-21 23:22:30.181063+06:30,f,,{},
9039f18f-461e-4158-8650-55c9dec0b926,10a1472c-a3ba-45ee-9804-021cc9ee410b,earthquake,0101000020E6100000A4DFBE0E9C0B594016FBCBEEC9A33940,4.10,medium,USGS,us7000e9v4,2021-06-05 04:42:25.146+06:30,2026-02-21 23:22:30.750848+06:30,f,,{},
95deb50d-8aa8-473e-bfef-dbb9140d2f0b,a821ae57-7de5-47a4-b8e5-2e59a39c5da4,earthquake,0101000020E61000000AD7A3703D4A5840A4703D0AD7A33A40,4.80,medium,EMSC,998899,2021-06-15 21:16:08.3+06:30,2026-02-21 23:22:31.051027+06:30,f,,{},
0cf61f6e-5718-4ca9-9197-cf2ebfb05c9d,6b3fbb24-8c81-490a-ac7a-7b306c2e6acf,earthquake,0101000020E610000052B81E85EB8158403D0AD7A370FD3840,4.90,medium,EMSC,996983,2021-06-12 16:30:48.9+06:30,2026-02-21 23:22:31.056738+06:30,f,,{},
1fd31ad6-990d-4d3a-8953-e41dc9e9c707,9d6d5279-b373-48f6-8fd1-1eec90c7b244,earthquake,0101000020E6100000E17A14AE4721574052B81E85EB113B40,3.60,low,EMSC,996053,2021-06-11 05:53:12+06:30,2026-02-21 23:22:31.059566+06:30,f,,{},
7ce0884b-1d92-4836-b133-8c47a7f5a02d,a821ae57-7de5-47a4-b8e5-2e59a39c5da4,earthquake,0101000020E610000005C58F317745584003098A1F639E3A40,4.80,medium,USGS,us7000ed8l,2021-06-15 21:16:08.092+06:30,2026-02-21 23:22:31.698488+06:30,f,,{},
18bfd9b4-7e22-4a74-8f17-86bbff5447d4,6b3fbb24-8c81-490a-ac7a-7b306c2e6acf,earthquake,0101000020E6100000143FC6DCB5785840A1F831E6AEF53840,4.90,medium,USGS,us7000ecdv,2021-06-12 16:30:48.45+06:30,2026-02-21 23:22:31.704525+06:30,f,,{},
6f996ef8-02f7-4595-9ad6-7c89d685d396,ec88eb82-dbfd-4b0f-a8cd-4e5371f9c8f4,earthquake,0101000020E6100000CDCCCCCCCC0C574085EB51B81E053C40,4.60,medium,EMSC,1001594,2021-06-22 23:14:36.2+06:30,2026-02-21 23:22:31.963323+06:30,f,,{},
b1aca72a-e075-4fb7-b3f1-5b806fee20cd,04eacaac-334d-4ffb-96bd-128086c28d16,earthquake,0101000020E6100000333333333393574048E17A14AE473940,3.60,low,EMSC,1000398,2021-06-20 02:22:50+06:30,2026-02-21 23:22:31.976182+06:30,f,,{},
38abb950-22c9-4507-a3e6-16f804324327,d17c7906-4904-48c6-820c-5cd70ea063b2,earthquake,0101000020E6100000A4703D0AD72357400000000000C03A40,4.50,medium,EMSC,1000089,2021-06-19 02:07:32.2+06:30,2026-02-21 23:22:31.98114+06:30,f,,{},
91431512-6876-48de-a201-fea0a043352e,2e5f3d17-d436-46a9-9bff-c0f70ef2c8dd,earthquake,0101000020E610000048E17A14AEE758400000000000403340,3.50,low,EMSC,999789,2021-06-18 06:00:46+06:30,2026-02-21 23:22:31.984387+06:30,f,,{},
879df0ec-bbbd-4448-83dd-f15f48065fd6,4a6f2c50-4e9c-4c56-adad-487de7bf2c22,earthquake,0101000020E61000000AD7A3703D2A5740E17A14AE47E13A40,4.40,medium,EMSC,999760,2021-06-18 03:04:36.2+06:30,2026-02-21 23:22:31.987154+06:30,f,,{},
1710260c-3353-4992-bad2-dbcc804a7b85,ec88eb82-dbfd-4b0f-a8cd-4e5371f9c8f4,earthquake,0101000020E6100000287E8CB96B0D574088F4DBD781033C40,4.60,medium,USGS,us7000ef9z,2021-06-22 23:14:36.534+06:30,2026-02-21 23:22:32.262224+06:30,f,,{},
0c9cc85d-2bae-48b4-b00f-5549f1b985b2,d17c7906-4904-48c6-820c-5cd70ea063b2,earthquake,0101000020E61000006FF085C9541D5740CEAACFD556BC3A40,4.50,medium,USGS,us7000ee8m,2021-06-19 02:07:32.258+06:30,2026-02-21 23:22:32.270345+06:30,f,,{},
74dd8df4-4317-4c16-b222-9c73a210a835,aa1d2664-39c5-49e3-b58e-69b56272b47d,earthquake,0101000020E61000002D211FF46C165740EF38454772F92940,4.60,medium,USGS,us6000ep3z,2021-06-18 18:12:45.117+06:30,2026-02-21 23:22:32.273762+06:30,f,,{},
1d3774e6-cef9-4984-b36b-13f88e355769,f38372dc-883f-40f4-b214-afeffe78b571,earthquake,0101000020E61000007E1D38674419574005C58F3177AD3A40,4.50,medium,USGS,us7000edyb,2021-06-18 03:04:41.304+06:30,2026-02-21 23:22:32.276826+06:30,f,,{},
8de4d262-b6a7-4707-b2f1-8008d7c5a835,ddf8afef-536e-4cf5-8a79-5630cd21fcc9,earthquake,0101000020E61000005C8FC2F528FC58400000000000C03940,4.10,medium,EMSC,1004429,2021-06-29 05:11:29.5+06:30,2026-02-21 23:22:32.530947+06:30,f,,{},
6dda2911-814a-4b87-98f3-7d5b38a1175f,ddf8afef-536e-4cf5-8a79-5630cd21fcc9,earthquake,0101000020E6100000FF21FDF6750059404A7B832F4CC63940,4.10,medium,USGS,us7000ei8q,2021-06-29 05:11:29.665+06:30,2026-02-21 23:22:33.089078+06:30,f,,{},
75d879fa-aedb-43fb-b92c-0a320758d95b,9b9a13bc-1e5a-4e46-a1bb-384b2b231951,earthquake,0101000020E6100000295C8FC2F5685740F6285C8FC2753640,3.50,low,EMSC,1006601,2021-07-05 17:36:17+06:30,2026-02-21 23:22:33.343511+06:30,f,,{},
faad013a-d22c-4566-a3df-f5bd639e9369,9664fc21-4dc7-4faf-ac19-9ae2db8229f6,earthquake,0101000020E6100000C3F5285C8F2258408FC2F5285C8F3A40,4.50,medium,EMSC,1006389,2021-07-04 23:27:14.9+06:30,2026-02-21 23:22:33.352626+06:30,f,,{},
0710a338-fd8c-446e-8971-a64d4d6ef71e,9664fc21-4dc7-4faf-ac19-9ae2db8229f6,earthquake,0101000020E6100000AD69DE718A225840CFF753E3A59B3A40,4.60,medium,USGS,us7000eip3,2021-07-04 23:27:10.269+06:30,2026-02-21 23:22:33.90531+06:30,f,,{},
1c291864-14a0-469e-8ff3-50465675d0b7,88eac516-7969-4c0a-8dd1-6b879750b1ab,earthquake,0101000020E61000003D0AD7A3708D5740713D0AD7A3703640,4.50,medium,EMSC,1009451,2021-07-14 06:10:50.9+06:30,2026-02-21 23:22:34.172684+06:30,f,,{},
abbaa134-222c-494b-9614-5071c0858026,fbc630e5-0ca9-41e1-bad6-5ff75f48507e,earthquake,0101000020E61000000AD7A3703D4A5740295C8FC2F5A82B40,4.50,medium,EMSC,1009144,2021-07-13 02:44:54.6+06:30,2026-02-21 23:22:34.182349+06:30,f,,{},
9b0c52c3-9305-47ec-872e-f4fdcaf1d976,c3e215ff-715f-4d91-8bd1-b1d641ab97d6,earthquake,0101000020E61000008FC2F5285CCF57401F85EB51B81E3940,4.60,medium,EMSC,1007601,2021-07-09 06:56:25.3+06:30,2026-02-21 23:22:34.18579+06:30,f,,{},
4899f9b3-f89a-4d82-aa3f-ba5c42a05490,d193c1f4-c1df-4068-b1de-cef1d7497cf8,earthquake,0101000020E61000000AD7A3703D4A59405C8FC2F5289C3340,4.70,medium,EMSC,1007132,2021-07-07 13:13:49.5+06:30,2026-02-21 23:22:34.190617+06:30,f,,{},
3e9c607e-4b66-46b5-b774-dc05102f410e,88eac516-7969-4c0a-8dd1-6b879750b1ab,earthquake,0101000020E6100000363CBD52968D57406F1283C0CA713640,4.50,medium,USGS,us7000emla,2021-07-14 06:10:50.917+06:30,2026-02-21 23:22:34.479364+06:30,f,,{},
a19f28b8-40c6-483b-83fd-71142221e822,1950033b-1769-45fa-ad10-9a379b4e2454,earthquake,0101000020E610000096B20C71AC2F574033C4B12E6E632B40,4.60,medium,USGS,us7000elb3,2021-07-13 02:44:51.023+06:30,2026-02-21 23:22:34.486544+06:30,f,,{},
3a87b5f7-14ba-465d-b46c-fd8ecb620072,c3e215ff-715f-4d91-8bd1-b1d641ab97d6,earthquake,0101000020E610000011C7BAB88DCE5740D5E76A2BF6073940,4.60,medium,USGS,us6000etec,2021-07-09 06:56:26.477+06:30,2026-02-21 23:22:34.491021+06:30,f,,{},
71c554d1-ade6-4214-91a7-bcafe1771d2b,62372ada-1807-4303-981c-e6c27b84caba,earthquake,0101000020E6100000363CBD52965D5740D578E92631282640,4.20,medium,USGS,us7000elju,2021-07-08 02:51:09.465+06:30,2026-02-21 23:22:34.494795+06:30,f,,{},
d6fcbf0c-574f-4778-9247-9c32b6c75eac,d193c1f4-c1df-4068-b1de-cef1d7497cf8,earthquake,0101000020E6100000BC96900F7A4A594091ED7C3F35AE3340,4.70,medium,USGS,us7000eja4,2021-07-07 13:13:49.878+06:30,2026-02-21 23:22:34.498684+06:30,f,,{},
9e0b4617-a83b-4878-b51f-57e7fc743f62,85d9faa2-cb30-4e9b-b407-678dca67125f,earthquake,0101000020E61000003333333333B357400AD7A3703D8A3740,4.50,medium,EMSC,1009666,2021-07-15 03:04:50.6+06:30,2026-02-21 23:22:34.75983+06:30,f,,{},
05c331cd-857b-431e-afe3-91af43c4a634,4b80bc74-25c5-4008-8e04-757df5de2bad,earthquake,0101000020E610000052B81E85EB815740D7A3703D0A573640,4.20,medium,EMSC,1009664,2021-07-15 02:40:52.7+06:30,2026-02-21 23:22:34.768932+06:30,f,,{},
170873e3-0b2d-4ead-a754-68e2f6bbe9e3,85d9faa2-cb30-4e9b-b407-678dca67125f,earthquake,0101000020E61000008638D6C56DB0574082734694F6863740,4.50,medium,USGS,us7000elzz,2021-07-15 03:04:51.343+06:30,2026-02-21 23:22:35.387795+06:30,f,,{},
d28c95f7-c1ff-49dc-b797-070eabb273b2,4b80bc74-25c5-4008-8e04-757df5de2bad,earthquake,0101000020E610000020D26F5F078A574012A5BDC117763640,4.20,medium,USGS,us7000elzr,2021-07-15 02:40:53.149+06:30,2026-02-21 23:22:35.396521+06:30,f,,{},
b7a087e3-b3d3-4315-ab6a-a3c95e22f970,947f549f-6cd6-4632-ba7f-6aa54eb54608,earthquake,0101000020E6100000AE47E17A149E574052B81E85EB913840,4.90,medium,EMSC,1013603,2021-07-26 11:33:31.3+06:30,2026-02-21 23:22:35.661159+06:30,f,,{},
a09b5e06-db68-4331-a899-0b6dbf395f97,cef0ed25-13a2-44dc-a107-4f89a98120b1,earthquake,0101000020E61000009A99999999895740D7A3703D0AD73840,3.50,low,EMSC,1012228,2021-07-22 17:28:47+06:30,2026-02-21 23:22:35.671149+06:30,f,,{},
2f6f80ba-d6a9-4184-83fd-fb9284b9b35b,26503330-650c-4c2b-a851-858bae213021,earthquake,0101000020E6100000EC51B81E85CB584048E17A14AEC72D40,3.70,low,EMSC,1011832,2021-07-21 21:48:41+06:30,2026-02-21 23:22:35.674636+06:30,f,,{},
8fb02dde-33df-41a3-b5e6-96eabffd0ff4,947f549f-6cd6-4632-ba7f-6aa54eb54608,earthquake,0101000020E6100000F163CC5D4B9C5740BE30992A18953840,4.90,medium,USGS,us6000ez3j,2021-07-26 11:33:30.783+06:30,2026-02-21 23:22:35.950507+06:30,f,,{},
1ac12356-3ec4-46c6-8b4a-6f00c9c9f842,2b8ea5e0-2af6-4ff6-b2f4-5d7e44f6089e,earthquake,0101000020E61000007B14AE47E18A57403333333333B32240,5.80,medium,EMSC,1018013,2021-08-03 10:13:55.3+06:30,2026-02-21 23:22:36.218058+06:30,f,,{},
a5fd1b65-105b-477f-9f97-29d0b0d61ff0,58a678a2-fa2f-4ce4-b023-24f521934957,earthquake,0101000020E61000005C8FC2F5288C574085EB51B81E453840,3.70,low,EMSC,1016417,2021-08-02 21:16:01+06:30,2026-02-21 23:22:36.227148+06:30,f,,{},
5d1f6926-4cba-46f0-9159-2f29e5616028,ad5e7b48-93ff-49aa-8fd6-2367abd6cdd7,earthquake,0101000020E610000052B81E85EB615740CDCCCCCCCCCC3B40,3.60,low,EMSC,1015625,2021-08-01 07:56:33+06:30,2026-02-21 23:22:36.230925+06:30,f,,{},
d7cd221d-10ec-47b0-b3e4-2b25660b4fde,9cc09291-e74e-4299-98e8-9c36374af265,earthquake,0101000020E6100000CDCCCCCCCCFC57401F85EB51B8DE3640,5.50,medium,EMSC,1014648,2021-07-29 15:09:26.8+06:30,2026-02-21 23:22:36.23431+06:30,f,,{},
ac0bab42-8a71-4d40-b9aa-59defabbdd84,9cc09291-e74e-4299-98e8-9c36374af265,earthquake,0101000020E610000016FBCBEEC9FF5740E9482EFF21DD3640,5.50,medium,USGS,us6000f051,2021-07-29 15:09:27.722+06:30,2026-02-21 23:22:36.50878+06:30,f,,{},
44ab8e94-3ae8-4437-9c90-0f72d8576667,9bc159bc-bfb9-467a-8039-403ae18033ad,earthquake,0101000020E6100000CDCCCCCCCCFC57407B14AE47E17A3640,4.70,medium,EMSC,1021686,2021-08-10 09:48:14+06:30,2026-02-21 23:22:36.774405+06:30,f,,{},
9be0bd36-150b-4dc4-973b-9ddd31c24e44,c705c2cf-90a7-459e-96b9-477355f928b5,earthquake,0101000020E610000014AE47E17A1457403333333333733440,4.20,medium,EMSC,1021744,2021-08-09 22:18:30.4+06:30,2026-02-21 23:22:36.782713+06:30,f,,{},
d0a6c5ff-aa93-411b-b75c-4ce1de9516e5,be65bab5-3fe0-4078-98a4-616f795470ce,earthquake,0101000020E61000000AD7A3703DAA57405C8FC2F5285C3540,4.50,medium,EMSC,1020487,2021-08-07 02:46:06.5+06:30,2026-02-21 23:22:36.786207+06:30,f,,{},
769c4ee7-de9b-41c4-ae37-77516b9e0cb8,f08fb450-b624-4bf8-bb1e-b7fdee81125d,earthquake,0101000020E61000009A99999999895740F6285C8FC2353740,4.40,medium,EMSC,1019749,2021-08-06 19:17:47.7+06:30,2026-02-21 23:22:36.792644+06:30,f,,{},
623ea5fd-09c3-4e23-98ad-133514da3afc,55492687-5bcf-43b5-ae5e-65064a4ff3fc,earthquake,0101000020E61000005C8FC2F528BC57400AD7A3703D0A3940,4.40,medium,EMSC,1018763,2021-08-05 04:40:01.2+06:30,2026-02-21 23:22:36.797816+06:30,f,,{},
42b1ce91-7f1f-440b-90bc-57940e8dccc5,e563c13b-6501-440c-824f-0234a06d0eeb,earthquake,0101000020E61000008FE4F21FD28757408A1F63EE5A723040,4.10,medium,USGS,us6000f8dj,2021-08-10 12:20:16.593+06:30,2026-02-21 23:22:37.415209+06:30,f,,{},
43bf2e83-2d64-4217-aed9-3974edabb777,9bc159bc-bfb9-467a-8039-403ae18033ad,earthquake,0101000020E6100000EEEBC03923FA57406ABC749318743640,4.80,medium,USGS,us6000f3rz,2021-08-10 09:48:12.096+06:30,2026-02-21 23:22:37.42536+06:30,f,,{},
4c03a348-f597-4832-a816-91772a578c06,c705c2cf-90a7-459e-96b9-477355f928b5,earthquake,0101000020E6100000CD3B4ED19114574018265305A3723440,4.20,medium,USGS,us6000f3lz,2021-08-09 22:18:30.416+06:30,2026-02-21 23:22:37.42928+06:30,f,,{},
d73d3da6-a23e-4ee8-a9e9-ff2e221f37ff,be65bab5-3fe0-4078-98a4-616f795470ce,earthquake,0101000020E610000097900F7A36AF574046B6F3FDD4683540,4.50,medium,USGS,us6000f30b,2021-08-07 02:46:07.39+06:30,2026-02-21 23:22:37.432711+06:30,f,,{},
31de72d1-9c3b-49b5-affc-2b04e60eeaca,7444c8da-3606-4c66-b490-ec63ef98f6fe,earthquake,0101000020E610000013F241CF668D5740F7E461A1D6843640,4.40,medium,USGS,us6000f5mq,2021-08-07 01:19:56.874+06:30,2026-02-21 23:22:37.436917+06:30,f,,{},
ff5cd809-129f-46be-8269-3e45f9e2b721,f08fb450-b624-4bf8-bb1e-b7fdee81125d,earthquake,0101000020E61000001B0DE02D90885740BB270F0BB5363740,4.40,medium,USGS,us6000f2sy,2021-08-06 19:17:47.624+06:30,2026-02-21 23:22:37.441772+06:30,f,,{},
def0ebff-512c-48f4-9daa-d46512ae46b7,55492687-5bcf-43b5-ae5e-65064a4ff3fc,earthquake,0101000020E61000008FC2F5285CBB5740287E8CB96B193940,4.40,medium,USGS,us6000f2a5,2021-08-05 04:40:02.477+06:30,2026-02-21 23:22:37.446191+06:30,f,,{},
7b9646d9-65b7-4f05-991c-6217e09b2233,2e3cb6c7-0fd6-49ef-8218-6cdb96840365,earthquake,0101000020E6100000713D0AD7A30059400AD7A3703DCA3940,4.30,medium,EMSC,1025081,2021-08-17 22:53:45+06:30,2026-02-21 23:22:37.733415+06:30,f,,{},
1ed37ac8-1187-4c9c-a00a-a22787920ad1,5b1002e1-3fa9-4ad2-95b2-41788c1271fc,earthquake,0101000020E61000008FC2F5285C9F57408FC2F5285C8F3840,4.90,medium,EMSC,1025062,2021-08-17 22:02:25.6+06:30,2026-02-21 23:22:37.741423+06:30,f,,{},
5a3d01f5-699e-4f46-8099-c29ec0b2004e,979c45ed-8c7b-42c7-b4cc-bd07b197feb7,earthquake,0101000020E6100000713D0AD7A3C057409A99999999992840,4.70,medium,EMSC,1023543,2021-08-15 02:20:16.9+06:30,2026-02-21 23:22:37.745338+06:30,f,,{},
a6c422d1-fd9b-4383-ba97-b20512ab40b0,2e3cb6c7-0fd6-49ef-8218-6cdb96840365,earthquake,0101000020E6100000BC96900F7AFE5840696FF085C9C43940,4.30,medium,USGS,us6000f7k5,2021-08-17 22:53:45.456+06:30,2026-02-21 23:22:38.023927+06:30,f,,{},
0aa04bed-4e15-4d37-8788-38cea3670822,5b1002e1-3fa9-4ad2-95b2-41788c1271fc,earthquake,0101000020E6100000FE43FAEDEB9C574066F7E461A1A63840,4.90,medium,USGS,us6000f7jj,2021-08-17 22:02:24.925+06:30,2026-02-21 23:22:38.032522+06:30,f,,{},
03da0b2b-0942-40da-a897-f0f1516ef906,979c45ed-8c7b-42c7-b4cc-bd07b197feb7,earthquake,0101000020E6100000DF4F8D976EC257403C4ED1915C9E2840,4.70,medium,USGS,us6000f6aw,2021-08-15 02:20:17.185+06:30,2026-02-21 23:22:38.036068+06:30,f,,{},
f0b1aee2-726c-4d0d-a835-cdaee4f68647,67d855b2-bec5-41df-89a6-51c8f7df455d,earthquake,0101000020E610000048E17A14AE175840295C8FC2F5283940,4.70,medium,EMSC,1027648,2021-08-24 08:45:10.5+06:30,2026-02-21 23:22:38.315067+06:30,f,,{},
53578464-f69b-4ad4-affa-3743458de18f,11a47a19-af53-4ce8-be6c-1e42d690ed94,earthquake,0101000020E6100000CDCCCCCCCC0C5740295C8FC2F5282540,4.70,medium,EMSC,1027348,2021-08-23 11:46:52.4+06:30,2026-02-21 23:22:38.320906+06:30,f,,{},
8d8a3172-743c-47ce-983b-4613792192cf,1a027d52-4ec0-48d1-8a5d-f191e0ed6eae,earthquake,0101000020E6100000A4703D0AD7B3574085EB51B81E453640,4.60,medium,EMSC,1027109,2021-08-22 18:52:03.1+06:30,2026-02-21 23:22:38.324922+06:30,f,,{},
6729c650-a058-4b74-9785-9b8066f27d89,67d855b2-bec5-41df-89a6-51c8f7df455d,earthquake,0101000020E61000005C2041F163105840F2D24D6210183940,4.60,medium,USGS,us7000f2vd,2021-08-24 08:45:10.282+06:30,2026-02-21 23:22:38.609324+06:30,f,,{},
b7dfabd8-4c7f-4c46-9576-7f80dcb9f77b,1a027d52-4ec0-48d1-8a5d-f191e0ed6eae,earthquake,0101000020E6100000DE718A8EE4AA5740F90FE9B7AF433640,4.60,medium,USGS,us6000f9n1,2021-08-22 18:52:03.864+06:30,2026-02-21 23:22:38.615577+06:30,f,,{},
7de8fe3e-66d1-4751-b515-ccb82b7ad1f3,26442d2e-130f-4fb7-88ba-4c152262224a,earthquake,0101000020E61000005D6DC5FEB29B574087A757CA32842540,4.10,medium,USGS,us7000f6ry,2021-08-22 14:27:01.741+06:30,2026-02-21 23:22:38.619139+06:30,f,,{},
17d2f9df-d83e-4eb3-a5a8-a25f8a90c70a,b3a2ac86-f4c6-483f-b4d4-12e1df90103b,earthquake,0101000020E610000027A089B0E1355740DD24068195232C40,4.60,medium,USGS,us7000f6a9,2021-08-20 06:57:34.875+06:30,2026-02-21 23:22:38.624281+06:30,f,,{},
4fe622e7-49a2-4001-a187-fb5e22de27be,25a923e6-1e27-4eb9-b87a-4d9481a3e36a,earthquake,0101000020E6100000000000000080574048E17A14AE472340,4.70,medium,EMSC,1029971,2021-08-31 01:24:39.1+06:30,2026-02-21 23:22:38.881746+06:30,f,,{},
bd0c2a40-4d4b-4930-8579-aab423f8ae63,6df5dbe3-d1d6-46f6-93cb-bfb1992c3450,earthquake,0101000020E6100000BADA8AFD656B5740E86A2BF6975D2440,4.60,medium,USGS,us7000f5u3,2021-08-31 01:24:41.219+06:30,2026-02-21 23:22:39.172668+06:30,f,,{},
7a0b2dd2-84a7-4a05-8e24-c2b6e014910b,a16ebaff-2e38-4d40-9d83-6e73ec1f2821,earthquake,0101000020E61000009A99999999395840FAEDEBC039E33440,4.40,medium,USGS,us7000f7gk,2021-08-25 12:36:11.507+06:30,2026-02-21 23:22:39.182567+06:30,f,,{},
8ba1a461-2a0b-45da-ab98-4a11755239ed,6c6106fa-33ec-4f78-b589-34d0fc4529d5,earthquake,0101000020E610000000000000002058403D0AD7A3707D3A40,4.50,medium,EMSC,1031753,2021-09-04 18:35:16.7+06:30,2026-02-21 23:22:39.434338+06:30,f,,{},
471b34be-d4a3-426e-b9f0-e4637433dc2a,6c6106fa-33ec-4f78-b589-34d0fc4529d5,earthquake,0101000020E61000009D11A5BDC12358406DE7FBA9F1823A40,4.50,medium,USGS,us7000f7wc,2021-09-04 18:35:15.767+06:30,2026-02-21 23:22:39.990533+06:30,f,,{},
43d5334d-0cae-4ac5-aa51-5a9b12f3c47c,cc13b68a-6d4d-414d-9433-c9006276b721,earthquake,0101000020E61000001E166A4DF3625740B515FBCBEE492B40,4.20,medium,USGS,us7000fa1b,2021-09-04 16:37:22.328+06:30,2026-02-21 23:22:39.999003+06:30,f,,{},
d98753ca-4764-4e74-ae77-8afc5c1b48f7,3c4cb87f-8d93-4ea9-bcdb-701132d76267,earthquake,0101000020E61000008BFD65F7E4795740925CFE43FA8D2440,4.20,medium,USGS,us7000f9rj,2021-09-02 09:51:59.692+06:30,2026-02-21 23:22:40.00228+06:30,f,,{},
44f6d69a-f059-47f1-addf-d1e3232ba782,d756bbb9-a132-48c0-875c-f15e8e38a0ff,earthquake,0101000020E6100000AE47E17A144E5740C3F5285C8FC22440,4.40,medium,EMSC,1035733,2021-09-15 01:17:12.4+06:30,2026-02-21 23:22:40.258227+06:30,f,,{},
e52d1bac-89bd-4248-93ba-a55c4213ceef,1c59758e-f97e-4754-9e67-45f3d875b94d,earthquake,0101000020E6100000AE47E17A14EE5740B81E85EB51B82940,4.50,medium,EMSC,1035171,2021-09-13 23:00:44.2+06:30,2026-02-21 23:22:40.266453+06:30,f,,{},
69e71a99-3aed-46f9-9a46-fffea69bf50c,6d93438a-10fa-4a1d-98d8-66751d09eace,earthquake,0101000020E61000006666666666C65740E17A14AE47E13840,3.50,low,EMSC,1034706,2021-09-13 02:06:21+06:30,2026-02-21 23:22:40.269634+06:30,f,,{},
0a28a1e0-9c92-4971-87e8-908baf43ed9b,37d44992-b239-4bf4-a3af-3161127ec43a,earthquake,0101000020E6100000AE47E17A143E57401F85EB51B81E2C40,5.20,medium,EMSC,1034125,2021-09-11 09:50:16.1+06:30,2026-02-21 23:22:40.275151+06:30,f,,{},
310a356a-6ceb-4ae5-a175-1ae3f2b677ac,c348563a-8e3a-490e-b85d-7abed7343505,earthquake,0101000020E61000006666666666765740C3F5285C8F422440,4.70,medium,EMSC,1033320,2021-09-09 09:32:24.8+06:30,2026-02-21 23:22:40.27947+06:30,f,,{},
875db84f-8142-4f46-b633-586381cb8217,d756bbb9-a132-48c0-875c-f15e8e38a0ff,earthquake,0101000020E61000007DD0B359F5515740499D8026C2E62440,4.40,medium,USGS,us7000fb56,2021-09-15 01:17:12.873+06:30,2026-02-21 23:22:40.583183+06:30,f,,{},
3088c328-47cc-4f00-a58d-8356f4bce8fd,8a4008f0-fb53-495d-bacc-0aa1ce20aa4b,earthquake,0101000020E61000006F1283C0CAB557400DE02D90A0983740,4.30,medium,USGS,us7000fcx3,2021-09-14 17:10:07.639+06:30,2026-02-21 23:22:40.592969+06:30,f,,{},
9faba16b-87e9-4b4e-9e3a-a6cf766ee673,1c59758e-f97e-4754-9e67-45f3d875b94d,earthquake,0101000020E610000091ED7C3F35EE57404A0C022B87B62940,4.50,medium,USGS,us7000fc4u,2021-09-13 23:00:44.158+06:30,2026-02-21 23:22:40.596303+06:30,f,,{},
64b2a32e-2b15-4ab5-bed9-d9f29020cebf,37d44992-b239-4bf4-a3af-3161127ec43a,earthquake,0101000020E6100000C8073D9B553F574011363CBD52362C40,5.20,medium,USGS,us7000fa7j,2021-09-11 09:50:17.235+06:30,2026-02-21 23:22:40.599428+06:30,f,,{},
e6c5793a-5d83-47a1-8955-68616861b637,86ca6053-fa0d-440e-b4fe-47379ce5874a,earthquake,0101000020E61000002DB29DEFA76E5740C4B12E6EA3A12440,4.50,medium,USGS,us7000fbhx,2021-09-09 10:22:36.295+06:30,2026-02-21 23:22:40.603568+06:30,f,,{},
8fe92d74-d418-475e-ad02-e0591553b5e0,86ca6053-fa0d-440e-b4fe-47379ce5874a,earthquake,0101000020E61000003BDF4F8D976E57402DB29DEFA7862440,4.80,medium,USGS,us7000fbia,2021-09-09 10:14:28.824+06:30,2026-02-21 23:22:40.609027+06:30,f,,{},
ab6f7388-85a9-4884-813c-7b7854d4d43c,c348563a-8e3a-490e-b85d-7abed7343505,earthquake,0101000020E61000009EEFA7C64B735740DE02098A1F432440,4.70,medium,USGS,us7000f9ji,2021-09-09 09:32:19.261+06:30,2026-02-21 23:22:40.613267+06:30,f,,{},
7340aa74-5d9b-4477-9ae6-dc3dd1dd5d46,ec7e739c-be05-48d4-aed9-400ecec5d0ce,earthquake,0101000020E61000006666666666665740A4703D0AD7A32340,4.70,medium,EMSC,1039250,2021-09-22 00:44:55.2+06:30,2026-02-21 23:22:40.867307+06:30,f,,{},
2d3e3082-607a-48c7-b2d2-1a8de0c88411,cb33093f-8973-4051-b443-f9b0e0d2fceb,earthquake,0101000020E6100000CDCCCCCCCCBC5740713D0AD7A3303940,5.10,medium,EMSC,1037808,2021-09-20 01:54:06+06:30,2026-02-21 23:22:40.874329+06:30,f,,{},
5d9e60d2-9cdb-485a-9e7d-343b0185b694,e6133329-3372-48c6-b775-c59502dfa8a2,earthquake,0101000020E610000014AE47E17AA457406666666666A63740,4.30,medium,EMSC,1036397,2021-09-16 11:19:43.2+06:30,2026-02-21 23:22:40.877695+06:30,f,,{},
fd5cb25f-b249-4bee-8599-b5de27be9a25,3a59dad1-c197-4136-82f8-c766d0f4e595,earthquake,0101000020E61000001F85EB51B84E57409A99999999593740,4.40,medium,EMSC,1036201,2021-09-15 19:59:42.3+06:30,2026-02-21 23:22:40.881083+06:30,f,,{},
ae9f7dea-3196-4e51-8995-6d0cad517b05,b7bb2df3-2d1f-4a15-9f39-4e2c715ca9f0,earthquake,0101000020E61000007B14AE47E19A57407B14AE47E1FA3740,3.70,low,EMSC,1035981,2021-09-15 09:05:14+06:30,2026-02-21 23:22:40.884079+06:30,f,,{},
8061aa45-a95a-41e3-bbce-f0ed6f5f7ea0,ec7e739c-be05-48d4-aed9-400ecec5d0ce,earthquake,0101000020E6100000780B24287E6C5740143FC6DCB5842340,4.70,medium,USGS,us7000fd7f,2021-09-22 00:44:55.22+06:30,2026-02-21 23:22:41.505215+06:30,f,,{},
19047700-0215-453d-bc03-adabeb30a8fb,cb33093f-8973-4051-b443-f9b0e0d2fceb,earthquake,0101000020E6100000CEAACFD556B8574044FAEDEBC0393940,5.00,medium,USGS,us7000fcq5,2021-09-20 01:54:04.697+06:30,2026-02-21 23:22:41.515301+06:30,f,,{},
6276a36b-5392-4729-9bd0-df33e5c1961d,e6133329-3372-48c6-b775-c59502dfa8a2,earthquake,0101000020E6100000AED85F764FA257404694F6065FA83740,4.40,medium,USGS,us7000fbps,2021-09-16 11:19:42.856+06:30,2026-02-21 23:22:41.519913+06:30,f,,{},
5df0513b-1068-4710-973f-78e02dc9b90c,3a59dad1-c197-4136-82f8-c766d0f4e595,earthquake,0101000020E6100000C442AD69DE5957402F6EA301BC753740,4.60,medium,USGS,us7000fbf3,2021-09-15 19:59:41.879+06:30,2026-02-21 23:22:41.525633+06:30,f,,{},
bd011146-1927-421f-b021-41389cdcf9a8,438daca2-8dff-49ca-b44c-a378dccc7293,earthquake,0101000020E610000014AE47E17A74574085EB51B81E053740,3.80,low,EMSC,1040821,2021-09-26 17:56:42+06:30,2026-02-21 23:22:41.78126+06:30,f,,{},
a1fc4c8f-3aec-4dc7-b2cb-427909b933f1,438daca2-8dff-49ca-b44c-a378dccc7293,earthquake,0101000020E61000009A99999999755740613255302A493740,4.20,medium,USGS,us7000fel5,2021-09-26 17:56:40.035+06:30,2026-02-21 23:22:42.409405+06:30,f,,{},
e412ac4d-b43e-46b6-8033-f852a3426fae,c6942948-7f84-4bcb-8ef5-873b534f8f5a,earthquake,0101000020E610000080B74082E25F57402B1895D409683740,4.20,medium,USGS,us6000fqhg,2021-09-26 12:58:43.349+06:30,2026-02-21 23:22:42.417832+06:30,f,,{},
7dcf2d72-8f09-4bb8-a2d3-73abcddf657d,cce09595-5173-4521-a33b-eacba9f33817,earthquake,0101000020E610000052B81E85EBC157407B14AE47E13A3940,3.80,low,EMSC,1044368,2021-10-05 14:19:50+06:30,2026-02-21 23:22:42.68376+06:30,f,,{},
0f8f16bd-e0f8-4b25-9d16-8042b82fb6b7,03c29ea3-7251-4011-ada7-a79362c1f738,earthquake,0101000020E61000005C8FC2F5286C57408FC2F5285C8F2B40,5.00,medium,EMSC,1044263,2021-10-05 07:42:16.1+06:30,2026-02-21 23:22:42.693935+06:30,f,,{},
d2178269-5522-4330-8653-494df4f16b1d,8462f5ec-492a-45b4-9706-1b8136bc1494,earthquake,0101000020E61000005C8FC2F5281C5740AE47E17A14AE3A40,3.80,low,EMSC,1043567,2021-10-03 15:40:14+06:30,2026-02-21 23:22:42.696845+06:30,f,,{},
83758e0a-03d0-4b47-ac3d-ad18fd697500,c6219e1e-a321-498d-bc84-ffa8858f2428,earthquake,0101000020E6100000295C8FC2F5185840AE47E17A14EE3840,4.10,medium,EMSC,1043402,2021-10-03 04:31:42.8+06:30,2026-02-21 23:22:42.699809+06:30,f,,{},
88a614c5-2861-41b6-80f1-3b7877ef9678,912d9ddd-e640-41fa-954c-bb0d041783dd,earthquake,0101000020E61000003333333333D35740F6285C8FC2753940,3.80,low,EMSC,1042780,2021-10-01 11:27:31+06:30,2026-02-21 23:22:42.703386+06:30,f,,{},
263cdf74-6f7e-49fd-9fe0-a05883ec0803,24f170f6-cb6b-480c-826d-d7db1ee70b18,earthquake,0101000020E6100000AE47E17A14CE5740F6285C8FC2752740,4.60,medium,EMSC,1042597,2021-09-30 19:35:36.3+06:30,2026-02-21 23:22:42.706684+06:30,f,,{},
0786546f-ebf6-4df8-9b64-310e80ac866f,d35be182-66dd-4e37-b43c-7fbdd16e7057,earthquake,0101000020E610000014AE47E17A745740AE47E17A142E3840,3.50,low,EMSC,1042318,2021-09-30 03:34:47+06:30,2026-02-21 23:22:42.710474+06:30,f,,{},
57c21bc5-e7d0-45a0-90c5-7497027b2dcd,03c29ea3-7251-4011-ada7-a79362c1f738,earthquake,0101000020E6100000D95F764F1E6E57406688635DDC862B40,4.90,medium,USGS,us6000frr8,2021-10-05 07:42:16.228+06:30,2026-02-21 23:22:42.98148+06:30,f,,{},
0666fbdb-4b9c-4029-897d-4d6523af021a,c6219e1e-a321-498d-bc84-ffa8858f2428,earthquake,0101000020E6100000304CA60A4619584004560E2DB2ED3840,4.20,medium,USGS,us6000fr6v,2021-10-03 04:31:42.717+06:30,2026-02-21 23:22:42.990886+06:30,f,,{},
cfdfe92e-8fe4-4f3b-b932-50ee37815c4a,912d9ddd-e640-41fa-954c-bb0d041783dd,earthquake,0101000020E61000008195438B6CD35740D95F764F1E763940,4.40,medium,USGS,us6000fqnb,2021-10-01 11:27:33.206+06:30,2026-02-21 23:22:42.995138+06:30,f,,{},
b46be913-6439-468d-b17f-d835070b649f,24f170f6-cb6b-480c-826d-d7db1ee70b18,earthquake,0101000020E6100000105839B4C8D25740E3361AC05B802740,4.40,medium,USGS,us6000fqf0,2021-09-30 19:35:36.409+06:30,2026-02-21 23:22:42.998409+06:30,f,,{},
b9e78768-7136-4165-9a30-cee4eff14505,2b132c20-1991-4f0c-8e49-1bb39b6c0452,earthquake,0101000020E61000009A9999999929584052B81E85EBD12D40,4.80,medium,EMSC,1046898,2021-10-11 12:02:54+06:30,2026-02-21 23:22:43.31467+06:30,f,,{},
303a517f-ceb4-44c0-af48-5f4ed03f701e,9403b149-1bdb-4a72-a104-b500e483296a,earthquake,0101000020E610000014AE47E17A34584085EB51B81E052D40,3.70,low,EMSC,1046886,2021-10-11 10:58:32+06:30,2026-02-21 23:22:43.325206+06:30,f,,{},
ea18dfb6-44a7-4028-806c-a47138c822a0,876274ba-b85c-42cb-8dd5-61f251dd760b,earthquake,0101000020E610000048E17A14AE3757406666666666663B40,3.60,low,EMSC,1045762,2021-10-09 02:24:33+06:30,2026-02-21 23:22:43.329452+06:30,f,,{},
4363e662-bd30-41cc-8c92-ba93d60c72ed,c256fa60-9a55-4167-a372-05ecc9e66095,earthquake,0101000020E61000003333333333B3574014AE47E17A543640,5.50,medium,EMSC,1045346,2021-10-08 00:58:04.3+06:30,2026-02-21 23:22:43.33482+06:30,f,,{},
5b905cef-ae8f-4504-836e-e660f60bea94,6c6b92ef-b3a8-407b-a5b0-6d1dc84a8ef3,earthquake,0101000020E610000045D8F0F44A9158406ABC749318042E40,4.30,medium,USGS,us6000fuw8,2021-10-11 12:03:04.743+06:30,2026-02-21 23:22:43.890041+06:30,f,,{},
5f2e7f9c-4618-4469-b50f-302518c3f1fd,c256fa60-9a55-4167-a372-05ecc9e66095,earthquake,0101000020E6100000371AC05B20B1574039454772F94F3640,5.50,medium,USGS,us6000fsrg,2021-10-08 00:58:03.669+06:30,2026-02-21 23:22:43.896026+06:30,f,,{},
778b7252-1034-41b7-bbb1-7a7433694797,3eb0d943-5b83-4f7d-b03f-6a310670bf46,earthquake,0101000020E6100000C3F5285C8F32574048E17A14AE873640,4.80,medium,EMSC,1051871,2021-10-19 07:14:09.2+06:30,2026-02-21 23:22:44.163356+06:30,f,,{},
8ded5ab9-9929-4e07-b057-c26c284d2fe3,c5b77752-005e-4f23-bfa8-147ee1801859,earthquake,0101000020E6100000295C8FC2F5E858403D0AD7A370BD3340,3.50,low,EMSC,1049810,2021-10-18 15:30:20+06:30,2026-02-21 23:22:44.176056+06:30,f,,{},
0f459608-2228-4c7f-8689-4c29581eef85,8c3172f0-c3fb-4b2c-b891-2f52c8a40c7e,earthquake,0101000020E6100000333333333313584085EB51B81EC53A40,3.80,low,EMSC,1049183,2021-10-17 02:35:50+06:30,2026-02-21 23:22:44.182672+06:30,f,,{},
ad490440-fb47-4aee-9cf9-0d5fbdb9fae7,174f5c35-ec29-4211-ae5b-12f3829a2416,earthquake,0101000020E6100000666666666676574052B81E85EB513840,4.00,medium,EMSC,1048876,2021-10-16 08:16:25.2+06:30,2026-02-21 23:22:44.186915+06:30,f,,{},
9f547f10-0bc5-46b2-9f58-0d20481aa356,3eb0d943-5b83-4f7d-b03f-6a310670bf46,earthquake,0101000020E6100000ED0DBE3099325740D881734694863640,4.80,medium,USGS,us6000fwrl,2021-10-19 07:14:09.237+06:30,2026-02-21 23:22:44.467278+06:30,f,,{},
fe91047e-300b-448b-ac3a-0467c41c2429,174f5c35-ec29-4211-ae5b-12f3829a2416,earthquake,0101000020E610000003780B2428765740C58F31772D513840,4.00,medium,USGS,us6000fw6m,2021-10-16 08:16:25.233+06:30,2026-02-21 23:22:44.476373+06:30,f,,{},
6946dca1-308e-477c-8b3f-88c5eef8f481,b91c9ff2-59a2-4f01-8375-8880032db24e,earthquake,0101000020E6100000713D0AD7A3D057400AD7A3703D4A3C40,3.60,low,EMSC,1052687,2021-10-25 01:45:58+06:30,2026-02-21 23:22:44.745007+06:30,f,,{},
16d568fe-c8fa-437f-a304-2ffbdd688ac0,1b13d879-934a-4323-b834-c581a7c8f901,earthquake,0101000020E6100000EC51B81E851B5740E17A14AE47213A40,3.70,low,EMSC,1052006,2021-10-23 20:34:52+06:30,2026-02-21 23:22:44.755092+06:30,f,,{},
76e04004-c595-49d4-b60f-c1a0c9422d59,676e18ca-5e01-46cc-8493-a3630e0db4a9,earthquake,0101000020E6100000AC1C5A643B1F57409C33A2B437D82940,4.30,medium,USGS,us7000fprf,2021-10-24 12:18:39.663+06:30,2026-02-21 23:22:45.029774+06:30,f,,{},
379aca44-069f-42a5-94ac-1ca55f8e3972,c02b09ac-39e7-4d69-8610-877785a700eb,earthquake,0101000020E6100000A4703D0AD7335840E17A14AE47A13A40,4.90,medium,EMSC,1057143,2021-11-02 19:59:31.4+06:30,2026-02-21 23:22:45.317078+06:30,f,,{},
638fbbd6-1304-4e3b-bfab-b7580e9796be,f882d9bd-ad1d-4feb-b8d2-892cff41b226,earthquake,0101000020E610000085EB51B81EC5574085EB51B81EC53840,3.60,low,EMSC,1057133,2021-11-02 19:15:57+06:30,2026-02-21 23:22:45.325432+06:30,f,,{},
6a023ed9-03cb-4a60-a5fd-589ac1569ea5,c02b09ac-39e7-4d69-8610-877785a700eb,earthquake,0101000020E61000007AA52C431C335840DA1B7C6132A53A40,4.80,medium,USGS,us7000fqu2,2021-11-02 19:59:31.927+06:30,2026-02-21 23:22:45.884639+06:30,f,,{},
e2aac544-da1a-4522-ac9a-dfb7f381a99b,a894dc2a-d95b-4b0f-bd91-4816f3dd9d46,earthquake,0101000020E61000003333333333B357400AD7A3703D4A3940,4.30,medium,EMSC,1059779,2021-11-09 10:47:23.2+06:30,2026-02-21 23:22:46.154968+06:30,f,,{},
4224731b-bb81-44f7-a4d4-82dcf8fc1549,94ea65d4-20a4-4b4b-999b-9053dc3bd70f,earthquake,0101000020E6100000CDCCCCCCCCCC57403D0AD7A370BD3840,4.50,medium,EMSC,1059316,2021-11-08 08:48:33.1+06:30,2026-02-21 23:22:46.160735+06:30,f,,{},
0ed00834-39f9-4c58-8b17-25beaf02744b,08e84612-026c-441f-b9c9-52ce49c50f04,earthquake,0101000020E61000000000000000605740CDCCCCCCCCCC2340,4.80,medium,EMSC,1059275,2021-11-08 06:28:25.8+06:30,2026-02-21 23:22:46.164241+06:30,f,,{},
0b92fa61-0ef4-438b-afd2-d8ce6e96b7f8,764e26ed-2943-43c9-acff-8706ad425efd,earthquake,0101000020E610000085EB51B81EB55740B81E85EB51383840,4.40,medium,EMSC,1058795,2021-11-06 19:39:16.5+06:30,2026-02-21 23:22:46.167347+06:30,f,,{},
293a9160-3b04-4ae0-8d99-6237fb85433e,b6b9c246-9fcd-4011-9c24-579621a88704,earthquake,0101000020E61000005C8FC2F5281C5740D7A3703D0A973A40,3.70,low,EMSC,1057968,2021-11-04 11:19:08+06:30,2026-02-21 23:22:46.17111+06:30,f,,{},
cc4d400b-3c8a-4125-89ce-3306b1adc433,a69a6c39-c6e9-4e0d-b380-de578933f836,earthquake,0101000020E6100000000000000080574085EB51B81E053840,3.50,low,EMSC,1057861,2021-11-04 07:00:55+06:30,2026-02-21 23:22:46.175937+06:30,f,,{},
a6ccdd35-d46c-47ff-bd03-3967db0fb278,a894dc2a-d95b-4b0f-bd91-4816f3dd9d46,earthquake,0101000020E61000003FC6DCB584BC5740A913D044D8603940,4.20,medium,USGS,us7000fsk5,2021-11-09 10:47:23.043+06:30,2026-02-21 23:22:46.754795+06:30,f,,{},
adf6b833-32c0-435a-bf5a-3b7445c31ce8,94ea65d4-20a4-4b4b-999b-9053dc3bd70f,earthquake,0101000020E610000034A2B437F8CA574014D044D8F0B43840,4.50,medium,USGS,us7000fsb1,2021-11-08 08:48:33.714+06:30,2026-02-21 23:22:46.760689+06:30,f,,{},
83ddc3e0-e109-4803-a212-ef99d0147359,08e84612-026c-441f-b9c9-52ce49c50f04,earthquake,0101000020E6100000C976BE9F1A6B5740098A1F63EEBA2340,4.90,medium,USGS,us7000fsah,2021-11-08 06:28:24.676+06:30,2026-02-21 23:22:46.764308+06:30,f,,{},
3e35e6f9-6bcc-476a-83b8-e0e6fd9d2891,764e26ed-2943-43c9-acff-8706ad425efd,earthquake,0101000020E61000002F6EA301BCB157407FFB3A70CE283840,4.30,medium,USGS,us7000fs01,2021-11-06 19:39:16.435+06:30,2026-02-21 23:22:46.767631+06:30,f,,{},
af21d3bf-0279-462c-8194-9b51a85e4a61,b6b9c246-9fcd-4011-9c24-579621a88704,earthquake,0101000020E6100000304CA60A46255740B22E6EA301CC3A40,4.40,medium,USGS,us7000fsqj,2021-11-04 11:19:04.009+06:30,2026-02-21 23:22:46.770865+06:30,f,,{},
bc3034b0-08d2-4179-9ae0-96b5703c4abb,4c83ed18-2e19-4ad2-8f4d-4f6cf12374a8,earthquake,0101000020E6100000713D0AD7A3405740EC51B81E85EB2F40,4.80,medium,EMSC,1062207,2021-11-14 17:00:11.4+06:30,2026-02-21 23:22:47.046101+06:30,f,,{},
ba54a466-5457-4ab5-b59d-9c5d7dd6da5b,dbc232d7-7d21-441a-b5f7-3305221b3aea,earthquake,0101000020E6100000D7A3703D0A275840295C8FC2F5683940,4.30,medium,EMSC,1061496,2021-11-13 00:18:17.3+06:30,2026-02-21 23:22:47.054369+06:30,f,,{},
56d794f5-9427-4743-9bb1-2fc3bc4c60ca,499776fb-2016-47e0-acf9-868a44caf4b7,earthquake,0101000020E6100000713D0AD7A31058400AD7A3703DCA3A40,4.40,medium,EMSC,1060303,2021-11-10 12:43:59+06:30,2026-02-21 23:22:47.057855+06:30,f,,{},
1dbf0de7-0efa-40f4-969c-534614abdfb5,4c83ed18-2e19-4ad2-8f4d-4f6cf12374a8,earthquake,0101000020E61000008638D6C56D4057408B6CE7FBA9D12F40,4.80,medium,USGS,us7000fu0p,2021-11-14 17:00:11.352+06:30,2026-02-21 23:22:47.332436+06:30,f,,{},
88be3792-55e2-4f05-9fee-8280d85ab9a8,dbc232d7-7d21-441a-b5f7-3305221b3aea,earthquake,0101000020E610000005A3923A012958403F575BB1BF6C3940,4.30,medium,USGS,us7000ftmh,2021-11-13 00:18:17.033+06:30,2026-02-21 23:22:47.342461+06:30,f,,{},
7506eb50-363e-4e40-a42d-8378c8a224b0,4f7676ce-f007-4e5c-a394-5c1ecbe443a0,earthquake,0101000020E61000000AD7A3703DCA57409A99999999993840,4.50,medium,EMSC,1064700,2021-11-20 17:42:18.6+06:30,2026-02-21 23:22:47.604562+06:30,f,,{},
74cd8924-4ddc-4aea-aeb2-c60d3978e87d,d2296412-2277-43eb-8a0f-daf3ece90074,earthquake,0101000020E6100000295C8FC2F5585740B81E85EB51B83640,3.70,low,EMSC,1063570,2021-11-17 21:34:55+06:30,2026-02-21 23:22:47.613142+06:30,f,,{},
fec841a3-9db3-49a4-bcdd-fd6a5a9eaf42,4f7676ce-f007-4e5c-a394-5c1ecbe443a0,earthquake,0101000020E61000008126C286A7C75740508D976E12A33840,4.60,medium,USGS,us7000fvq9,2021-11-20 17:42:18.811+06:30,2026-02-21 23:22:48.186691+06:30,f,,{},
3aa451f6-b4ff-479c-b9f8-1eb9988e97ac,c69961af-b8ae-4727-bdc4-1bf0ecb060bd,earthquake,0101000020E610000085EB51B81E85574048E17A14AE873440,4.40,medium,EMSC,1068014,2021-11-30 03:52:06.7+06:30,2026-02-21 23:22:48.458421+06:30,f,,{},
28bcfe68-affc-48a4-bb7d-3cd774a06f44,cffdbad7-f927-4c6d-8f50-c59fcbb39da2,earthquake,0101000020E6100000CDCCCCCCCC5C57408FC2F5285CCF3640,4.40,medium,EMSC,1067836,2021-11-29 19:54:26.6+06:30,2026-02-21 23:22:48.463959+06:30,f,,{},
502922bc-1f37-4e8d-bc91-6fb6f81cbe9d,84a67aa5-2bcd-4ebd-97f7-d0456c09f644,earthquake,0101000020E61000005C8FC2F528AC57403333333333333840,4.50,medium,EMSC,1067484,2021-11-28 23:51:22.2+06:30,2026-02-21 23:22:48.466965+06:30,f,,{},
e8c1f987-5bd6-47ab-8317-842d2bbb35d9,7347c207-1afb-431d-84de-7fc30b65ba69,earthquake,0101000020E6100000713D0AD7A32058403D0AD7A370FD3A40,4.30,medium,EMSC,1067479,2021-11-28 23:32:21+06:30,2026-02-21 23:22:48.47008+06:30,f,,{},
add6a3ab-7392-48ba-8d06-ce5db345749f,905f66fa-e9e7-4639-96b3-f4e2968d69ee,earthquake,0101000020E610000014AE47E17A845740CDCCCCCCCC8C3740,4.30,medium,EMSC,1067217,2021-11-28 08:48:54.7+06:30,2026-02-21 23:22:48.474661+06:30,f,,{},
e2d4a85c-2c76-4789-ac7b-7ae55cb157c5,82b4adde-add1-46dd-b1e1-f64f078e7d08,earthquake,0101000020E61000008FC2F5285C0F584048E17A14AE073B40,4.60,medium,EMSC,1067186,2021-11-28 08:02:50.2+06:30,2026-02-21 23:22:48.479826+06:30,f,,{},
1d41e745-eff0-4cec-ad16-c4408d3351c1,37cc1e11-fee6-4e66-b885-e39c816c6528,earthquake,0101000020E6100000B81E85EB5158574085EB51B81EC53640,3.60,low,EMSC,1067141,2021-11-28 03:50:28+06:30,2026-02-21 23:22:48.484771+06:30,f,,{},
08bf7226-48e3-4d55-afc7-24c623351909,31655a37-bc58-499f-9dd9-aabbae0b3894,earthquake,0101000020E6100000A4703D0AD7535740CDCCCCCCCCCC3640,4.20,medium,EMSC,1066974,2021-11-27 16:17:16+06:30,2026-02-21 23:22:48.490141+06:30,f,,{},
dca0dba9-f957-4d17-be9b-c94938ea48dd,4f9be426-ef42-4a41-ac73-c5afa36a7ca2,earthquake,0101000020E610000014AE47E17A645740CDCCCCCCCCCC3640,6.20,high,EMSC,1066490,2021-11-26 06:15:40.7+06:30,2026-02-21 23:22:48.493582+06:30,f,,{},
6d786b2e-9339-49a1-a640-aad45863cfbd,c69961af-b8ae-4727-bdc4-1bf0ecb060bd,earthquake,0101000020E6100000C66D3480B7845740D1915CFE438A3440,4.20,medium,USGS,us6000g7qn,2021-11-30 03:52:06.678+06:30,2026-02-21 23:22:48.794003+06:30,f,,{},
7c9063a1-175c-4ca2-860f-25666e652247,cffdbad7-f927-4c6d-8f50-c59fcbb39da2,earthquake,0101000020E6100000B7D100DE025D57400000000000D03640,4.40,medium,USGS,us6000g8r2,2021-11-29 19:54:26.617+06:30,2026-02-21 23:22:48.802828+06:30,f,,{},
c9557ad4-3d26-45a3-bb0d-6a7511449dd0,84a67aa5-2bcd-4ebd-97f7-d0456c09f644,earthquake,0101000020E61000001AC05B2041A557405F29CB10C73A3840,4.40,medium,USGS,us7000fxsg,2021-11-28 23:51:20.764+06:30,2026-02-21 23:22:48.807478+06:30,f,,{},
7b37762b-6288-433e-a982-e03eeac83d8b,7347c207-1afb-431d-84de-7fc30b65ba69,earthquake,0101000020E6100000F5B9DA8AFD215840454772F90F093B40,4.40,medium,USGS,us7000fxsb,2021-11-28 23:32:20.837+06:30,2026-02-21 23:22:48.810777+06:30,f,,{},
b8586d87-d301-471a-95a7-0ba60d3c7aba,905f66fa-e9e7-4639-96b3-f4e2968d69ee,earthquake,0101000020E61000002AA913D04484574076E09C11A58D3740,4.30,medium,USGS,us6000g8ge,2021-11-28 08:48:54.724+06:30,2026-02-21 23:22:48.814604+06:30,f,,{},
f895c48a-eed0-44ad-84c1-6d05ea127ec9,82b4adde-add1-46dd-b1e1-f64f078e7d08,earthquake,0101000020E61000008FC2F5285C1358407C613255300A3B40,4.60,medium,USGS,us7000fxlf,2021-11-28 08:02:51.01+06:30,2026-02-21 23:22:48.819131+06:30,f,,{},
0929a110-5a96-4ccb-91ec-0e43e956b357,31655a37-bc58-499f-9dd9-aabbae0b3894,earthquake,0101000020E610000024B9FC87F45B57407CF2B0506BDA3640,4.40,medium,USGS,us6000g8ew,2021-11-27 16:17:16.62+06:30,2026-02-21 23:22:48.82457+06:30,f,,{},
7fa93e02-c4ef-44f5-b054-328dd127b40d,4f9be426-ef42-4a41-ac73-c5afa36a7ca2,earthquake,0101000020E61000005C2041F1636057403411363CBDD23640,6.20,high,USGS,us7000fx45,2021-11-26 06:15:41.752+06:30,2026-02-21 23:22:48.827975+06:30,f,,{},
7e9e6a94-6c59-44f1-8917-3c1b5d838f3e,99329c0b-e62b-4ba0-9e0d-05b9dac948ba,earthquake,0101000020E610000085EB51B81E05584014AE47E17A543740,5.00,medium,EMSC,1071155,2021-12-06 06:55:39+06:30,2026-02-21 23:22:49.112794+06:30,f,,{},
6db108db-c187-4953-b719-846f772ac72a,aa6276dd-acb5-4359-93a5-8cfed612b9e5,earthquake,0101000020E6100000EC51B81E851B5740D7A3703D0AD72B40,4.30,medium,EMSC,1075363,2021-12-05 20:09:30.5+06:30,2026-02-21 23:22:49.122157+06:30,f,,{},
7421f089-fb4b-44fb-adcc-8f1a4b47c5f6,99329c0b-e62b-4ba0-9e0d-05b9dac948ba,earthquake,0101000020E610000034A2B437F806584054742497FF703740,5.00,medium,USGS,us6000g9d4,2021-12-06 06:55:39.792+06:30,2026-02-21 23:22:49.439984+06:30,f,,{},
70f89289-7c31-4adf-86be-95e7e1ad5c3f,aa6276dd-acb5-4359-93a5-8cfed612b9e5,earthquake,0101000020E6100000C139234A7B1B5740B9FC87F4DBD72B40,4.30,medium,USGS,us6000gawq,2021-12-05 20:09:30.45+06:30,2026-02-21 23:22:49.445383+06:30,f,,{},
15bf6009-0726-40ef-adf1-3370940c6a1f,acd002d7-bf90-4fb8-b8ba-f02a1462505b,earthquake,0101000020E6100000F6285C8FC2655740CDCCCCCCCC4C3840,3.70,low,EMSC,1076352,2021-12-13 09:02:52+06:30,2026-02-21 23:22:49.705034+06:30,f,,{},
c1013960-9116-4199-bd9d-9ddfe0ba067b,92748daf-4a47-4bf6-a6a6-b6d535341872,earthquake,0101000020E610000052B81E85EBB157403333333333B33740,4.50,medium,EMSC,1076166,2021-12-12 18:38:24.1+06:30,2026-02-21 23:22:49.713655+06:30,f,,{},
480b8f12-4c5e-4b52-8231-feef7ead528d,a22f7e12-a24d-4376-8301-114a123ec5b1,earthquake,0101000020E6100000F6285C8FC2255740C3F5285C8F023840,3.70,low,EMSC,1075645,2021-12-11 01:49:57+06:30,2026-02-21 23:22:49.716738+06:30,f,,{},
ffc0b0d8-753c-4ef0-9ac5-bf0dfa80ff61,6f4e289d-cab9-440a-8df2-b1ed4136fc29,earthquake,0101000020E610000052B81E85EBE15740E17A14AE47A13940,4.30,medium,EMSC,1075462,2021-12-10 10:44:52.8+06:30,2026-02-21 23:22:49.719962+06:30,f,,{},
92dad57a-7420-48de-bcd9-e3a21fbb3f88,92748daf-4a47-4bf6-a6a6-b6d535341872,earthquake,0101000020E610000016FBCBEEC9AF574099BB96900FAA3740,4.50,medium,USGS,us6000gbmv,2021-12-12 18:38:25.375+06:30,2026-02-21 23:22:49.998815+06:30,f,,{},
c97f380a-eda0-4459-a647-20ee8ee9bec1,6f4e289d-cab9-440a-8df2-b1ed4136fc29,earthquake,0101000020E6100000933A014D84DD574019E25817B7813940,4.20,medium,USGS,us6000gb2m,2021-12-10 10:44:54.431+06:30,2026-02-21 23:22:50.005664+06:30,f,,{},
ce15b7e6-59e2-4a0a-91aa-9c6f9197ef6e,264db768-bb59-4c27-8991-6836a52830b2,earthquake,0101000020E6100000E17A14AE47B1584048E17A14AE873440,3.50,low,EMSC,1079779,2021-12-22 04:56:38+06:30,2026-02-21 23:22:50.302161+06:30,f,,{},
e832dfcd-1e2f-4f67-95cb-4777cb8e8c02,329733dd-9bd5-447c-8270-6e13e4afb643,earthquake,0101000020E61000005C8FC2F5287C574085EB51B81E852440,4.90,medium,EMSC,1079752,2021-12-22 03:38:36.2+06:30,2026-02-21 23:22:50.310623+06:30,f,,{},
3792d050-4858-419d-abcd-45a69322289e,e44c07cd-2d5e-4fd6-b406-eb00cf5d091a,earthquake,0101000020E61000000000000000405840CDCCCCCCCC8C3B40,4.60,medium,EMSC,1079508,2021-12-21 11:34:14.7+06:30,2026-02-21 23:22:50.314632+06:30,f,,{},
465e2911-0cd1-48f2-bc0d-686de285d9ef,3a956789-322f-42f1-8350-65f0d0bc50e8,earthquake,0101000020E610000014AE47E17A345740CDCCCCCCCC4C2B40,5.00,medium,EMSC,1078784,2021-12-19 09:49:45.2+06:30,2026-02-21 23:22:50.317404+06:30,f,,{},
2e66645b-fc11-4a01-8e73-1c785c003938,632b14cd-2f0b-40b7-9195-b42a600f43b5,earthquake,0101000020E61000006666666666765740AE47E17A142E3740,4.50,medium,EMSC,1078001,2021-12-17 02:43:19.8+06:30,2026-02-21 23:22:50.320316+06:30,f,,{},
0bcc2dcb-4228-4ed3-a3a2-d5b9e52666fe,329733dd-9bd5-447c-8270-6e13e4afb643,earthquake,0101000020E6100000DFE00B93A9825740B7627FD93D992440,5.00,medium,USGS,us6000ge9v,2021-12-22 03:38:33.831+06:30,2026-02-21 23:22:50.651947+06:30,f,,{},
2286ff4f-f2eb-435d-b2fc-b9fb576c9707,e44c07cd-2d5e-4fd6-b406-eb00cf5d091a,earthquake,0101000020E6100000EC2FBB270F3F58405B423EE8D9AC3B40,4.50,medium,USGS,us6000ge34,2021-12-21 11:34:14.782+06:30,2026-02-21 23:22:50.660807+06:30,f,,{},
6959e128-dbb2-4689-bcc7-7301087dc245,3a956789-322f-42f1-8350-65f0d0bc50e8,earthquake,0101000020E61000008716D9CEF72F574029CB10C7BA782B40,5.10,medium,USGS,us6000gdim,2021-12-19 09:49:46.151+06:30,2026-02-21 23:22:50.66451+06:30,f,,{},
e1fa3b1d-fb87-407b-a80a-34469dd6923a,632b14cd-2f0b-40b7-9195-b42a600f43b5,earthquake,0101000020E61000005C8FC2F528785740A60A462575223740,4.50,medium,USGS,us6000gcwh,2021-12-17 02:43:20.741+06:30,2026-02-21 23:22:50.667773+06:30,f,,{},
9ad2f47b-0620-46a4-bd17-e6c13440ff91,e139b93b-6a4c-4606-b0f0-e088d7d43d40,earthquake,0101000020E610000085EB51B81E855740EC51B81E85EB3640,4.70,medium,EMSC,1081728,2021-12-28 02:43:13.8+06:30,2026-02-21 23:22:50.928046+06:30,f,,{},
e8f86584-becc-4909-b4bb-fecdc3829fd2,927da158-9af2-4959-8fe3-b3ea46d6f270,earthquake,0101000020E61000001F85EB51B85E574052B81E85EB113940,3.50,low,EMSC,1081117,2021-12-26 03:43:16+06:30,2026-02-21 23:22:50.937219+06:30,f,,{},
c5d76f22-7062-4084-84c7-040aedf96d62,a4a71e5b-390f-446c-8b32-b4d5df013d35,earthquake,0101000020E6100000E17A14AE471158403D0AD7A3707D3240,4.20,medium,EMSC,1080706,2021-12-24 19:17:29.7+06:30,2026-02-21 23:22:50.94112+06:30,f,,{},
e1dfada3-7b01-4000-829c-99dd23eed4a8,235a5b6c-7195-464c-b3a7-aed2e82ebdeb,earthquake,0101000020E61000003D0AD7A3700D574085EB51B81E853A40,3.60,low,EMSC,1080684,2021-12-24 17:35:38+06:30,2026-02-21 23:22:50.9453+06:30,f,,{},
62c464c2-8d13-4ff3-9848-c9f401dc3ccb,e139b93b-6a4c-4606-b0f0-e088d7d43d40,earthquake,0101000020E6100000D8817346948A5740744694F606EF3640,4.70,medium,USGS,us6000gfp6,2021-12-28 02:43:18.353+06:30,2026-02-21 23:22:51.226154+06:30,f,,{},
3b459249-d81c-46b0-b05c-f1a8ef459163,a4a71e5b-390f-446c-8b32-b4d5df013d35,earthquake,0101000020E610000005C58F317711584097900F7A367B3240,4.20,medium,USGS,us6000gf1u,2021-12-24 19:17:30.331+06:30,2026-02-21 23:22:51.233603+06:30,f,,{},
13c68d65-9c03-4068-955a-cfaecd4e0dee,d4cf925b-de86-4c68-a55d-be7837529a8d,earthquake,0101000020E61000009A99999999695740295C8FC2F5A82740,4.50,medium,EMSC,1083892,2022-01-04 21:32:41.2+06:30,2026-02-21 23:22:51.492584+06:30,f,,{},
e9da369b-8a17-4801-9f63-6f83eff21c9b,07800034-cafa-4255-8c47-70ac12a6cbcb,earthquake,0101000020E61000006666666666C657400000000000C03840,3.70,low,EMSC,1083247,2022-01-02 18:53:06+06:30,2026-02-21 23:22:51.501599+06:30,f,,{},
696d8fd9-cf49-4263-b367-3961d4c0a2d4,be06c441-8c7f-4616-8c63-105ed80e31a5,earthquake,0101000020E6100000713D0AD7A330594052B81E85EBD13B40,5.40,medium,EMSC,1083189,2022-01-02 13:32:11.9+06:30,2026-02-21 23:22:51.506119+06:30,f,,{},
a85866c5-3bd6-49f7-b3a1-cafbf3cb7ed3,b7e11e5b-6580-4f17-8489-dbc0b009cfb1,earthquake,0101000020E6100000CDCCCCCCCC5C57409A99999999992340,5.00,medium,EMSC,1082051,2021-12-29 06:31:00.6+06:30,2026-02-21 23:22:51.509746+06:30,f,,{},
46895220-f533-431e-9bbf-5defbbc77114,d4cf925b-de86-4c68-a55d-be7837529a8d,earthquake,0101000020E6100000C286A757CA6657408D28ED0DBED02740,4.60,medium,USGS,us7000g8xx,2022-01-04 21:32:42.007+06:30,2026-02-21 23:22:52.130375+06:30,f,,{},
bf91b071-372a-4634-ace7-4185ddb1e78b,7eaa0ae9-39bd-4128-a434-eeceb5ab014c,earthquake,0101000020E6100000933A014D84415740BF7D1D3867242A40,4.70,medium,USGS,us7000gbng,2022-01-04 07:44:27.164+06:30,2026-02-21 23:22:52.136632+06:30,f,,{},
c33dbe38-f757-4a2e-a0c3-53dd106d4b21,be06c441-8c7f-4616-8c63-105ed80e31a5,earthquake,0101000020E610000004E78C28ED2D59403F575BB1BFCC3B40,5.40,medium,USGS,us7000g8fk,2022-01-02 13:32:13.733+06:30,2026-02-21 23:22:52.140774+06:30,f,,{},
1e4bc08d-8dcf-469a-949f-4715b5332b0b,b7e11e5b-6580-4f17-8489-dbc0b009cfb1,earthquake,0101000020E61000006B2BF697DD5B57404694F6065FB82340,5.00,medium,USGS,us6000gfza,2021-12-29 06:31:00.663+06:30,2026-02-21 23:22:52.14489+06:30,f,,{},
96b52348-c330-4fed-8100-13b4a725cba8,540a8fe6-2343-44ba-b6e0-3f903ef2316b,earthquake,0101000020E61000001F85EB51B84E57400AD7A3703D0A2640,4.30,medium,EMSC,1084940,2022-01-08 12:12:01.4+06:30,2026-02-21 23:22:52.404582+06:30,f,,{},
49a732a6-d314-4cba-ae32-e46ac2b15642,f48b4000-4efe-4f0c-9f14-919eb8450ea9,earthquake,0101000020E61000006666666666265940E17A14AE47E13B40,4.70,medium,EMSC,1084138,2022-01-05 16:22:51.8+06:30,2026-02-21 23:22:52.41513+06:30,f,,{},
1cf3fde7-0ef1-4a1e-9bde-1791ea0c07ec,540a8fe6-2343-44ba-b6e0-3f903ef2316b,earthquake,0101000020E61000007CF2B0506B4E5740FB5C6DC5FE122640,4.30,medium,USGS,us7000ga4l,2022-01-08 12:12:01.889+06:30,2026-02-21 23:22:52.965648+06:30,f,,{},
40e46be8-823e-494d-abfb-bb4a6b5e724f,f48b4000-4efe-4f0c-9f14-919eb8450ea9,earthquake,0101000020E61000004BC8073D9B255940984C158C4ADA3B40,4.70,medium,USGS,us7000g97u,2022-01-05 16:22:52.015+06:30,2026-02-21 23:22:52.974963+06:30,f,,{},
d4af871e-0635-49a1-9ac6-3b0ed3e4da7e,fe9cf91e-562b-455f-869f-3ae90e5656dd,earthquake,0101000020E61000009A99999999D95740EC51B81E85EB3940,3.90,low,EMSC,1088127,2022-01-18 12:05:56+06:30,2026-02-21 23:22:53.235759+06:30,f,,{},
354885de-8239-46bc-aa66-bd49e01d478a,65464a61-d04e-4746-833d-57bf67c928d0,earthquake,0101000020E6100000AE47E17A145E57407B14AE47E1FA3740,4.50,medium,EMSC,1088089,2022-01-18 08:52:14.1+06:30,2026-02-21 23:22:53.245271+06:30,f,,{},
1cb03527-3db6-4c93-9707-7f380861e749,ce95482c-43ce-4e45-890f-40b127ac3c07,earthquake,0101000020E61000009A99999999795740295C8FC2F5283940,3.80,low,EMSC,1087718,2022-01-17 03:39:25+06:30,2026-02-21 23:22:53.249845+06:30,f,,{},
3320a674-e163-4e79-916f-c4ae4ecf3b40,a94b3549-9237-48d8-bd51-98376c2d817c,earthquake,0101000020E6100000AE47E17A142E57403333333333B33840,3.50,low,EMSC,1087712,2022-01-17 03:11:03+06:30,2026-02-21 23:22:53.25466+06:30,f,,{},
8127f5d7-488e-4c39-9347-12a89a54b6bc,baae036e-4498-4dbc-a820-0e66c25a1d34,earthquake,0101000020E6100000B81E85EB51A857409A99999999993740,3.60,low,EMSC,1087553,2022-01-16 14:23:31+06:30,2026-02-21 23:22:53.258931+06:30,f,,{},
4e859b8e-97bd-4621-9dee-87a1e8f18cdf,a013e3bd-5328-4534-8aad-52c2118b1dd9,earthquake,0101000020E6100000A4703D0AD7A357407B14AE47E13A3840,4.10,medium,EMSC,1086923,2022-01-14 14:59:06.2+06:30,2026-02-21 23:22:53.264131+06:30,f,,{},
79e385ce-1ad1-4b98-8ffa-41eef89aa7d4,081f0a0c-cc5c-4ff8-a52f-d8d8c9be6ddb,earthquake,0101000020E61000006666666666C657405C8FC2F5281C3940,3.80,low,EMSC,1086777,2022-01-14 01:33:29+06:30,2026-02-21 23:22:53.267774+06:30,f,,{},
9e3ab0f6-15d7-4d89-adbf-679dea05705f,77c3183e-68ad-4449-b4d1-85de8219ed48,earthquake,0101000020E61000000AD7A3703D7A5740C3F5285C8F423940,4.60,medium,EMSC,1086484,2022-01-13 03:16:58.8+06:30,2026-02-21 23:22:53.27194+06:30,f,,{},
37bf7691-c572-441c-a805-dc81450af622,65464a61-d04e-4746-833d-57bf67c928d0,earthquake,0101000020E61000001AC05B2041615740B7627FD93D093840,4.50,medium,USGS,us7000gcs1,2022-01-18 08:52:15.803+06:30,2026-02-21 23:22:53.546773+06:30,f,,{},
ac70749b-c966-4a3c-b0a9-9da536f47b00,ce95482c-43ce-4e45-890f-40b127ac3c07,earthquake,0101000020E6100000CFF753E3A57757401EA7E8482E3F3940,4.60,medium,USGS,us7000gez7,2022-01-17 03:39:22.262+06:30,2026-02-21 23:22:53.553036+06:30,f,,{},
a7943a44-f945-4127-8534-3fdd88167acf,d63814bd-d4b8-4c46-bfce-c5496842431e,earthquake,0101000020E61000008FE4F21FD2A35740696FF085C9E43740,4.20,medium,USGS,us7000geym,2022-01-16 17:20:58.84+06:30,2026-02-21 23:22:53.556271+06:30,f,,{},
33e50cbd-a6ba-4241-8f69-53d08d68727a,d4423eb2-653a-4dcd-8631-16103c89f02c,earthquake,0101000020E610000017B7D100DE1259406FF085C954213B40,4.60,medium,USGS,us7000gew9,2022-01-15 17:49:44.531+06:30,2026-02-21 23:22:53.55925+06:30,f,,{},
13cb58f0-2225-420e-8490-0ba8f7050088,a013e3bd-5328-4534-8aad-52c2118b1dd9,earthquake,0101000020E61000003EE8D9ACFAA85740302AA913D0543840,4.20,medium,USGS,us7000gbtz,2022-01-14 14:59:05.776+06:30,2026-02-21 23:22:53.563625+06:30,f,,{},
e1078b04-e273-42c2-8c35-3e400caf7d4e,081f0a0c-cc5c-4ff8-a52f-d8d8c9be6ddb,earthquake,0101000020E610000037894160E5C457407FD93D7958083940,4.10,medium,USGS,us7000gdwl,2022-01-14 01:33:30.121+06:30,2026-02-21 23:22:53.568129+06:30,f,,{},
e108e2e6-5e5a-4ed3-a440-ec7ef45dd967,77c3183e-68ad-4449-b4d1-85de8219ed48,earthquake,0101000020E6100000DE718A8EE4865740B81E85EB51383940,4.50,medium,USGS,us7000gbfz,2022-01-13 03:16:57.971+06:30,2026-02-21 23:22:53.573734+06:30,f,,{},
96061d8c-803a-4e89-b4ab-b295950c0f1e,15ad64b5-38e3-4a1f-a3a8-bee2cd8ea8e5,earthquake,0101000020E61000002B8716D9CEAB57404703780B24283740,4.60,medium,USGS,us7000gb8w,2022-01-12 12:47:33.221+06:30,2026-02-21 23:22:53.577743+06:30,f,,{},
983167e8-52cd-4b46-8568-c214dbc154e7,230a34bd-6897-4148-9816-6ad9e8704782,earthquake,0101000020E6100000AE47E17A146E574085EB51B81E053740,3.90,low,EMSC,1089952,2022-01-24 04:42:00+06:30,2026-02-21 23:22:53.842837+06:30,f,,{},
53e7b65e-0e2e-47be-9baf-c427e611a61e,4843e4e6-392d-4c0b-acc3-00e71327db07,earthquake,0101000020E61000007B14AE47E10A58400AD7A3703D0A3940,4.40,medium,EMSC,1089894,2022-01-23 22:22:50.3+06:30,2026-02-21 23:22:53.852058+06:30,f,,{},
7d2e35e3-07db-47b9-82cb-32019ccd2b4b,a09462b8-4acc-4e8e-822b-0eac602c7e76,earthquake,0101000020E61000008FC2F5285C6F574052B81E85EB113740,5.40,medium,EMSC,1089184,2022-01-21 16:42:31.7+06:30,2026-02-21 23:22:53.856129+06:30,f,,{},
b4d83356-7e6c-473b-9766-6d40284f078b,4843e4e6-392d-4c0b-acc3-00e71327db07,earthquake,0101000020E61000002DB29DEFA70A5840EE7C3F355E0A3940,4.40,medium,USGS,us7000ggne,2022-01-23 22:22:50.262+06:30,2026-02-21 23:22:54.472126+06:30,f,,{},
b5e85a61-b749-4e71-9437-fad4fc4ce8e0,9f57343c-6dc7-4d30-b75c-b28c9dbe061f,earthquake,0101000020E61000002BF697DD938F57406FF085C954213740,4.10,medium,USGS,us7000gfxs,2022-01-22 23:52:18.579+06:30,2026-02-21 23:22:54.481263+06:30,f,,{},
37350680-51f2-41f8-933d-17d15b2ed021,a09462b8-4acc-4e8e-822b-0eac602c7e76,earthquake,0101000020E6100000A3923A014D7457404A7B832F4C163740,5.40,medium,USGS,us7000gdtu,2022-01-21 16:42:31.865+06:30,2026-02-21 23:22:54.486305+06:30,f,,{},
54510adf-06f1-42cb-b727-15631a82f77a,2f05e412-8779-4395-b136-921f5e1cb9a0,earthquake,0101000020E61000001F85EB51B8CE57405C8FC2F528DC3840,3.70,low,EMSC,1092235,2022-01-31 08:40:16+06:30,2026-02-21 23:22:54.743804+06:30,f,,{},
109352b4-dc18-434b-b830-44ff7cd07b5b,72f36ca0-56c5-4fd4-9a25-edae2ef7207a,earthquake,0101000020E6100000211FF46C56955740234A7B832F2C2540,4.40,medium,USGS,us7000ghvq,2022-01-30 06:16:31.813+06:30,2026-02-21 23:22:55.030927+06:30,f,,{},
dc8c1ec2-5e00-4a8b-8cf1-51f39c3dd8b2,3cd43698-3021-4c96-83a9-4862d8b99c08,earthquake,0101000020E6100000D7A3703D0A3757400AD7A3703D8A2540,4.50,medium,EMSC,1094932,2022-02-08 14:19:43.3+06:30,2026-02-21 23:22:55.29957+06:30,f,,{},
e11b4e68-c298-44c2-bc69-649724d9e514,0e9d18c8-5644-4e4e-9413-587b6b3f0bfa,earthquake,0101000020E61000009A9999999929584085EB51B81E052D40,3.50,low,EMSC,1094455,2022-02-07 04:16:11+06:30,2026-02-21 23:22:55.307973+06:30,f,,{},
cde9c94c-47f5-40ff-adeb-9c1795ed7b6c,3fa6ecaf-0df1-4aa0-ae97-739e7eb8453e,earthquake,0101000020E6100000EC51B81E857B57405C8FC2F528DC3740,3.60,low,EMSC,1093907,2022-02-05 12:47:36+06:30,2026-02-21 23:22:55.311139+06:30,f,,{},
080b0a2d-5e2f-4bfc-ac4f-0b932285dec4,3cd43698-3021-4c96-83a9-4862d8b99c08,earthquake,0101000020E6100000E561A1D634375740068195438B8C2540,4.50,medium,USGS,us7000gk1q,2022-02-08 14:19:43.255+06:30,2026-02-21 23:22:55.589239+06:30,f,,{},
9194ba2b-20db-4d6c-96a1-25afa7204dfe,307d2227-6be0-4476-b4f9-2814b7004de9,earthquake,0101000020E61000000000000000A057408FC2F5285CCF3840,3.60,low,EMSC,1097232,2022-02-15 19:58:42+06:30,2026-02-21 23:22:55.879415+06:30,f,,{},
938001d0-4b28-46f2-bed5-9e131d87db0f,43e00bc7-a1bd-4feb-b2d3-19660c82d788,earthquake,0101000020E61000003D0AD7A370CD5740F6285C8FC2F53840,3.90,low,EMSC,1096641,2022-02-14 02:05:23+06:30,2026-02-21 23:22:55.888567+06:30,f,,{},
ad3adcde-76c4-4c22-856a-adeef8d5d96a,72d8c795-2e25-408c-87ed-66580992fae6,earthquake,0101000020E6100000AE47E17A140E5740CDCCCCCCCC4C3B40,3.50,low,EMSC,1096188,2022-02-12 16:20:42+06:30,2026-02-21 23:22:55.892215+06:30,f,,{},
13963a7c-a8e1-41a8-a09b-2df5f7fd72b7,081ac414-608e-432e-a4b5-66708ae52c1e,earthquake,0101000020E610000014AE47E17A24584014AE47E17A143A40,4.90,medium,EMSC,1096033,2022-02-12 01:46:50+06:30,2026-02-21 23:22:55.895253+06:30,f,,{},
3f8773a1-029b-41e0-95b7-f6ed11537fea,081ac414-608e-432e-a4b5-66708ae52c1e,earthquake,0101000020E6100000F90FE9B7AF1F58409F3C2CD49A163A40,4.80,medium,USGS,us7000gk3y,2022-02-12 01:46:50.015+06:30,2026-02-21 23:22:56.452902+06:30,f,,{},
68dc5523-e4e0-4ce6-ad29-e64ee75a3a1f,59ed9cf2-e39d-4c37-8634-db401ac07e64,earthquake,0101000020E61000002AA913D04404594096438B6CE70B3A40,4.20,medium,USGS,us7000gjkt,2022-02-10 14:06:42.976+06:30,2026-02-21 23:22:56.462231+06:30,f,,{},
9da2cd23-4fce-4910-97a0-1d5b9247d846,88089f1d-5cef-42a2-a1aa-0647f22e9a17,earthquake,0101000020E61000009A99999999595740AE47E17A14AE3640,4.60,medium,EMSC,1101532,2022-02-21 21:53:43.9+06:30,2026-02-21 23:22:56.717771+06:30,f,,{},
62fd7a42-05be-4e3c-a479-ed9a3e0a839d,88089f1d-5cef-42a2-a1aa-0647f22e9a17,earthquake,0101000020E6100000EF3845477259574075029A081BAE3640,4.60,medium,USGS,us6000h01p,2022-02-21 21:53:43.852+06:30,2026-02-21 23:22:56.994342+06:30,f,,{},
07735a88-1fe5-406c-b74c-bd457ff7afaf,80999a82-2d31-4111-ac62-5645fa843336,earthquake,0101000020E61000004D840D4FAFB85740075F984C15CC2540,4.30,medium,USGS,us7000gmew,2022-02-20 18:13:42.215+06:30,2026-02-21 23:22:57.003554+06:30,f,,{},
17a0eba3-64ef-42cc-94db-2549abdcf576,baa12987-e269-4a6c-9ec1-33dbb4360631,earthquake,0101000020E61000006666666666F657403333333333F33540,4.30,medium,EMSC,1101741,2022-02-28 14:24:41+06:30,2026-02-21 23:22:57.257774+06:30,f,,{},
a8f2c8ab-6983-48f7-8f5e-8b2743901038,4d8004eb-df2a-4986-ac58-b35073936b0d,earthquake,0101000020E6100000B4C876BE9FE257408C4AEA0434F13540,4.20,medium,USGS,us6000h0pr,2022-02-28 14:24:41.204+06:30,2026-02-21 23:22:57.809751+06:30,f,,{},
2f1ef5b9-bfc7-4cec-855b-f78e2cb0cc70,66c5ae43-1637-4219-b87f-154993430ac6,earthquake,0101000020E61000009A9999999979574048E17A14AE473740,4.10,medium,EMSC,1106836,2022-03-15 06:55:52.7+06:30,2026-02-21 23:22:58.881838+06:30,f,,{},
859df0ef-a993-4c3c-a9cc-8150707177a9,ae8e087a-be81-4410-bb1a-16a62df9dbf5,earthquake,0101000020E6100000F6285C8FC26557407B14AE47E17A2E40,4.20,medium,EMSC,1106199,2022-03-13 09:58:19.9+06:30,2026-02-21 23:22:58.890506+06:30,f,,{},
01bdb749-7077-42fd-b9c7-1bfa8a3e4043,e194bc43-d6af-4bed-9260-a27c98dc0a52,earthquake,0101000020E6100000F6285C8FC2A55740B81E85EB51B83640,4.50,medium,EMSC,1106158,2022-03-13 07:41:02.4+06:30,2026-02-21 23:22:58.893597+06:30,f,,{},
8fd382b9-8f6f-4733-9da8-f10ebaab0711,66c5ae43-1637-4219-b87f-154993430ac6,earthquake,0101000020E6100000C4B12E6EA3795740D5E76A2BF6473740,4.10,medium,USGS,us6000h5sj,2022-03-15 06:55:52.672+06:30,2026-02-21 23:22:59.170414+06:30,f,,{},
2cc4662e-6851-4e7b-b575-4bee6084fe6a,ae8e087a-be81-4410-bb1a-16a62df9dbf5,earthquake,0101000020E6100000B37BF2B050635740744694F6067F2E40,4.30,medium,USGS,us6000h5fz,2022-03-13 09:58:16.992+06:30,2026-02-21 23:22:59.178175+06:30,f,,{},
d8be141e-2237-4091-a567-432dda5f8619,e194bc43-d6af-4bed-9260-a27c98dc0a52,earthquake,0101000020E610000018265305A3A25740EC2FBB270FBB3640,4.50,medium,USGS,us6000h43x,2022-03-13 07:41:03+06:30,2026-02-21 23:22:59.1818+06:30,f,,{},
7f64eb65-8e8e-4d78-9606-0346538dbf88,dba94a37-0f56-43e5-93a3-79b4cad266a2,earthquake,0101000020E6100000EC51B81E851B57407B14AE47E1FA3A40,3.70,low,EMSC,1109649,2022-03-22 21:18:50+06:30,2026-02-21 23:22:59.472427+06:30,f,,{},
7ac6cd4d-c25c-4f81-b8e5-41bfb23fa936,e88ec464-5b64-4aec-b001-32f21ccbe43b,earthquake,0101000020E61000009A99999999A95740295C8FC2F5283840,4.70,medium,EMSC,1109115,2022-03-21 13:06:05.4+06:30,2026-02-21 23:22:59.48243+06:30,f,,{},
99458be6-1de3-4da4-b5da-51b7f6a23a7c,b67560e0-25d8-4a86-b6ef-7b769274326c,earthquake,0101000020E6100000E17A14AE47415740AE47E17A142E2D40,4.10,medium,EMSC,1108964,2022-03-21 04:24:49+06:30,2026-02-21 23:22:59.487691+06:30,f,,{},
c66d9eaa-f0f7-4b49-b880-3749ccad41ce,89ab7296-5519-4d09-b1a6-73f69a0d2959,earthquake,0101000020E6100000B81E85EB51F858406666666666A63440,3.80,low,EMSC,1108192,2022-03-19 00:22:01+06:30,2026-02-21 23:22:59.49152+06:30,f,,{},
59c97efe-49da-46da-ac9b-8a0db7501848,c4f26201-f045-4e0c-bad6-cf0a3d471edc,earthquake,0101000020E61000009A999999996957401F85EB51B8DE3840,4.40,medium,EMSC,1111328,2022-03-18 12:10:18.5+06:30,2026-02-21 23:22:59.498243+06:30,f,,{},
36797ebb-9a24-46a4-91a4-df071bee84f3,e88ec464-5b64-4aec-b001-32f21ccbe43b,earthquake,0101000020E61000004260E5D0229F5740A857CA32C4313840,4.50,medium,USGS,us6000h6c6,2022-03-21 13:06:03.776+06:30,2026-02-21 23:22:59.77207+06:30,f,,{},
4727c5b1-f6c5-4f20-bd66-424a55317bf6,b67560e0-25d8-4a86-b6ef-7b769274326c,earthquake,0101000020E6100000287E8CB96B41574073D712F2412F2D40,4.10,medium,USGS,us7000gwys,2022-03-21 04:24:49.023+06:30,2026-02-21 23:22:59.781961+06:30,f,,{},
8ba21c4f-b5d2-4651-9bf0-990aab0c3074,c4f26201-f045-4e0c-bad6-cf0a3d471edc,earthquake,0101000020E6100000FDF675E09C6957401FF46C567DDE3840,4.40,medium,USGS,us7000gwn4,2022-03-18 12:10:18.475+06:30,2026-02-21 23:22:59.785299+06:30,f,,{},
8431f95e-42a3-4817-a848-0b0b4bd7202f,b17d4ad6-e947-4839-b162-9aa42a909e29,earthquake,0101000020E610000033333333334357401F85EB51B81E2D40,4.70,medium,EMSC,1112035,2022-03-29 03:52:32.6+06:30,2026-02-21 23:23:00.053023+06:30,f,,{},
289ce10d-889d-4a13-85ae-c6c223275eec,259a5159-8441-4309-9484-434cdfe2c9d6,earthquake,0101000020E6100000EC51B81E853B57406666666666263A40,3.50,low,EMSC,1111112,2022-03-26 04:41:15+06:30,2026-02-21 23:23:00.06036+06:30,f,,{},
a5c05842-d1c7-4b3b-a664-445493ac2519,43a45ed8-ac0e-40d9-ace5-47a92a66b5b2,earthquake,0101000020E61000003333333333935740C3F5285C8F423740,3.90,low,EMSC,1110636,2022-03-25 05:32:24+06:30,2026-02-21 23:23:00.063308+06:30,f,,{},
f043fbc6-7212-4dd3-8ff4-658d18f2e8b2,b17d4ad6-e947-4839-b162-9aa42a909e29,earthquake,0101000020E610000005C58F31774157408CB96B09F9402D40,4.70,medium,USGS,us7000gxy0,2022-03-29 03:52:33.266+06:30,2026-02-21 23:23:00.33274+06:30,f,,{},
01c9b1aa-a899-4a50-8d12-4cd10bf4e0fc,610937c7-55e9-4c9b-91cf-795c42875222,earthquake,0101000020E6100000E63FA4DFBE3E5740A9A44E4013C12940,4.20,medium,USGS,us7000gyh7,2022-03-26 00:28:26.461+06:30,2026-02-21 23:23:00.338882+06:30,f,,{},
2aff0a53-d9b0-49fb-a753-c674479fe696,538a11d4-fee0-431f-8968-feb87ddc3bb8,earthquake,0101000020E61000005C8FC2F5288C5740A4703D0AD7233740,4.00,medium,EMSC,1113196,2022-03-31 07:48:26.3+06:30,2026-02-21 23:23:00.600951+06:30,f,,{},
f9b6ec76-ac7c-4791-b186-49bddd70279c,538a11d4-fee0-431f-8968-feb87ddc3bb8,earthquake,0101000020E61000004ED1915CFE8B574032772D211F243740,4.00,medium,USGS,us7000gzuy,2022-03-31 07:48:26.345+06:30,2026-02-21 23:23:01.239196+06:30,f,,{},
b8dac907-fbdb-4ba0-a3ff-56661adc5d43,bb695644-5b70-4f05-9eb7-00190516c173,earthquake,0101000020E610000052B81E85EB8158409A99999999593540,4.40,medium,EMSC,1116255,2022-04-10 06:36:17.4+06:30,2026-02-21 23:23:01.574692+06:30,f,,{},
495d4fa8-e2bc-4972-b0de-a634b5fd5e41,bb695644-5b70-4f05-9eb7-00190516c173,earthquake,0101000020E6100000787AA52C43805840711B0DE02D603540,4.40,medium,USGS,us7000h0zn,2022-04-10 06:36:16.892+06:30,2026-02-21 23:23:02.200976+06:30,f,,{},
0ed5912f-8202-4cfc-9c63-a8b0e04cb252,adc8e396-4ac0-4d89-9ca3-5ce18376598c,earthquake,0101000020E6100000E9263108AC20594062A1D634EFD83B40,4.10,medium,USGS,us7000h1s0,2022-04-06 19:37:58.968+06:30,2026-02-21 23:23:02.209879+06:30,f,,{},
eb6578cc-3cfa-4641-9c5c-834d4960bc35,1c87f3b0-1c35-4db1-83f8-532f38e0686b,earthquake,0101000020E61000000AD7A3703DFA57400000000000003A40,4.30,medium,EMSC,1121991,2022-04-18 05:01:39.2+06:30,2026-02-21 23:23:02.467993+06:30,f,,{},
3582ddda-12d1-43d7-ab93-7a68d2559682,79d6ad0e-c97a-442c-8e34-3edb5438b477,earthquake,0101000020E6100000A4703D0AD7B357401F85EB51B85E3940,4.00,medium,EMSC,1120876,2022-04-17 06:21:26.8+06:30,2026-02-21 23:23:02.476379+06:30,f,,{},
27868bad-fe10-4e48-8474-fe8939c2b981,29238682-d3a6-47f9-912c-7d5975d64fa7,earthquake,0101000020E6100000E17A14AE47315940EC51B81E85EB3B40,4.60,medium,EMSC,1118824,2022-04-16 22:48:40.8+06:30,2026-02-21 23:23:02.479813+06:30,f,,{},
868b856f-066e-4466-859f-e2be71990512,dabd81e3-8ec3-4f6a-96a1-974b3b6a7236,earthquake,0101000020E610000000000000003059406666666666E63B40,4.70,medium,EMSC,1118582,2022-04-16 07:02:17.7+06:30,2026-02-21 23:23:02.483942+06:30,f,,{},
548920e3-1c2c-4925-b31f-9cf43e1bc121,e1e0d770-19b5-4669-8528-ac43a61bf140,earthquake,0101000020E6100000BD5296218EAD57407958A835CD5B3740,4.10,medium,USGS,us6000hfn0,2022-04-18 09:27:52.081+06:30,2026-02-21 23:23:03.035294+06:30,f,,{},
7c71a5fd-61c3-45e1-aeba-db84909a1d9b,1c87f3b0-1c35-4db1-83f8-532f38e0686b,earthquake,0101000020E6100000F5DBD78173FA5740C8073D9B55FF3940,4.30,medium,USGS,us6000hfkv,2022-04-18 05:01:39.157+06:30,2026-02-21 23:23:03.040992+06:30,f,,{},
568d6858-7142-4de2-8f30-0e9543a4be5d,79d6ad0e-c97a-442c-8e34-3edb5438b477,earthquake,0101000020E610000086C954C1A8B457403333333333633940,4.10,medium,USGS,us6000hfc6,2022-04-17 06:21:26.153+06:30,2026-02-21 23:23:03.04476+06:30,f,,{},
a257efb6-d615-4a88-abdd-9e4eadceef26,29238682-d3a6-47f9-912c-7d5975d64fa7,earthquake,0101000020E6100000B84082E2C73859406688635DDCF63B40,4.60,medium,USGS,us7000h2pw,2022-04-16 22:48:40.213+06:30,2026-02-21 23:23:03.048364+06:30,f,,{},
21810fea-5915-4594-bcb6-3ca5b55b394f,dabd81e3-8ec3-4f6a-96a1-974b3b6a7236,earthquake,0101000020E61000005F984C158C265940713D0AD7A3F03B40,4.70,medium,USGS,us7000h2lk,2022-04-16 07:02:18.081+06:30,2026-02-21 23:23:03.051174+06:30,f,,{},
e3853560-ed3e-4510-ad4d-3f42eba8a091,7d050118-1854-4fb6-abea-fc5335e3a830,earthquake,0101000020E61000001F85EB51B8AE57406666666666663840,3.80,low,EMSC,1121051,2022-04-22 21:45:22+06:30,2026-02-21 23:23:03.327334+06:30,f,,{},
07b1f5a9-7bfb-4be4-acd8-4960443af2da,0898d2ce-3faa-4394-add9-d1ffa9d762a7,earthquake,0101000020E61000003D0AD7A3703D57406666666666E62B40,4.90,medium,EMSC,1120873,2022-04-22 10:21:26.6+06:30,2026-02-21 23:23:03.335788+06:30,f,,{},
df2490c4-0585-44c0-b350-04e1514f916d,0898d2ce-3faa-4394-add9-d1ffa9d762a7,earthquake,0101000020E610000070CE88D2DE3C57408F53742497FF2B40,4.90,medium,USGS,us6000hfgp,2022-04-22 10:21:27.747+06:30,2026-02-21 23:23:03.892031+06:30,f,,{},
605bd903-ed54-40e3-afc4-009c37836288,1881c531-c5d2-403e-875e-f9c20f5f0bb5,earthquake,0101000020E610000066666666669657407B14AE47E1BA3640,4.90,medium,EMSC,1123968,2022-05-01 21:45:39.6+06:30,2026-02-21 23:23:04.167876+06:30,f,,{},
e795c2f1-781b-444d-9e2d-54a918279ab7,b429a6e3-2a2e-43ea-9140-d5fea749fc10,earthquake,0101000020E6100000AE47E17A143E574052B81E85EB512A40,4.70,medium,EMSC,1123719,2022-05-01 00:04:03.7+06:30,2026-02-21 23:23:04.175909+06:30,f,,{},
cd4b931d-9cd2-4540-b8e1-104d5db5ebe1,414eb1b1-af95-4333-8a21-e71db12a320e,earthquake,0101000020E61000008FC2F5285C9F57403333333333333840,3.50,low,EMSC,1123531,2022-04-30 11:04:27+06:30,2026-02-21 23:23:04.179003+06:30,f,,{},
d51ee34c-fa20-4d8d-9222-f254a8519e2a,9ab34a2f-d709-4781-8788-e4843de88489,earthquake,0101000020E6100000E17A14AE473159406666666666E63B40,4.70,medium,EMSC,1123379,2022-04-29 23:53:51.9+06:30,2026-02-21 23:23:04.183294+06:30,f,,{},
a7a901eb-c56f-4f90-b030-e715e9f750d1,2478cb1a-02bd-4665-b8f5-c40e15b7788d,earthquake,0101000020E6100000A4703D0AD7335840295C8FC2F5282C40,3.80,low,EMSC,1123177,2022-04-29 08:55:38+06:30,2026-02-21 23:23:04.187566+06:30,f,,{},
8e7a3fa5-1c02-4f3a-96c4-569dfb94de23,1881c531-c5d2-403e-875e-f9c20f5f0bb5,earthquake,0101000020E61000005C2041F1639057403D9B559FABAD3640,5.00,medium,USGS,us7000h67u,2022-05-01 21:45:39.093+06:30,2026-02-21 23:23:04.467815+06:30,f,,{},
dd401514-bc0f-4f49-b6bf-c6cc8e100ec0,b429a6e3-2a2e-43ea-9140-d5fea749fc10,earthquake,0101000020E61000007CF2B0506B4257404BC8073D9B552A40,4.50,medium,USGS,us7000h63j,2022-05-01 00:04:05.382+06:30,2026-02-21 23:23:04.473635+06:30,f,,{},
4f7af59c-79d9-47d1-875d-c4d59308515a,9ab34a2f-d709-4781-8788-e4843de88489,earthquake,0101000020E6100000C74B3789412C59401361C3D32BE53B40,4.60,medium,USGS,us7000h5vh,2022-04-29 23:53:51.985+06:30,2026-02-21 23:23:04.476687+06:30,f,,{},
264e620e-0252-4cc3-83dd-b8afa6560608,60eab420-f1e1-4091-8076-e8931723fe46,earthquake,0101000020E610000085EB51B81E755740E17A14AE47612440,4.60,medium,EMSC,1129341,2022-05-10 04:38:05.4+06:30,2026-02-21 23:23:04.767923+06:30,f,,{},
ada05b94-941c-479a-9c5f-3e094a5c173c,d9995a31-74bc-4a1c-b3e6-5fd5b1545cb6,earthquake,0101000020E61000000000000000605740D7A3703D0A572340,4.50,medium,EMSC,1129333,2022-05-10 04:36:30.1+06:30,2026-02-21 23:23:04.777127+06:30,f,,{},
2b53f51c-f362-4e3f-ae99-54f4e68085b9,2fb9917b-eea5-4331-8a06-a242cda5d797,earthquake,0101000020E6100000F6285C8FC2855740EC51B81E85EB2A40,4.20,medium,EMSC,1126634,2022-05-09 23:46:16.7+06:30,2026-02-21 23:23:04.781762+06:30,f,,{},
15d70fe2-81aa-4144-81a9-a4f262df481d,fa24af48-a5a3-4e2e-8e33-d08ba027e932,earthquake,0101000020E61000009A999999998957403D0AD7A370BD2440,4.30,medium,EMSC,1128919,2022-05-09 22:40:23.7+06:30,2026-02-21 23:23:04.786282+06:30,f,,{},
bf17aba4-94ac-46a8-834e-d13ba55184f4,4ad54f1a-ea6a-429f-84ab-466fc286c675,earthquake,0101000020E61000008FC2F5285C0F584048E17A14AE073A40,3.60,low,EMSC,1125928,2022-05-07 14:06:14+06:30,2026-02-21 23:23:04.790741+06:30,f,,{},
cf5a494c-174e-44b0-9c8c-0988e95e4d88,b9ef3eae-6ede-40b4-a536-cc5774ab1ae3,earthquake,0101000020E6100000AE47E17A14FE584014AE47E17A143A40,4.40,medium,EMSC,1125488,2022-05-06 03:40:39.4+06:30,2026-02-21 23:23:04.795314+06:30,f,,{},
2e6c946c-6376-41ee-938a-d6950a6e49c2,29e0416c-b840-4d42-bccf-fce693552d5a,earthquake,0101000020E61000003D0AD7A3701D5740AE47E17A14AE2440,4.60,medium,EMSC,1127647,2022-05-05 03:06:17.1+06:30,2026-02-21 23:23:04.799456+06:30,f,,{},
383712af-0cb8-4c35-a6c2-76cc8143e036,60eab420-f1e1-4091-8076-e8931723fe46,earthquake,0101000020E6100000FD87F4DBD7755740CFF753E3A55B2440,4.60,medium,USGS,us6000hli3,2022-05-10 04:38:05.153+06:30,2026-02-21 23:23:05.088792+06:30,f,,{},
89fe098f-4452-4d9c-8012-5c67652d2278,d9995a31-74bc-4a1c-b3e6-5fd5b1545cb6,earthquake,0101000020E61000001D5A643BDF5F5740F31FD26F5F672340,4.50,medium,USGS,us6000hli4,2022-05-10 04:36:30.273+06:30,2026-02-21 23:23:05.097264+06:30,f,,{},
09c13977-ab93-4442-963a-fd377c5abb01,2fb9917b-eea5-4331-8a06-a242cda5d797,earthquake,0101000020E61000000C022B871685574004E78C28EDED2A40,4.20,medium,USGS,us7000h85q,2022-05-09 23:46:16.683+06:30,2026-02-21 23:23:05.100252+06:30,f,,{},
00f1efe6-6ba8-4112-a69b-805d8a5b8f7a,fa24af48-a5a3-4e2e-8e33-d08ba027e932,earthquake,0101000020E61000007D3F355EBA895740B30C71AC8BBB2440,4.30,medium,USGS,us6000hlht,2022-05-09 22:40:23.667+06:30,2026-02-21 23:23:05.103511+06:30,f,,{},
a9826c53-fbff-4b68-b011-2cd13004c5db,b9ef3eae-6ede-40b4-a536-cc5774ab1ae3,earthquake,0101000020E61000008104C58F31FF58401AC05B2041113A40,4.50,medium,USGS,us7000h7dz,2022-05-06 03:40:39.27+06:30,2026-02-21 23:23:05.108017+06:30,f,,{},
68f40e66-32fe-420e-bb5a-05fe9f221121,29e0416c-b840-4d42-bccf-fce693552d5a,earthquake,0101000020E6100000A167B3EA731D57403CBD529621AE2440,4.60,medium,USGS,us7000h8mi,2022-05-05 03:06:17.083+06:30,2026-02-21 23:23:05.113453+06:30,f,,{},
11ab8d82-fb19-4aee-b28e-30b1581a54ce,d25b0e4c-4c5e-43e3-b715-2385bc04dd3a,earthquake,0101000020E6100000E17A14AE47A15840CDCCCCCCCC4C3540,4.30,medium,EMSC,1129271,2022-05-18 06:20:01.8+06:30,2026-02-21 23:23:05.375866+06:30,f,,{},
74cdfc55-207e-46f4-bc1d-70ee4405a362,2b482cc6-ce3c-42d2-bbbd-599d51fec254,earthquake,0101000020E61000003333333333A358405C8FC2F5285C3540,4.10,medium,EMSC,1129259,2022-05-18 05:19:55.3+06:30,2026-02-21 23:23:05.385216+06:30,f,,{},
18075939-3c74-48dc-b42a-4c7eefda6e84,d763e8da-cf84-4dd6-a189-ef17a8577f04,earthquake,0101000020E6100000CDCCCCCCCC3C5740D7A3703D0A973A40,3.90,low,EMSC,1128776,2022-05-16 16:22:13+06:30,2026-02-21 23:23:05.388836+06:30,f,,{},
8d4a556a-eff6-465c-a3aa-95e51640dce9,496d741d-32ae-4948-ad42-7c57334f0e46,earthquake,0101000020E6100000295C8FC2F5185740B81E85EB51383A40,4.10,medium,EMSC,1128588,2022-05-15 22:47:04.6+06:30,2026-02-21 23:23:05.392234+06:30,f,,{},
dfcc16cb-a207-4c78-8f06-b92aef3064d9,677320f2-3c8e-46ef-8a49-7b338f44cd87,earthquake,0101000020E61000005C8FC2F5282C5840D7A3703D0A973940,4.20,medium,EMSC,1127887,2022-05-13 18:56:08.5+06:30,2026-02-21 23:23:05.395263+06:30,f,,{},
a08bf30a-34f1-477e-81a5-69042ecae221,cd8a1498-60b2-4213-91a3-e9496df2d4fe,earthquake,0101000020E6100000AE47E17A143E584052B81E85EBD13940,4.30,medium,EMSC,1127825,2022-05-13 13:39:30.8+06:30,2026-02-21 23:23:05.399222+06:30,f,,{},
b0d56e4a-47bb-415c-ad4e-358481d22491,4fccc7b8-ea1f-4a03-9228-13e99935255c,earthquake,0101000020E6100000D7A3703D0AD757403D0AD7A370FD3840,3.90,low,EMSC,1127782,2022-05-13 10:03:26+06:30,2026-02-21 23:23:05.403674+06:30,f,,{},
0a9e828e-ed5a-4ef1-9cf8-374091ad7a4b,d25b0e4c-4c5e-43e3-b715-2385bc04dd3a,earthquake,0101000020E61000007FFB3A70CEA05840CBA145B6F34D3540,4.30,medium,USGS,us6000hlwe,2022-05-18 06:20:01.775+06:30,2026-02-21 23:23:05.976831+06:30,f,,{},
88437260-70c3-4751-8f1b-b075718ed93f,2b482cc6-ce3c-42d2-bbbd-599d51fec254,earthquake,0101000020E610000054742497FFA0584090A0F831E65E3540,4.10,medium,USGS,us6000hlw6,2022-05-18 05:19:55.09+06:30,2026-02-21 23:23:05.986119+06:30,f,,{},
c0dafac4-c0f3-45ab-902b-b077770939ec,496d741d-32ae-4948-ad42-7c57334f0e46,earthquake,0101000020E6100000A4703D0AD7175740BD5296218E553A40,4.10,medium,USGS,us6000hld3,2022-05-15 22:47:04.821+06:30,2026-02-21 23:23:05.989965+06:30,f,,{},
0f13357a-0de4-4894-829e-1633e585886d,677320f2-3c8e-46ef-8a49-7b338f44cd87,earthquake,0101000020E6100000D9CEF753E32D5840F7065F984CA53940,4.30,medium,USGS,us6000hmd0,2022-05-13 18:56:04.558+06:30,2026-02-21 23:23:05.993263+06:30,f,,{},
74105334-369f-42f1-9b55-04cbc82b2320,cd8a1498-60b2-4213-91a3-e9496df2d4fe,earthquake,0101000020E61000006A4DF38E53345840832F4CA60AB63940,4.40,medium,USGS,us6000hksn,2022-05-13 13:39:28.657+06:30,2026-02-21 23:23:05.996909+06:30,f,,{},
5bea82b8-8726-46ee-9c77-7d8c032fe1e2,bdcce6b9-ce76-439c-ba0b-98f4c5e6eda1,earthquake,0101000020E6100000A835CD3B4E355840FDF675E09CB13940,4.30,medium,USGS,us6000hkse,2022-05-13 12:43:55.734+06:30,2026-02-21 23:23:06.001329+06:30,f,,{},
9438bc3d-08af-43d1-b844-9e663287871c,147a712f-da8d-4684-9ddf-a03c97c732a3,earthquake,0101000020E6100000EC51B81E857B57403D0AD7A370BD3640,4.40,medium,EMSC,1130973,2022-05-23 10:26:47.7+06:30,2026-02-21 23:23:06.256339+06:30,f,,{},
4056c481-5914-4e60-940b-8ae28e716f3d,eaa98bee-90c7-4aee-aa0f-03a15c3a55cf,earthquake,0101000020E61000001F85EB51B85E57400000000000C03640,4.50,medium,EMSC,1130311,2022-05-21 09:44:08.4+06:30,2026-02-21 23:23:06.264952+06:30,f,,{},
6f6cefbb-2279-4a8d-9c09-abc3ebef4469,995e7fea-b8c1-46a9-8e8e-551b08cfa2fa,earthquake,0101000020E61000005C8FC2F5281C58408FC2F5285C0F3940,4.30,medium,EMSC,1130188,2022-05-21 01:09:20.2+06:30,2026-02-21 23:23:06.268418+06:30,f,,{},
09a4f3e9-0ea2-48e4-abad-1a91c5c3e886,147a712f-da8d-4684-9ddf-a03c97c732a3,earthquake,0101000020E610000045D8F0F44A85574067D5E76A2BC63640,4.40,medium,USGS,us7000hd2g,2022-05-23 10:26:45.915+06:30,2026-02-21 23:23:06.541873+06:30,f,,{},
1d9f891e-2bf6-4262-bcf9-9b7218593162,eaa98bee-90c7-4aee-aa0f-03a15c3a55cf,earthquake,0101000020E61000004F1E166A4D5F574013F241CF66D53640,4.50,medium,USGS,us6000hmu6,2022-05-21 09:44:07.365+06:30,2026-02-21 23:23:06.551031+06:30,f,,{},
c3423147-ba55-4be2-a6ce-18188adea3b8,995e7fea-b8c1-46a9-8e8e-551b08cfa2fa,earthquake,0101000020E6100000A857CA32C4155840A2B437F8C2043940,4.30,medium,USGS,us6000hmqu,2022-05-21 01:09:16.682+06:30,2026-02-21 23:23:06.554887+06:30,f,,{},
d181a587-de4a-41e3-a331-fc7c8fd664f1,06a8772a-f470-4b27-a8f4-abbc07a975a3,earthquake,0101000020E6100000D7A3703D0AE757405C8FC2F5285C3A40,4.30,medium,EMSC,1133467,2022-05-31 11:09:39.6+06:30,2026-02-21 23:23:06.815296+06:30,f,,{},
6ba4ecb2-53df-45ce-afa6-841e28f0f261,8d7a0035-051d-4bd0-bbd1-fe1051defc12,earthquake,0101000020E61000007B14AE47E18A57400000000000403740,3.60,low,EMSC,1132845,2022-05-29 08:40:50+06:30,2026-02-21 23:23:06.824478+06:30,f,,{},
93e1827c-041f-460d-adea-91a210e9fe03,d854054e-647f-49d4-91b2-418fc839f8f6,earthquake,0101000020E61000003D0AD7A3705D57400000000000002A40,4.60,medium,EMSC,1132257,2022-05-27 08:50:15.4+06:30,2026-02-21 23:23:06.828192+06:30,f,,{},
b4cd91ee-5b81-4232-8a8f-5597fae9b30d,06a8772a-f470-4b27-a8f4-abbc07a975a3,earthquake,0101000020E6100000D0B359F5B9E65740931804560E5D3A40,4.30,medium,USGS,us7000hdq8,2022-05-31 11:09:39.616+06:30,2026-02-21 23:23:07.102204+06:30,f,,{},
c40bd244-27a7-4562-97a5-13af6b56ac89,d854054e-647f-49d4-91b2-418fc839f8f6,earthquake,0101000020E6100000228E75711B5D5740C217265305E32940,4.50,medium,USGS,us7000hcwe,2022-05-27 08:50:15.367+06:30,2026-02-21 23:23:07.108014+06:30,f,,{},
43048642-ba8e-4173-af91-75a17e67a6ca,7cfcbbfc-5a45-477a-b2d4-8d0686eab07f,earthquake,0101000020E61000006666666666665740C3F5285C8F423A40,3.50,low,EMSC,1136200,2022-06-08 05:19:49+06:30,2026-02-21 23:23:07.372638+06:30,f,,{},
5bf44b0f-497c-4b44-ad30-bebce3a16421,5d4e3b45-0c2b-4bde-bcfa-1020f72b3abb,earthquake,0101000020E6100000B81E85EB51F858405C8FC2F5281C3540,3.80,low,EMSC,1135136,2022-06-05 01:23:18+06:30,2026-02-21 23:23:07.382538+06:30,f,,{},
742d2a69-0a7b-4146-bd15-8662e875eca6,624a8f34-cbf2-46d4-94ff-4e4734ed9e27,earthquake,0101000020E61000005C8FC2F528FC5840713D0AD7A3303540,3.50,low,EMSC,1135109,2022-06-04 23:36:53+06:30,2026-02-21 23:23:07.386275+06:30,f,,{},
d84994af-7c86-4907-8c13-d2ea2f7e6840,9abe7c6e-409b-462c-9124-228c019a126d,earthquake,0101000020E61000003D0AD7A370FD5840EC51B81E852B3540,3.80,low,EMSC,1134919,2022-06-04 12:27:30+06:30,2026-02-21 23:23:07.390153+06:30,f,,{},
deab78ff-5bb8-43a1-bef7-58587a4cbb88,26a7dbd9-cebe-4434-91a6-ea1cda990c39,earthquake,0101000020E61000003D0AD7A370FD5840EC51B81E852B3540,3.50,low,EMSC,1134697,2022-06-03 20:08:30+06:30,2026-02-21 23:23:07.393053+06:30,f,,{},
3722590d-8271-4de1-8cb5-67e85b1dd8f9,47452a0b-778c-47c1-85cb-6eeebddf7f43,earthquake,0101000020E6100000CDCCCCCCCCFC574048E17A14AE473740,4.20,medium,EMSC,1134499,2022-06-03 05:10:29.1+06:30,2026-02-21 23:23:07.39716+06:30,f,,{},
0af6c4d2-979b-4055-ae47-7cc02abaed86,5ea479bc-6d37-4754-99b4-9cdd06d5c3a1,earthquake,0101000020E6100000EC51B81E85FB5840EC51B81E852B3540,4.10,medium,EMSC,1134406,2022-06-02 23:44:59+06:30,2026-02-21 23:23:07.401921+06:30,f,,{},
6cd14822-7e6a-41f0-8115-59f6ea6ea8de,c0325758-1e4a-4197-857f-6bd92877f83b,earthquake,0101000020E6100000000000000090574085EB51B81E853140,4.30,medium,EMSC,1136257,2022-06-02 09:55:38.5+06:30,2026-02-21 23:23:07.407508+06:30,f,,{},
19dc3015-a5d0-4011-b89a-32303df893ba,adb7ff69-c93e-4c20-aa1b-63541780a569,earthquake,0101000020E61000009A99999999F95840E17A14AE47213540,3.90,low,EMSC,1134146,2022-06-02 07:40:42+06:30,2026-02-21 23:23:07.410898+06:30,f,,{},
7b6ff453-4e17-45c3-89a7-7e6d39a5a186,ecd04908-556c-42d7-a7de-db2a4452d808,earthquake,0101000020E6100000CDCCCCCCCCFC5840713D0AD7A3303540,3.50,low,EMSC,1134030,2022-06-02 03:39:37+06:30,2026-02-21 23:23:07.415089+06:30,f,,{},
ae81e545-522c-4d01-b5a7-7b06c24407dd,1ae8655b-2974-4ca9-a04c-6ff05e9dcbba,earthquake,0101000020E6100000C3F5285C8F9257403333333333733140,5.20,medium,EMSC,1133973,2022-06-01 23:13:15.8+06:30,2026-02-21 23:23:07.419102+06:30,f,,{},
fba95774-6890-4bcf-a5ad-50603cb29372,47452a0b-778c-47c1-85cb-6eeebddf7f43,earthquake,0101000020E61000006891ED7C3FFD5740DE718A8EE4423740,4.20,medium,USGS,us7000hei4,2022-06-03 05:10:29.049+06:30,2026-02-21 23:23:07.731648+06:30,f,,{},
c7b008e0-5320-4ddf-9e08-ef6265bb97f9,c0325758-1e4a-4197-857f-6bd92877f83b,earthquake,0101000020E6100000D578E92631905740840D4FAF94853140,4.30,medium,USGS,us7000hfl8,2022-06-02 09:55:38.465+06:30,2026-02-21 23:23:07.740628+06:30,f,,{},
85b2d5ab-462b-4e2b-819d-9bbfd6667689,1ae8655b-2974-4ca9-a04c-6ff05e9dcbba,earthquake,0101000020E6100000158C4AEA049057408AB0E1E995723140,5.20,medium,USGS,us7000he50,2022-06-01 23:13:15.623+06:30,2026-02-21 23:23:07.744517+06:30,f,,{},
2d08c387-6846-4055-b326-04dae09655a0,1da738b7-6401-48fd-9bff-aee87dbb402c,earthquake,0101000020E61000003333333333A357403333333333F33640,4.30,medium,EMSC,1138169,2022-06-13 22:14:42.3+06:30,2026-02-21 23:23:08.013511+06:30,f,,{},
94326c29-b7c0-4ea3-9ab9-43d1fcef4a45,e74d4796-41f0-4ec7-9ec4-393ccbc60a6b,earthquake,0101000020E61000007B14AE47E1FA5840EC51B81E852B3540,3.60,low,EMSC,1137058,2022-06-10 13:40:08+06:30,2026-02-21 23:23:08.023555+06:30,f,,{},
0f83be33-132d-4dd4-96f6-5cb5f79867a5,a9d1b960-6f74-4b87-bc12-14e24dbee8e8,earthquake,0101000020E6100000EC51B81E85FB5840AE47E17A142E3540,3.60,low,EMSC,1137021,2022-06-10 10:56:34+06:30,2026-02-21 23:23:08.027793+06:30,f,,{},
7135ebe2-04f7-415e-8ef9-eb6ba2752173,799f1ac4-5082-4f8b-ab70-1064dd67b520,earthquake,0101000020E6100000CDCCCCCCCCFC58403D0AD7A3703D3540,3.60,low,EMSC,1136790,2022-06-09 20:15:43+06:30,2026-02-21 23:23:08.03194+06:30,f,,{},
5033c15f-b447-4137-9d2b-cd0fbb84969e,c496efb5-8cf0-4ca7-8b74-cc0a4ed65072,earthquake,0101000020E61000009A99999999F958406666666666263540,4.20,medium,EMSC,1136688,2022-06-09 15:53:20+06:30,2026-02-21 23:23:08.036999+06:30,f,,{},
93d740d8-9154-4b90-a353-4ae98a51c68a,32735a82-57a1-4475-8071-c1e270f65579,earthquake,0101000020E6100000713D0AD7A3F057406666666666E63940,4.00,medium,EMSC,1136671,2022-06-09 15:10:43+06:30,2026-02-21 23:23:08.04158+06:30,f,,{},
94e44a47-38ab-4ca4-ad27-0f685ac49933,9f1c1051-51ba-40ab-90a6-2ff5294b89f0,earthquake,0101000020E61000000AD7A3703DFA5840E17A14AE47213540,3.80,low,EMSC,1136669,2022-06-09 14:53:47+06:30,2026-02-21 23:23:08.045529+06:30,f,,{},
9547cc36-35c7-43c8-91b0-8b0f923e34bf,39e8ac3d-f94d-4e8e-81a5-2daa099d961e,earthquake,0101000020E6100000AE47E17A14FE5840E17A14AE47213540,3.50,low,EMSC,1136319,2022-06-08 15:16:40+06:30,2026-02-21 23:23:08.049825+06:30,f,,{},
8f2d365a-02da-4638-ac7c-8438729ea17c,09de25fc-5375-45f4-9f7c-440958eaebc8,earthquake,0101000020E61000005C8FC2F528FC58403333333333333540,4.10,medium,EMSC,1136285,2022-06-08 12:19:19+06:30,2026-02-21 23:23:08.053501+06:30,f,,{},
ccd4c9fd-a6fe-422a-be79-97f9dfe7ea94,9bb26747-0883-473e-8890-675b424ef0b2,earthquake,0101000020E61000009A99999999F9584014AE47E17A143540,4.60,medium,EMSC,1136265,2022-06-08 09:56:31.7+06:30,2026-02-21 23:23:08.058373+06:30,f,,{},
67a927bc-8cd4-4bbb-8d2b-bd560bd79f90,1da738b7-6401-48fd-9bff-aee87dbb402c,earthquake,0101000020E6100000448B6CE7FBA157403BDF4F8D97FE3640,4.30,medium,USGS,us7000hh3k,2022-06-13 22:14:41.452+06:30,2026-02-21 23:23:08.615521+06:30,f,,{},
c81547e9-3869-4620-8695-40cf5a634799,9bb26747-0883-473e-8890-675b424ef0b2,earthquake,0101000020E6100000FD87F4DBD7F958408CDB68006F213540,4.20,medium,USGS,us7000hft8,2022-06-08 09:56:30.255+06:30,2026-02-21 23:23:08.621265+06:30,f,,{},
1fdfea4f-f206-4d81-87cc-1707cf6fe23e,41365330-d16a-4ca2-a106-0a773567a48f,earthquake,0101000020E61000001F85EB51B89E574048E17A14AE473540,4.00,medium,EMSC,1143981,2022-06-25 07:17:29+06:30,2026-02-21 23:23:09.740344+06:30,f,,{},
f853cf83-bb0f-4d39-a1e2-1ac197ac767f,41365330-d16a-4ca2-a106-0a773567a48f,earthquake,0101000020E6100000105839B4C89E57402D431CEBE2463540,4.00,medium,USGS,us6000hysp,2022-06-25 07:17:29.977+06:30,2026-02-21 23:23:10.356804+06:30,f,,{},
5852dc33-1b2c-4a11-bc09-e46925a31e66,21a5f06b-b872-415a-b3f0-8a777faa04eb,earthquake,0101000020E6100000E17A14AE47B157407B14AE47E17A3240,4.10,medium,EMSC,1145551,2022-07-05 22:59:50.6+06:30,2026-02-21 23:23:10.624979+06:30,f,,{},
59281a71-9633-4fd5-8eeb-444002ca6fce,9fac8069-57d9-4975-8105-7c5b811a59cf,earthquake,0101000020E6100000C3F5285C8F9257408FC2F5285C8F2440,4.90,medium,EMSC,1145526,2022-07-05 21:20:17.7+06:30,2026-02-21 23:23:10.634367+06:30,f,,{},
610c8f08-f2d0-4b24-b3b1-4b5dbc5f0e04,1a6d86f8-6f01-4bf3-ab96-233ab32af3a1,earthquake,0101000020E6100000295C8FC2F5885740E17A14AE47E12440,4.30,medium,EMSC,1147742,2022-07-05 16:54:14.3+06:30,2026-02-21 23:23:10.638846+06:30,f,,{},
d9ef6f3a-a15d-4568-b2e8-d66effc65508,04ae18fe-3bcb-4998-9033-2a7c5a3256f0,earthquake,0101000020E610000014AE47E17A9457400AD7A3703D8A2440,4.70,medium,EMSC,1145427,2022-07-05 16:14:03+06:30,2026-02-21 23:23:10.6422+06:30,f,,{},
c89afe85-3c24-4ca6-b405-804676f0e445,00e003ad-538e-4958-a3f5-98bf32d03aaa,earthquake,0101000020E61000006666666666865740C3F5285C8FC22440,4.30,medium,EMSC,1147731,2022-07-05 14:49:07.7+06:30,2026-02-21 23:23:10.645306+06:30,f,,{},
b34fb75b-00d5-4e62-a066-efc42a9b2c1b,7d1dae1a-c144-4d0e-99cc-3d4cac12309d,earthquake,0101000020E6100000B81E85EB518857408FC2F5285C8F2440,4.90,medium,EMSC,1145393,2022-07-05 14:18:33.6+06:30,2026-02-21 23:23:10.649439+06:30,f,,{},
48677cdf-a2e3-4dc0-91b4-757a9cd5adf5,94f3440d-be62-4e9b-8ada-b7060d7696a6,earthquake,0101000020E6100000CDCCCCCCCC8C5740295C8FC2F5A82440,4.30,medium,EMSC,1147024,2022-07-05 13:16:45.2+06:30,2026-02-21 23:23:10.653883+06:30,f,,{},
70ebabee-b267-435e-b610-c590f012539c,fe29b2f9-d8d6-4dc7-aaa3-10f62d07d45a,earthquake,0101000020E6100000713D0AD7A3905740F6285C8FC2752440,4.90,medium,EMSC,1145370,2022-07-05 12:36:13.5+06:30,2026-02-21 23:23:10.658837+06:30,f,,{},
69c4d6f1-63bd-4059-91f7-801e8967124b,f5fa0e04-5700-410e-9b43-01cad525a965,earthquake,0101000020E6100000E17A14AE474157405C8FC2F5289C3840,3.70,low,EMSC,1145363,2022-07-05 12:03:48+06:30,2026-02-21 23:23:10.662554+06:30,f,,{},
3082747b-7d55-424a-9d51-ee3aa25fa469,4e400bd0-9c24-4be6-9493-d8e9b8d65246,earthquake,0101000020E610000048E17A14AE775740E17A14AE47E12440,4.30,medium,EMSC,1147304,2022-07-05 09:51:57.2+06:30,2026-02-21 23:23:10.666889+06:30,f,,{},
b8be8a37-5fa4-4fd6-b8f8-5edce58bcad4,9c8bcd75-ce06-405f-8bc6-19f7d82cd0a2,earthquake,0101000020E6100000D7A3703D0A875740295C8FC2F5A82440,4.80,medium,EMSC,1145319,2022-07-05 09:04:57.9+06:30,2026-02-21 23:23:10.670321+06:30,f,,{},
709ba24a-9e3f-4c19-abc1-d3ff5e25633f,842bb0e5-0a43-4caa-85e8-59795312c9d6,earthquake,0101000020E61000003333333333835740F6285C8FC2752440,4.20,medium,EMSC,1147218,2022-07-05 07:40:46.4+06:30,2026-02-21 23:23:10.675266+06:30,f,,{},
9228749c-23d6-488c-9f5c-de90f73ebcc2,6bba743d-fa62-4940-b3fa-421f01250265,earthquake,0101000020E61000008FC2F5285C8F57403D0AD7A370BD2440,5.40,medium,EMSC,1145283,2022-07-05 06:56:58.3+06:30,2026-02-21 23:23:10.678858+06:30,f,,{},
605901c6-9e36-4791-9859-79e902a8f7ca,6f408fc9-4c14-45a4-bc04-010af61a1671,earthquake,0101000020E61000003D0AD7A3708D5740EC51B81E856B2440,4.60,medium,EMSC,1145270,2022-07-05 05:45:12.9+06:30,2026-02-21 23:23:10.683048+06:30,f,,{},
0d6a7b12-4045-42a7-b9e0-02a01f605638,0636da63-7d0d-4226-a415-377996aba313,earthquake,0101000020E6100000CDCCCCCCCC8C5740EC51B81E85EB2440,4.20,medium,EMSC,1147995,2022-07-05 04:29:01+06:30,2026-02-21 23:23:10.687235+06:30,f,,{},
86364d03-c2b0-4415-b899-c0eb15452288,00f491e1-dc9b-4a98-abff-66778a8f47d5,earthquake,0101000020E61000000AD7A3703D7A5740F6285C8FC2F52340,5.00,medium,EMSC,1145239,2022-07-05 03:54:41+06:30,2026-02-21 23:23:10.692973+06:30,f,,{},
788a9bd3-0646-4543-98a2-b0444a630db3,2eed3550-244f-476a-bcd0-94830b459803,earthquake,0101000020E6100000713D0AD7A3905740CDCCCCCCCCCC2440,4.40,medium,EMSC,1145243,2022-07-05 03:48:26.1+06:30,2026-02-21 23:23:10.697791+06:30,f,,{},
d9dc54fb-f6b3-48ec-8ddc-4011a1fa164f,2eed3550-244f-476a-bcd0-94830b459803,earthquake,0101000020E6100000AE47E17A148E5740CDCCCCCCCCCC2440,4.90,medium,EMSC,1145234,2022-07-05 03:33:57.2+06:30,2026-02-21 23:23:10.702738+06:30,f,,{},
f3d0d5d3-409f-4779-a7c2-386a44b0b710,75d60827-1ab5-4974-8738-d65099afc558,earthquake,0101000020E61000000000000000905740F6285C8FC2F52440,4.90,medium,EMSC,1145229,2022-07-05 03:13:48.5+06:30,2026-02-21 23:23:10.708404+06:30,f,,{},
db473216-5da2-443a-a3d4-b59ae6be52b4,cae1c85c-bc85-428c-98c1-9c95bc194ff1,earthquake,0101000020E610000085EB51B81E8557405C8FC2F5285C2540,4.90,medium,EMSC,1145222,2022-07-05 02:48:14.6+06:30,2026-02-21 23:23:10.71373+06:30,f,,{},
42e56ecc-bd16-48aa-8702-3385eb451fe2,ea594e67-8c83-46c5-955a-be4a9372a362,earthquake,0101000020E610000000000000008057407B14AE47E17A2440,4.50,medium,EMSC,1147197,2022-07-05 02:32:48.6+06:30,2026-02-21 23:23:10.717778+06:30,f,,{},
e87f93a2-84ab-4bd4-8a22-054f7f4f70bf,a201451f-0b13-4b16-b778-1c6fd3f132c7,earthquake,0101000020E61000009A99999999A95740F6285C8FC2F52440,4.80,medium,EMSC,1145218,2022-07-05 02:30:43.3+06:30,2026-02-21 23:23:10.722588+06:30,f,,{},
33ca498f-00f2-458b-93eb-8307fb1ba0fc,d18b4b9e-3cd2-4128-8ebe-7046a2d5dd15,earthquake,0101000020E6100000CDCCCCCCCC9C57407B14AE47E1FA2440,5.00,medium,EMSC,1145211,2022-07-05 02:07:02.9+06:30,2026-02-21 23:23:10.726507+06:30,f,,{},
5b4a13db-3bfd-4aff-a9a2-09cd4f1ca189,02c0f786-1448-4faf-b0a7-45d535aba6fd,earthquake,0101000020E6100000713D0AD7A3705740A4703D0AD7232540,4.60,medium,EMSC,1145206,2022-07-05 01:46:38.1+06:30,2026-02-21 23:23:10.731332+06:30,f,,{},
d51388e3-6ff5-4e80-b8bf-b760ca0e9f78,9e749b85-2a3b-4a8c-89f8-7aa0115b0228,earthquake,0101000020E61000003333333333B35840713D0AD7A3303440,3.50,low,EMSC,1145214,2022-07-05 01:16:21+06:30,2026-02-21 23:23:10.735863+06:30,f,,{},
31c81703-e070-48fa-b318-95fa98a25cbf,b7d058da-1de7-4d16-b545-abefc2ef57a0,earthquake,0101000020E6100000333333333383574048E17A14AE472440,4.20,medium,EMSC,1147146,2022-07-05 01:03:26.6+06:30,2026-02-21 23:23:10.741474+06:30,f,,{},
ed533830-f4da-4efd-8956-86b2c43c8bf2,ffd32e40-6190-4d55-8eb5-7fe26efe962b,earthquake,0101000020E610000014AE47E17A9457409A99999999192540,4.70,medium,EMSC,1145203,2022-07-05 00:37:44.9+06:30,2026-02-21 23:23:10.746116+06:30,f,,{},
052345b8-70d1-4468-9fa9-c1203ae16ad0,bcf2389b-5110-4acf-8da9-c93df297e24f,earthquake,0101000020E610000066666666668657407B14AE47E17A2440,4.80,medium,EMSC,1145185,2022-07-05 00:34:26+06:30,2026-02-21 23:23:10.750378+06:30,f,,{},
1148dabc-133e-44af-be10-30f39e8313b8,db85d342-427a-442e-b07c-3cff18683867,earthquake,0101000020E61000000AD7A3703D8A574052B81E85EBD12440,4.90,medium,EMSC,1145175,2022-07-05 00:01:21+06:30,2026-02-21 23:23:10.755325+06:30,f,,{},
e88dff47-f4e1-4903-afa4-09bbed19b2cb,2de146a5-f7ad-403b-82b7-e2ee80237bef,earthquake,0101000020E6100000B81E85EB5188574014AE47E17A942340,4.50,medium,EMSC,1145134,2022-07-04 20:49:37.5+06:30,2026-02-21 23:23:10.760004+06:30,f,,{},
c2714d3b-d2bc-40fd-b671-ca22f8e103c0,e31ba110-a57f-4ec1-bc19-447dcd2555c1,earthquake,0101000020E6100000295C8FC2F5885740AE47E17A14AE2440,4.20,medium,EMSC,1148272,2022-07-04 20:18:36.4+06:30,2026-02-21 23:23:10.764536+06:30,f,,{},
9674f7f2-5c36-4961-a670-4f15dd736215,54de23e8-5653-45db-9d7d-05b56c72d304,earthquake,0101000020E6100000EC51B81E858B5740E17A14AE47E12440,4.30,medium,EMSC,1147005,2022-07-04 19:26:53+06:30,2026-02-21 23:23:10.767808+06:30,f,,{},
04e910bd-ea1d-45e4-9a8c-e83c8496be1f,54de23e8-5653-45db-9d7d-05b56c72d304,earthquake,0101000020E61000001F85EB51B88E5740F6285C8FC2752440,4.50,medium,EMSC,1146364,2022-07-04 19:21:33.6+06:30,2026-02-21 23:23:10.771245+06:30,f,,{},
2f51b211-bcfb-43e1-abeb-8c32d864ad9b,bc2f1753-cb5f-4375-9a38-545bdb9a0255,earthquake,0101000020E6100000295C8FC2F5885740B81E85EB51382440,4.60,medium,EMSC,1145088,2022-07-04 18:50:35+06:30,2026-02-21 23:23:10.776227+06:30,f,,{},
73acd484-786e-432c-ba02-e86a683f7732,3352291f-fc9e-4027-a569-d76b3c6a3538,earthquake,0101000020E610000052B81E85EB91574052B81E85EBD12440,5.00,medium,EMSC,1145073,2022-07-04 18:18:11.8+06:30,2026-02-21 23:23:10.7796+06:30,f,,{},
b28c7ce8-85af-4bad-8464-7b5577fc9507,b75f62c8-a7e7-4c0c-b876-765fbaaf0500,earthquake,0101000020E610000052B81E85EB915740E17A14AE47E12440,4.10,medium,EMSC,1147010,2022-07-04 17:45:37.9+06:30,2026-02-21 23:23:10.783178+06:30,f,,{},
7af6079b-e7e8-4ba8-8304-17f20985e600,2a564e2b-7791-4760-a5cb-eda7d034ed2d,earthquake,0101000020E61000003D0AD7A3708D5740A4703D0AD7A32440,4.50,medium,EMSC,1145049,2022-07-04 16:39:04.5+06:30,2026-02-21 23:23:10.786355+06:30,f,,{},
b4b63f60-78d4-4bb7-a5b4-729fbcc8561d,2a564e2b-7791-4760-a5cb-eda7d034ed2d,earthquake,0101000020E61000009A99999999895740CDCCCCCCCCCC2440,5.00,medium,EMSC,1145043,2022-07-04 16:25:20.4+06:30,2026-02-21 23:23:10.791244+06:30,f,,{},
fcf1b9b1-ad21-4c49-9ae5-0d5249771a06,2a564e2b-7791-4760-a5cb-eda7d034ed2d,earthquake,0101000020E61000001F85EB51B88E57405C8FC2F528DC2440,4.50,medium,EMSC,1147422,2022-07-04 16:16:49.7+06:30,2026-02-21 23:23:10.795089+06:30,f,,{},
77ac1ff4-ca0a-4ac8-a4a0-4f705733fb1a,2a564e2b-7791-4760-a5cb-eda7d034ed2d,earthquake,0101000020E6100000A4703D0AD7935740B81E85EB51B82440,4.70,medium,EMSC,1145040,2022-07-04 16:02:33.7+06:30,2026-02-21 23:23:10.799201+06:30,f,,{},
5aae3364-f857-4e4d-a65c-c79777d5b7f3,d0344d6a-8681-4518-bfd7-95eded97b7ad,earthquake,0101000020E6100000D7A3703D0A77574085EB51B81E852440,4.30,medium,EMSC,1147374,2022-07-04 15:41:06.5+06:30,2026-02-21 23:23:10.803324+06:30,f,,{},
d9b9f841-bbdd-4fcc-ba40-ca73d1871aee,fd028331-3a3d-4884-b964-b43c6ae5ba51,earthquake,0101000020E6100000CDCCCCCCCC8C5740E17A14AE47E12440,5.60,medium,EMSC,1145028,2022-07-04 15:37:04.8+06:30,2026-02-21 23:23:10.808376+06:30,f,,{},
1794e4d0-f39e-4c92-b2f6-9093009cce96,972affbe-ba82-4daa-9243-a0331bcf7d51,earthquake,0101000020E6100000B81E85EB518857405C8FC2F528DC2440,5.10,medium,EMSC,1145016,2022-07-04 15:06:19.3+06:30,2026-02-21 23:23:10.813042+06:30,f,,{},
7e1914ea-f225-41d4-bba3-8c4210c027b8,972affbe-ba82-4daa-9243-a0331bcf7d51,earthquake,0101000020E6100000CDCCCCCCCC8C57409A99999999992440,4.70,medium,EMSC,1145017,2022-07-04 14:55:27.8+06:30,2026-02-21 23:23:10.816293+06:30,f,,{},
87555954-05a1-4536-bda3-d09755798854,cfcc6f33-610f-4502-a3f0-f15d84f9f9b8,earthquake,0101000020E61000009A9999999989574048E17A14AEC72440,4.90,medium,EMSC,1145006,2022-07-04 14:32:40.2+06:30,2026-02-21 23:23:10.819158+06:30,f,,{},
a50cfcc0-271d-4696-8de8-b11775b68dcd,b72f4914-4292-4d2a-a08f-7ccbf176886e,earthquake,0101000020E610000014AE47E17A845740D7A3703D0AD72440,4.70,medium,EMSC,1144973,2022-07-04 12:05:52.6+06:30,2026-02-21 23:23:10.823288+06:30,f,,{},
78b0d5f3-bed4-47c7-b6e1-30b3bebb358c,74958587-6224-4d52-a0f3-5476f07f4d20,earthquake,0101000020E6100000CDCCCCCCCCFC5840713D0AD7A3303540,3.70,low,EMSC,1144797,2022-07-03 22:10:15+06:30,2026-02-21 23:23:10.826602+06:30,f,,{},
7b2b43b2-1514-4d00-9c86-35f3acb53b8e,677a5255-8061-4ae3-b6a3-fa599b0287f4,earthquake,0101000020E61000005C8FC2F528BC57409A99999999993340,5.30,medium,EMSC,1144642,2022-07-03 08:56:15.2+06:30,2026-02-21 23:23:10.830677+06:30,f,,{},
5cd34ade-c81d-4343-ab70-6a772169202a,ada60990-f23f-4ecd-8aed-11c016764fdb,earthquake,0101000020E6100000295C8FC2F5F858401F85EB51B81E3540,4.10,medium,EMSC,1144474,2022-07-02 21:31:27+06:30,2026-02-21 23:23:10.833959+06:30,f,,{},
dab9ef9e-7273-4cda-b9d0-e62fbd4a278f,f13e4583-bcaf-422b-9d7e-c07d86d21f70,earthquake,0101000020E61000007B14AE47E1FA58401F85EB51B81E3540,3.90,low,EMSC,1144079,2022-07-01 17:43:42+06:30,2026-02-21 23:23:10.837184+06:30,f,,{},
c975aa7b-47de-4eed-87c9-53696033c8f8,8f59e98d-8550-4d22-8cef-88986039a9c5,earthquake,0101000020E6100000295C8FC2F5F85840EC51B81E852B3540,4.00,medium,EMSC,1143885,2022-07-01 03:19:59+06:30,2026-02-21 23:23:10.84264+06:30,f,,{},
723a7219-faf3-4481-99d5-7b8042e485ad,3571f0e9-2426-4145-bd9b-a7b59bd306f4,earthquake,0101000020E61000009A99999999F95840EC51B81E852B3540,3.60,low,EMSC,1143841,2022-07-01 00:21:31+06:30,2026-02-21 23:23:10.846186+06:30,f,,{},
5d30072c-3b09-4d0e-a2de-d76b2ea468c0,2df0285a-c79f-4915-b4a3-9d15a9255d62,earthquake,0101000020E6100000EC51B81E85FB5840EC51B81E852B3540,3.50,low,EMSC,1143705,2022-06-30 14:38:30+06:30,2026-02-21 23:23:10.849548+06:30,f,,{},
51cfe43e-392c-42b3-9e0e-0ff11fca108a,63149bb8-53c6-4c74-a228-484990dceee0,earthquake,0101000020E61000000AD7A3703DFA58406666666666263540,4.00,medium,EMSC,1143628,2022-06-30 07:51:11+06:30,2026-02-21 23:23:10.852898+06:30,f,,{},
1657a246-3bc5-4695-91e2-88fd1297635e,bff2b7c4-0f8f-4ce4-9ada-a22be8fd9cc2,earthquake,0101000020E61000003D0AD7A370FD58406666666666263540,3.60,low,EMSC,1143584,2022-06-30 05:20:52+06:30,2026-02-21 23:23:10.857274+06:30,f,,{},
5070954e-36e3-4f06-b313-01940b6f2399,d2a85d66-e378-4a2f-8a10-03ccf68f7f71,earthquake,0101000020E6100000AE47E17A14FE5840295C8FC2F5283540,3.50,low,EMSC,1143539,2022-06-30 02:25:35+06:30,2026-02-21 23:23:10.860437+06:30,f,,{},
2af57d95-af38-4bb0-b58a-fd0de4186741,cda6ff64-d17d-42ff-b5f7-1237323c4301,earthquake,0101000020E6100000B81E85EB51F858409A99999999193540,4.80,medium,EMSC,1143519,2022-06-30 01:24:43+06:30,2026-02-21 23:23:10.865213+06:30,f,,{},
3678c4c7-1b45-4fbf-8062-5d2a35903f2f,8a1f64a7-b74b-4649-8b6b-ae9a6fcdff0c,earthquake,0101000020E61000003D0AD7A3709D5740C3F5285C8F423740,4.60,medium,EMSC,1143497,2022-06-30 00:31:56.2+06:30,2026-02-21 23:23:10.868388+06:30,f,,{},
4d21aac8-67b8-4f89-81f8-9582c6d9c002,21a5f06b-b872-415a-b3f0-8a777faa04eb,earthquake,0101000020E61000009D11A5BDC1AF57408048BF7D1D783240,4.10,medium,USGS,us6000i00z,2022-07-05 22:59:50.146+06:30,2026-02-21 23:23:11.206785+06:30,f,,{},
6fc9b8e4-310c-444f-941b-1569396bb569,5ccd0cca-3137-4c9b-ad5e-2462d6bcef0f,earthquake,0101000020E61000003C4ED1915C8A57404260E5D0221B2540,4.90,medium,USGS,us6000i008,2022-07-05 21:20:19.975+06:30,2026-02-21 23:23:11.212012+06:30,f,,{},
9a647bf8-708b-423c-a39d-beb99e52502c,f6692c2d-6de6-4df9-9d6e-2620811936bb,earthquake,0101000020E6100000B6847CD0B3895740068195438BCC2440,4.20,medium,USGS,us6000i0y2,2022-07-05 19:46:44.407+06:30,2026-02-21 23:23:11.215197+06:30,f,,{},
db4f5897-93f0-4ae8-b4f2-4d57fbb0b215,203fde5c-d79c-47d6-9e66-8ae3d85a2cb7,earthquake,0101000020E6100000FAEDEBC0398F57406B9A779CA2C32440,4.00,medium,USGS,us6000i0xz,2022-07-05 17:42:51.217+06:30,2026-02-21 23:23:11.218156+06:30,f,,{},
a6140e4c-6d92-4151-a0c9-3e64277081c9,1a6d86f8-6f01-4bf3-ab96-233ab32af3a1,earthquake,0101000020E6100000D3BCE3141D895740D26F5F07CED92440,4.20,medium,USGS,us6000i0xu,2022-07-05 16:54:13.165+06:30,2026-02-21 23:23:11.222495+06:30,f,,{},
1028de01-ee9b-44f1-b447-709c9d36f847,04ae18fe-3bcb-4998-9033-2a7c5a3256f0,earthquake,0101000020E6100000304CA60A4695574029ED0DBE30992440,4.70,medium,USGS,us6000hzyw,2022-07-05 16:14:02.616+06:30,2026-02-21 23:23:11.228228+06:30,f,,{},
5936e8b0-4f0b-4449-8f45-5c07f0d2e8ec,00e003ad-538e-4958-a3f5-98bf32d03aaa,earthquake,0101000020E6100000984C158C4A8657406B9A779CA2C32440,4.30,medium,USGS,us6000i0xk,2022-07-05 14:49:07.72+06:30,2026-02-21 23:23:11.232927+06:30,f,,{},
94b1d127-0641-49a6-8708-8d69fe1653cf,7d1dae1a-c144-4d0e-99cc-3d4cac12309d,earthquake,0101000020E6100000A7E8482EFF895740F697DD9387852440,4.80,medium,USGS,us6000hzy9,2022-07-05 14:18:33.145+06:30,2026-02-21 23:23:11.236569+06:30,f,,{},
9f52ec00-13fa-4a0a-87b3-f2218d7f7786,94f3440d-be62-4e9b-8ada-b7060d7696a6,earthquake,0101000020E61000008D28ED0DBE8C574063EE5A423EA82440,4.30,medium,USGS,us6000i0xd,2022-07-05 13:16:45.203+06:30,2026-02-21 23:23:11.241574+06:30,f,,{},
7129bd8e-aa18-42bc-8709-1b739bdf312a,fe29b2f9-d8d6-4dc7-aaa3-10f62d07d45a,earthquake,0101000020E61000003CBD5296219257402A3A92CB7F882440,5.00,medium,USGS,us6000hzxm,2022-07-05 12:36:13.69+06:30,2026-02-21 23:23:11.246949+06:30,f,,{},
c5fc6095-8ea7-4394-b331-9f7ea3856dfe,4e400bd0-9c24-4be6-9493-d8e9b8d65246,earthquake,0101000020E610000048E17A14AE77574016FBCBEEC9E32440,4.30,medium,USGS,us6000i0xm,2022-07-05 09:51:57.19+06:30,2026-02-21 23:23:11.250769+06:30,f,,{},
161fd169-ef42-4dca-b775-af654ed4cde2,9c8bcd75-ce06-405f-8bc6-19f7d82cd0a2,earthquake,0101000020E6100000401361C3D38357407FD93D7958A82440,4.90,medium,USGS,us6000hzwp,2022-07-05 09:04:57.675+06:30,2026-02-21 23:23:11.255674+06:30,f,,{},
f95eb3f0-8cee-4028-8e44-77bd8da8f8b9,842bb0e5-0a43-4caa-85e8-59795312c9d6,earthquake,0101000020E6100000E561A1D634835740D881734694762440,4.20,medium,USGS,us6000i0x4,2022-07-05 07:40:46.372+06:30,2026-02-21 23:23:11.259644+06:30,f,,{},
de35da47-2940-45e8-a9cc-20b886413336,6bba743d-fa62-4940-b3fa-421f01250265,earthquake,0101000020E61000009C33A2B43790574064CC5D4BC8A72440,5.40,medium,USGS,us6000hzwa,2022-07-05 06:56:56.477+06:30,2026-02-21 23:23:11.264459+06:30,f,,{},
dfafd0b6-17d1-44e3-b505-3de3d3885a04,7cd8a9fe-ce0a-42e3-b6b0-9957e0d9088c,earthquake,0101000020E61000008BFD65F7E475574058A835CD3B8E2440,4.50,medium,USGS,us6000i0x3,2022-07-05 06:40:04.562+06:30,2026-02-21 23:23:11.267809+06:30,f,,{},
14e0975d-ea0f-4923-8649-38894e76b9cf,6851bf8a-3286-42e6-b837-18a7a5a7f14e,earthquake,0101000020E6100000F085C954C1845740BBB88D06F0D62440,4.50,medium,USGS,us6000i0wg,2022-07-05 06:08:46.553+06:30,2026-02-21 23:23:11.272189+06:30,f,,{},
3ced389d-769b-4fed-b30c-9d0994a66a0c,6f408fc9-4c14-45a4-bc04-010af61a1671,earthquake,0101000020E6100000107A36AB3E8F5740107A36AB3E772440,4.60,medium,USGS,us6000hzw2,2022-07-05 05:45:13.225+06:30,2026-02-21 23:23:11.276481+06:30,f,,{},
d820005f-264f-4842-a274-e8c2fbccea8e,0636da63-7d0d-4226-a415-377996aba313,earthquake,0101000020E61000007F6ABC74938C5740E9B7AF03E7EC2440,4.20,medium,USGS,us6000i0w9,2022-07-05 04:29:01.988+06:30,2026-02-21 23:23:11.2803+06:30,f,,{},
5ef70d42-c393-48ef-bf02-2af903adab73,2eed3550-244f-476a-bcd0-94830b459803,earthquake,0101000020E6100000B7D100DE028957405E4BC8073D9B2440,4.90,medium,USGS,us6000hzv5,2022-07-05 03:54:41.456+06:30,2026-02-21 23:23:11.283593+06:30,f,,{},
1b8599da-4253-439d-9fab-cb9eebaeccbb,2eed3550-244f-476a-bcd0-94830b459803,earthquake,0101000020E6100000545227A08990574073D712F241CF2440,4.40,medium,USGS,us6000hzv3,2022-07-05 03:48:26.125+06:30,2026-02-21 23:23:11.287706+06:30,f,,{},
dae8f07f-2338-49c8-9513-9b3156976775,2eed3550-244f-476a-bcd0-94830b459803,earthquake,0101000020E6100000CE88D2DEE08F5740A323B9FC87B42440,4.90,medium,USGS,us6000hzuu,2022-07-05 03:33:56.176+06:30,2026-02-21 23:23:11.292418+06:30,f,,{},
1ee43440-5121-41ed-90ff-3b9b5f74cf32,75d60827-1ab5-4974-8738-d65099afc558,earthquake,0101000020E6100000772D211FF4905740107A36AB3ED72440,4.90,medium,USGS,us6000hzus,2022-07-05 03:13:48.593+06:30,2026-02-21 23:23:11.296967+06:30,f,,{},
d5f406ce-45d8-45cd-9345-eb84a20f8c41,cae1c85c-bc85-428c-98c1-9c95bc194ff1,earthquake,0101000020E6100000736891ED7C8B574096438B6CE71B2540,4.90,medium,USGS,us6000hzup,2022-07-05 02:48:13.15+06:30,2026-02-21 23:23:11.300984+06:30,f,,{},
98b8de88-268a-4966-90dc-22fc75303eaa,ea594e67-8c83-46c5-955a-be4a9372a362,earthquake,0101000020E6100000AA6054522780574099BB96900F7A2440,4.50,medium,USGS,us6000i0x2,2022-07-05 02:32:48.649+06:30,2026-02-21 23:23:11.30504+06:30,f,,{},
a7e54b93-48e2-4b50-9f7a-2dcbb40c7637,a201451f-0b13-4b16-b778-1c6fd3f132c7,earthquake,0101000020E6100000B6F3FDD4789D574076711B0DE0ED2440,4.60,medium,USGS,us6000hzuk,2022-07-05 02:30:39.497+06:30,2026-02-21 23:23:11.310314+06:30,f,,{},
cae2f569-41a9-4ba9-a4d4-ca37740b5d5b,abcfe4ed-55c3-48b8-a248-cb960e5ff73f,earthquake,0101000020E61000002575029A087B57409E5E29CB10872440,5.00,medium,USGS,us6000hzue,2022-07-05 02:06:57+06:30,2026-02-21 23:23:11.315655+06:30,f,,{},
a8c75d2b-c414-42be-a325-7af70397e5fe,02c0f786-1448-4faf-b0a7-45d535aba6fd,earthquake,0101000020E6100000C05B2041F16B57401F85EB51B8BE2440,4.60,medium,USGS,us6000hzua,2022-07-05 01:46:36.014+06:30,2026-02-21 23:23:11.319995+06:30,f,,{},
50e3d62b-c3e6-445a-8d12-7c63c41420e9,b7d058da-1de7-4d16-b545-abefc2ef57a0,earthquake,0101000020E610000011C7BAB88D8657404F401361C3532440,4.20,medium,USGS,us6000i0vx,2022-07-05 01:03:26.316+06:30,2026-02-21 23:23:11.324178+06:30,f,,{},
e6267d4c-6370-45d1-b7b6-feb29cf31cd0,ffd32e40-6190-4d55-8eb5-7fe26efe962b,earthquake,0101000020E610000018265305A38E5740DDB5847CD0D32440,4.70,medium,USGS,us6000hzu3,2022-07-05 00:37:44.228+06:30,2026-02-21 23:23:11.328191+06:30,f,,{},
372563ee-52a7-4dc7-b449-c1cfe341a867,bcf2389b-5110-4acf-8da9-c93df297e24f,earthquake,0101000020E6100000265305A392865740956588635D7C2440,4.80,medium,USGS,us6000i0w4,2022-07-05 00:34:26.023+06:30,2026-02-21 23:23:11.333412+06:30,f,,{},
a45b5ff2-4785-4e57-9432-32bbcab92712,bcf2389b-5110-4acf-8da9-c93df297e24f,earthquake,0101000020E6100000BA6B09F9A08F5740F9A067B3EAD32440,4.10,medium,USGS,us6000i0x1,2022-07-05 00:33:50.25+06:30,2026-02-21 23:23:11.337825+06:30,f,,{},
8b9e548a-ab03-4ea3-97df-6f5406034e9a,db85d342-427a-442e-b07c-3cff18683867,earthquake,0101000020E6100000C7BAB88D06905740956588635DDC2440,4.90,medium,USGS,us6000hztp,2022-07-05 00:01:21.363+06:30,2026-02-21 23:23:11.343642+06:30,f,,{},
e3de9a76-67a4-4c9c-b468-b23ade3ac999,27bff5d5-0c77-48b8-b683-c2ab9390be53,earthquake,0101000020E6100000560E2DB29D8F57403A92CB7F48BF2440,4.20,medium,USGS,us6000i0vv,2022-07-04 21:43:07.749+06:30,2026-02-21 23:23:11.347693+06:30,f,,{},
016600ff-73e2-4e79-b32b-cc0698555acb,27bff5d5-0c77-48b8-b683-c2ab9390be53,earthquake,0101000020E610000000917EFB3A885740E4141DC9E59F2440,4.40,medium,USGS,us6000i0vp,2022-07-04 21:33:43.22+06:30,2026-02-21 23:23:11.350576+06:30,f,,{},
430f3095-6a18-47b7-b426-6a27605b086a,2de146a5-f7ad-403b-82b7-e2ee80237bef,earthquake,0101000020E6100000789CA223B9885740E9B7AF03E7EC2340,4.50,medium,USGS,us6000hzsh,2022-07-04 20:49:39.15+06:30,2026-02-21 23:23:11.355152+06:30,f,,{},
ac6f2804-4cf7-4f96-83c9-c2c30e719cd2,06d69e6c-bf1a-4ad2-93d4-e1d7aa4f33ee,earthquake,0101000020E6100000B1E1E995B28057408A8EE4F21FB22440,4.50,medium,USGS,us6000hzri,2022-07-04 20:46:07.734+06:30,2026-02-21 23:23:11.35984+06:30,f,,{},
7ebf1598-db9e-4ae8-af53-5f1a56629f35,e31ba110-a57f-4ec1-bc19-447dcd2555c1,earthquake,0101000020E6100000BE30992A18895740022B8716D9AE2440,4.20,medium,USGS,us6000i0vj,2022-07-04 20:18:36.387+06:30,2026-02-21 23:23:11.364174+06:30,f,,{},
0300dfee-90c1-41f6-b3c7-afeb0483852a,54de23e8-5653-45db-9d7d-05b56c72d304,earthquake,0101000020E6100000ACADD85F768B57401DC9E53FA4DF2440,4.30,medium,USGS,us6000i0ve,2022-07-04 19:26:53.028+06:30,2026-02-21 23:23:11.367382+06:30,f,,{},
e3183cd5-5d62-447e-9ef7-5c83463b205b,54de23e8-5653-45db-9d7d-05b56c72d304,earthquake,0101000020E6100000917EFB3A708E5740B9FC87F4DB772440,4.50,medium,USGS,us6000hzr6,2022-07-04 19:21:33.584+06:30,2026-02-21 23:23:11.370695+06:30,f,,{},
5903a32f-0a8a-4f16-87e5-637db8548f4b,bc2f1753-cb5f-4375-9a38-545bdb9a0255,earthquake,0101000020E61000007B14AE47E18E5740F163CC5D4B482440,4.60,medium,USGS,us6000hzr2,2022-07-04 18:50:35.476+06:30,2026-02-21 23:23:11.37569+06:30,f,,{},
d971ccfc-59e6-4be8-9018-01565d7dbe58,3352291f-fc9e-4027-a569-d76b3c6a3538,earthquake,0101000020E6100000BC0512143F925740B515FBCBEEC92440,5.00,medium,USGS,us6000hzqu,2022-07-04 18:18:11.309+06:30,2026-02-21 23:23:11.380064+06:30,f,,{},
82eebec7-4e40-4784-bdab-ee673b73e8e1,b75f62c8-a7e7-4c0c-b876-765fbaaf0500,earthquake,0101000020E6100000BC74931804925740C4B12E6EA3E12440,4.10,medium,USGS,us6000i0vr,2022-07-04 17:45:37.887+06:30,2026-02-21 23:23:11.383406+06:30,f,,{},
816bacaf-d3d5-4f59-9b37-48ae9e4fb8e3,2a564e2b-7791-4760-a5cb-eda7d034ed2d,earthquake,0101000020E61000003255302AA98B5740705F07CE19F12440,4.50,medium,USGS,us6000hzqc,2022-07-04 16:39:05.632+06:30,2026-02-21 23:23:11.386722+06:30,f,,{},
3ebdea49-9d56-43e6-b6a2-01b205d5936f,2a564e2b-7791-4760-a5cb-eda7d034ed2d,earthquake,0101000020E6100000CD3B4ED1918C5740B9FC87F4DBB72440,5.00,medium,USGS,us6000hzq5,2022-07-04 16:25:18.979+06:30,2026-02-21 23:23:11.39091+06:30,f,,{},
2264e153-2331-4e5d-96ad-ac95f8b445f7,2a564e2b-7791-4760-a5cb-eda7d034ed2d,earthquake,0101000020E6100000492EFF21FD8E5740D26F5F07CED92440,4.50,medium,USGS,us6000i0v5,2022-07-04 16:16:49.717+06:30,2026-02-21 23:23:11.395717+06:30,f,,{},
2e6720c7-f143-4978-9690-667777c287c3,2a564e2b-7791-4760-a5cb-eda7d034ed2d,earthquake,0101000020E6100000091B9E5E298B57400A68226C78BA2440,4.70,medium,USGS,us6000hzq2,2022-07-04 16:02:33.341+06:30,2026-02-21 23:23:11.399832+06:30,f,,{},
145c5ff4-3548-42dc-8180-07d8cefab1bc,d0344d6a-8681-4518-bfd7-95eded97b7ad,earthquake,0101000020E610000097FF907EFB76574032E6AE25E4832440,4.30,medium,USGS,us6000i0vm,2022-07-04 15:41:06.457+06:30,2026-02-21 23:23:11.403548+06:30,f,,{},
3d0a3199-614d-4598-98e2-02b0b799cbff,fd028331-3a3d-4884-b964-b43c6ae5ba51,earthquake,0101000020E6100000DA1B7C613289574093A98251499D2440,5.00,medium,USGS,us6000hzpu,2022-07-04 15:37:03.697+06:30,2026-02-21 23:23:11.408281+06:30,f,,{},
74161d30-9010-45dd-9829-a0bef63ceb68,fd028331-3a3d-4884-b964-b43c6ae5ba51,earthquake,0101000020E6100000C1A8A44E407F57409A779CA223192540,4.20,medium,USGS,us6000i0v3,2022-07-04 15:24:19.874+06:30,2026-02-21 23:23:11.412456+06:30,f,,{},
81af8f91-2992-4620-9345-d3e01d25857c,fd028331-3a3d-4884-b964-b43c6ae5ba51,earthquake,0101000020E6100000226C787AA58057409F3C2CD49AA62440,4.30,medium,USGS,us6000i0uy,2022-07-04 15:23:26.096+06:30,2026-02-21 23:23:11.416602+06:30,f,,{},
a68a9d2d-11e5-41f5-92c1-a42b88d2985d,fd028331-3a3d-4884-b964-b43c6ae5ba51,earthquake,0101000020E6100000D578E92631845740E5D022DBF95E2440,4.30,medium,USGS,us6000i0ux,2022-07-04 15:16:51.549+06:30,2026-02-21 23:23:11.419807+06:30,f,,{},
d1954f20-b592-4a0c-ab97-ed73dcb6340e,972affbe-ba82-4daa-9243-a0331bcf7d51,earthquake,0101000020E61000004D158C4AEA8857407F6ABC7493982440,4.10,medium,USGS,us6000i0v1,2022-07-04 15:10:50.995+06:30,2026-02-21 23:23:11.425063+06:30,f,,{},
e272a3ac-6669-4482-9daf-4175325db210,972affbe-ba82-4daa-9243-a0331bcf7d51,earthquake,0101000020E610000030BB270F0B89574023DBF97E6ADC2440,5.10,medium,USGS,us6000hzpp,2022-07-04 15:06:19.007+06:30,2026-02-21 23:23:11.429662+06:30,f,,{},
1dd37b81-fcf1-428e-9c49-2eb94cc69aff,972affbe-ba82-4daa-9243-a0331bcf7d51,earthquake,0101000020E6100000B4C876BE9F86574039D6C56D34A02440,4.50,medium,USGS,us6000i0uv,2022-07-04 15:01:12.958+06:30,2026-02-21 23:23:11.433861+06:30,f,,{},
a8ef7431-86ea-488d-8b2d-8c7790863d0f,972affbe-ba82-4daa-9243-a0331bcf7d51,earthquake,0101000020E6100000BE30992A188D574011363CBD52962440,4.40,medium,USGS,us6000hzpl,2022-07-04 14:55:27.023+06:30,2026-02-21 23:23:11.436916+06:30,f,,{},
57aa6dd7-cd35-4171-9004-69771c7590c2,cfcc6f33-610f-4502-a3f0-f15d84f9f9b8,earthquake,0101000020E6100000273108AC1C82574017B7D100DEA22440,4.80,medium,USGS,us6000hzpi,2022-07-04 14:32:38.928+06:30,2026-02-21 23:23:11.442117+06:30,f,,{},
c0d26adf-df9e-400c-b01d-33d2348eaa02,cfcc6f33-610f-4502-a3f0-f15d84f9f9b8,earthquake,0101000020E61000001FF46C567D7E5740B5A679C729BA2440,4.20,medium,USGS,us6000i0us,2022-07-04 14:31:24.837+06:30,2026-02-21 23:23:11.446577+06:30,f,,{},
7137f2c0-9a28-4acf-8e9d-0a26afc35e8e,6baa6a65-3809-4a4b-8de8-cae1aa0cdc87,earthquake,0101000020E610000060764F1E168A5740A323B9FC87F42440,4.30,medium,USGS,us6000i0un,2022-07-04 13:59:30.021+06:30,2026-02-21 23:23:11.450241+06:30,f,,{},
257458c0-a080-420b-911b-054299cbbda0,6baa6a65-3809-4a4b-8de8-cae1aa0cdc87,earthquake,0101000020E610000033333333338B5740705F07CE19D12440,4.30,medium,USGS,us6000i0vf,2022-07-04 13:51:12.801+06:30,2026-02-21 23:23:11.454085+06:30,f,,{},
504f9040-0843-4b42-aa4f-b3c7b36493a8,3d3e87f4-8871-4fb7-b3be-807d24b9dd12,earthquake,0101000020E61000007AA52C431CA35740F853E3A59B242540,4.20,medium,USGS,us6000i0v4,2022-07-04 12:47:45.344+06:30,2026-02-21 23:23:11.458373+06:30,f,,{},
37a0476e-ecac-490a-bacc-71904cff93e2,5b6912d9-aa80-4a4e-9c0b-008186472af3,earthquake,0101000020E61000000D71AC8BDB845740D578E92631882440,4.30,medium,USGS,us6000i0ul,2022-07-04 12:29:26.188+06:30,2026-02-21 23:23:11.462566+06:30,f,,{},
6a044f8d-54a1-47df-9ebd-c9db9f11a211,b72f4914-4292-4d2a-a08f-7ccbf176886e,earthquake,0101000020E61000003F575BB1BF845740ECC039234ABB2440,4.70,medium,USGS,us6000hznv,2022-07-04 12:05:51.743+06:30,2026-02-21 23:23:11.466653+06:30,f,,{},
dab05b2f-56a7-4e18-8546-e0e298b5459b,8f7789df-015d-4486-a263-db6388add7cb,earthquake,0101000020E6100000068195438B845740CD3B4ED191BC2440,4.10,medium,USGS,us6000i0uh,2022-07-04 11:34:49.855+06:30,2026-02-21 23:23:11.470379+06:30,f,,{},
c866a80e-bc67-4d38-acac-0d886c0f6c9e,677a5255-8061-4ae3-b6a3-fa599b0287f4,earthquake,0101000020E6100000508D976E12B757408E06F01648903340,5.10,medium,USGS,us6000hzh5,2022-07-03 08:56:12.521+06:30,2026-02-21 23:23:11.475162+06:30,f,,{},
e51b2cb2-f293-4532-bcd0-a66c1612726c,cda6ff64-d17d-42ff-b5f7-1237323c4301,earthquake,0101000020E6100000CC5D4BC807F95840A857CA32C4213540,4.70,medium,USGS,us6000hyji,2022-06-30 01:24:43.331+06:30,2026-02-21 23:23:11.479088+06:30,f,,{},
ae603b74-85e5-4fbe-b236-5eb8001d2e36,8a1f64a7-b74b-4649-8b6b-ae9a6fcdff0c,earthquake,0101000020E61000008048BF7D1DA0574026E4839ECD3A3740,4.60,medium,USGS,us6000hyiz,2022-06-30 00:31:58.223+06:30,2026-02-21 23:23:11.483123+06:30,f,,{},
93c966b2-ef73-4273-8dfb-af26dc4ceece,e3da44c8-02c4-4cd1-9f32-2cc2c2565d8c,earthquake,0101000020E610000066666666668657400000000000003840,3.50,low,EMSC,1147760,2022-07-12 16:22:34+06:30,2026-02-21 23:23:11.745354+06:30,f,,{},
25c51283-e65f-4231-b619-61d47b987834,860b94e2-5f6f-404e-b1a9-d7fa058db3e6,earthquake,0101000020E6100000EC51B81E859B5740CDCCCCCCCCCC3840,3.50,low,EMSC,1147340,2022-07-11 11:06:56+06:30,2026-02-21 23:23:11.754057+06:30,f,,{},
dc460fc1-66dc-4884-84d0-31a1606e4563,7c223800-d84c-46e3-a17b-3113dff536db,earthquake,0101000020E610000033333333336358403333333333333240,3.70,low,EMSC,1146705,2022-07-09 11:10:19+06:30,2026-02-21 23:23:11.757935+06:30,f,,{},
833a207c-c7bf-49d5-b75a-ec5968be887e,da1ddce1-20d4-4798-8141-49385e6530fe,earthquake,0101000020E61000006666666666765740F6285C8FC2753B40,3.70,low,EMSC,1146600,2022-07-09 05:14:11+06:30,2026-02-21 23:23:11.761207+06:30,f,,{},
9b05e9b8-746a-42de-9165-162854857d3d,99575760-0eb5-43e7-a5ab-78f7dc1f8e68,earthquake,0101000020E61000001F85EB51B8FE58407B14AE47E13A3540,3.90,low,EMSC,1146588,2022-07-09 04:30:54+06:30,2026-02-21 23:23:11.765633+06:30,f,,{},
9881c818-7581-41e5-bcf1-b0dd152d4dc0,ff258021-8a2e-4100-ae54-2a536923a4e2,earthquake,0101000020E6100000A4703D0AD7835740713D0AD7A3702440,4.50,medium,EMSC,1146581,2022-07-09 04:04:32.9+06:30,2026-02-21 23:23:11.77018+06:30,f,,{},
4c0e94f2-4930-49a3-b266-0a72aa93bde7,910b619b-d913-4da6-82e0-d08c1ea25c35,earthquake,0101000020E6100000E17A14AE47915740D7A3703D0AD72340,4.10,medium,EMSC,1149471,2022-07-09 03:53:56.2+06:30,2026-02-21 23:23:11.775355+06:30,f,,{},
2e02bf0b-177c-43b1-9acb-1b9b85cf92cf,ecac65e6-f870-411d-a5bb-b1a154115ab9,earthquake,0101000020E6100000B81E85EB5188574052B81E85EBD12440,5.30,medium,EMSC,1146578,2022-07-09 03:34:39.7+06:30,2026-02-21 23:23:11.778996+06:30,f,,{},
f9f18909-9993-423f-aba8-36ba6fe1dd9e,64a80beb-684c-4962-8d90-f78e7bf2841c,earthquake,0101000020E61000005C8FC2F5288C57403333333333B32440,4.50,medium,EMSC,1146542,2022-07-09 01:45:46.9+06:30,2026-02-21 23:23:11.783374+06:30,f,,{},
0b5ddf2d-cb46-4a69-8665-65737fb4c2c2,d99ce749-7750-4d42-b6fd-bc77f93b6f0b,earthquake,0101000020E6100000D7A3703D0A875740E17A14AE47E13B40,4.30,medium,EMSC,1146355,2022-07-08 11:00:25.9+06:30,2026-02-21 23:23:11.78693+06:30,f,,{},
df98afea-48f1-44b5-bf2b-2abe64e12da0,0842877e-3fa3-4c33-8560-2d05e7f260b3,earthquake,0101000020E610000052B81E85EB315840A4703D0AD7A33240,4.60,medium,EMSC,1146253,2022-07-08 03:31:15.8+06:30,2026-02-21 23:23:11.792866+06:30,f,,{},
d17e69c7-eff9-457c-9f68-745f88182f8c,461a0542-9156-401f-8821-92eb6fd9302e,earthquake,0101000020E6100000C3F5285C8F825740F6285C8FC2B53B40,3.50,low,EMSC,1146050,2022-07-07 10:17:14+06:30,2026-02-21 23:23:11.796721+06:30,f,,{},
06f1f23d-929d-454b-8367-b873f0feebce,cacc61ab-1142-4ed4-a9f4-904ea430f77f,earthquake,0101000020E61000003333333333835740D7A3703D0AD72440,4.30,medium,EMSC,1148409,2022-07-07 07:32:12+06:30,2026-02-21 23:23:11.801185+06:30,f,,{},
53cdb40e-72f8-44ed-8fdf-7a7616657914,587c1728-09d6-420e-b727-7cf0c83fb1c0,earthquake,0101000020E6100000EC51B81E857B584052B81E85EB113440,3.70,low,EMSC,1145983,2022-07-07 06:53:48+06:30,2026-02-21 23:23:11.807307+06:30,f,,{},
ccb4a451-1e28-4ab7-9c64-bedb2522ab60,80cb9494-afeb-4292-90bf-bcafe3096777,earthquake,0101000020E6100000AE47E17A148E57401F85EB51B89E2440,4.60,medium,EMSC,1145941,2022-07-07 02:21:50.2+06:30,2026-02-21 23:23:11.811379+06:30,f,,{},
6e5c981b-4bd3-41ed-af5d-3e5b344edcbe,30e47e97-a809-4ed2-aeac-1006321e4beb,earthquake,0101000020E6100000EC51B81E858B5740A4703D0AD7A32440,4.50,medium,EMSC,1145937,2022-07-07 01:01:23.2+06:30,2026-02-21 23:23:11.81533+06:30,f,,{},
eb220438-2059-4c97-8680-87d47237f737,f79cf0b5-e03d-470c-b7c3-8844f74b10cb,earthquake,0101000020E61000001F85EB51B88E5740AE47E17A14AE2440,4.50,medium,EMSC,1145935,2022-07-07 00:21:59.7+06:30,2026-02-21 23:23:11.819066+06:30,f,,{},
3eef77b1-0000-4864-9338-826151166fed,985b1a59-7a4d-4c72-ad27-75916240f2ab,earthquake,0101000020E610000048E17A14AE875740295C8FC2F5A82440,4.50,medium,EMSC,1145891,2022-07-06 21:46:27+06:30,2026-02-21 23:23:11.824816+06:30,f,,{},
0025e441-8dcb-47dc-9ee4-78089e8fadb7,c6692aeb-79d7-40e9-9ba7-cb6c6e8bef6c,earthquake,0101000020E6100000295C8FC2F5885740CDCCCCCCCCCC2440,5.00,medium,EMSC,1145760,2022-07-06 14:31:07+06:30,2026-02-21 23:23:11.828424+06:30,f,,{},
4f8048bd-0832-4ba4-89a1-9af0a7c13227,c564b86b-456f-4f4f-a8be-2816082772c8,earthquake,0101000020E6100000D7A3703D0A875740295C8FC2F5A82440,4.00,medium,EMSC,1148403,2022-07-06 07:02:44.3+06:30,2026-02-21 23:23:11.83233+06:30,f,,{},
2c24c075-f31b-476d-89e8-3870a6bb448c,c564b86b-456f-4f4f-a8be-2816082772c8,earthquake,0101000020E6100000295C8FC2F58857403D0AD7A370BD2440,4.90,medium,EMSC,1145644,2022-07-06 06:56:14.6+06:30,2026-02-21 23:23:11.835455+06:30,f,,{},
b330fe8b-84d9-40dd-a0dc-f80dbb62414a,ff258021-8a2e-4100-ae54-2a536923a4e2,earthquake,0101000020E610000011C7BAB88D8A57406C787AA52CA32440,4.50,medium,USGS,us6000i11i,2022-07-09 04:04:33.544+06:30,2026-02-21 23:23:12.386949+06:30,f,,{},
cc51d327-2a96-4e71-acf4-fd22a25abd08,910b619b-d913-4da6-82e0-d08c1ea25c35,earthquake,0101000020E610000005A3923A01915740643BDF4F8DD72340,4.10,medium,USGS,us6000i2pp,2022-07-09 03:53:56.176+06:30,2026-02-21 23:23:12.395962+06:30,f,,{},
173ce4cf-0845-475e-b905-2ba320b7747d,ecac65e6-f870-411d-a5bb-b1a154115ab9,earthquake,0101000020E6100000F2D24D62108C5740F46C567DAEF62440,5.20,medium,USGS,us6000i117,2022-07-09 03:34:40.152+06:30,2026-02-21 23:23:12.39949+06:30,f,,{},
90a55f87-aca3-43de-ac9e-0f6248ddde25,f459752c-96bf-4b59-950e-99244d7ccd59,earthquake,0101000020E6100000CE1951DA1B845740166A4DF38EB32440,4.20,medium,USGS,us6000i2pd,2022-07-09 02:06:45.401+06:30,2026-02-21 23:23:12.403013+06:30,f,,{},
f9dbc116-06c1-45b7-8b75-57c7b75a755f,64a80beb-684c-4962-8d90-f78e7bf2841c,earthquake,0101000020E610000058CA32C4B18E574051DA1B7C61D22440,4.80,medium,USGS,us6000i10d,2022-07-09 01:46:14.912+06:30,2026-02-21 23:23:12.407888+06:30,f,,{},
cb34d2f4-1c0f-4d07-8ffa-406de8d12cca,64a80beb-684c-4962-8d90-f78e7bf2841c,earthquake,0101000020E6100000AB3E575BB18B5740D50968226CB82440,4.50,medium,USGS,us6000i0zv,2022-07-09 01:45:46.921+06:30,2026-02-21 23:23:12.412536+06:30,f,,{},
b94cb5a1-f3ac-4058-befb-6b522dc38687,d99ce749-7750-4d42-b6fd-bc77f93b6f0b,earthquake,0101000020E610000073D712F2418757408B6CE7FBA9E13B40,4.30,medium,USGS,us6000i2nr,2022-07-08 11:00:25.912+06:30,2026-02-21 23:23:12.416264+06:30,f,,{},
4795428a-c949-449b-a0f7-bf1dafa76c33,0842877e-3fa3-4c33-8560-2d05e7f260b3,earthquake,0101000020E6100000355EBA490C325840F90FE9B7AFA33240,4.60,medium,USGS,us6000i247,2022-07-08 03:31:15.773+06:30,2026-02-21 23:23:12.419381+06:30,f,,{},
d8c0be4a-7738-4bad-9657-c9abb5ad486c,cacc61ab-1142-4ed4-a9f4-904ea430f77f,earthquake,0101000020E610000002BC051214835740F7E461A1D6D42440,4.30,medium,USGS,us6000i238,2022-07-07 07:32:12.039+06:30,2026-02-21 23:23:12.424262+06:30,f,,{},
2ffc8c79-3047-49e2-8f56-a822fb6336b4,80cb9494-afeb-4292-90bf-bcafe3096777,earthquake,0101000020E6100000D5E76A2BF68F5740AF25E4839EAD2440,4.60,medium,USGS,us6000i0cv,2022-07-07 02:21:51.066+06:30,2026-02-21 23:23:12.427685+06:30,f,,{},
a46350e3-0bcc-4e97-8afe-c95e10e82309,30e47e97-a809-4ed2-aeac-1006321e4beb,earthquake,0101000020E6100000FAEDEBC03987574068B3EA73B5D52440,4.50,medium,USGS,us6000i0bz,2022-07-07 01:01:23.829+06:30,2026-02-21 23:23:12.432305+06:30,f,,{},
8e2fa471-52d9-4eaa-bac1-4ea7bd21631e,f79cf0b5-e03d-470c-b7c3-8844f74b10cb,earthquake,0101000020E6100000D50968226C985740CCEEC9C342CD2440,4.50,medium,USGS,us6000i0bw,2022-07-07 00:22:00.412+06:30,2026-02-21 23:23:12.435476+06:30,f,,{},
c11e0c1b-09ec-47a9-a0b1-b0b25411130d,985b1a59-7a4d-4c72-ad27-75916240f2ab,earthquake,0101000020E61000001B9E5E29CB8457408351499D80C62440,4.50,medium,USGS,us6000i09u,2022-07-06 21:46:27.036+06:30,2026-02-21 23:23:12.441033+06:30,f,,{},
0c6a7d48-e027-467e-99d9-f87b209a38d3,c6692aeb-79d7-40e9-9ba7-cb6c6e8bef6c,earthquake,0101000020E61000007DD0B359F58D574023DBF97E6ABC2440,4.90,medium,USGS,us6000i07w,2022-07-06 14:31:06.482+06:30,2026-02-21 23:23:12.445819+06:30,f,,{},
56af6a18-8f72-413e-8126-dc293363b053,c564b86b-456f-4f4f-a8be-2816082772c8,earthquake,0101000020E6100000A52C431CEB86574082734694F6A62440,4.00,medium,USGS,us6000i1tz,2022-07-06 07:02:44.303+06:30,2026-02-21 23:23:12.450089+06:30,f,,{},
d8cd490f-b4ed-4825-96ac-094873016e5f,c564b86b-456f-4f4f-a8be-2816082772c8,earthquake,0101000020E6100000029A081B9E865740772D211FF4EC2440,4.90,medium,USGS,us6000i05y,2022-07-06 06:56:14.626+06:30,2026-02-21 23:23:12.453714+06:30,f,,{},
9e1cb485-cf06-43dc-b451-1d04f28d2d68,978d7ba1-6890-4473-9382-66c6dc7f3f5e,earthquake,0101000020E6100000295C8FC2F5A85740E17A14AE47A13740,4.30,medium,EMSC,1150514,2022-07-20 04:08:16.8+06:30,2026-02-21 23:23:12.713293+06:30,f,,{},
21295d8d-0ff0-4a0d-aa59-325809050ee2,84803d14-85be-47d5-9af3-fe7719a1d36e,earthquake,0101000020E61000001F85EB51B8FE5840F6285C8FC2353540,3.50,low,EMSC,1149961,2022-07-18 11:48:04+06:30,2026-02-21 23:23:12.721996+06:30,f,,{},
b9240431-bcfd-4d1b-b071-3e71e3f7c090,3efbdb98-d734-4e8a-a560-143e87300ed9,earthquake,0101000020E6100000EC51B81E859B5740F6285C8FC2353840,4.60,medium,EMSC,1149391,2022-07-17 00:42:48.3+06:30,2026-02-21 23:23:12.726169+06:30,f,,{},
8a342266-981c-41da-a504-b2174a380d0f,20b6f956-4bc9-45f0-bd66-8247d89db63f,earthquake,0101000020E6100000AE47E17A14FE57408FC2F5285C8F3540,4.30,medium,EMSC,1149255,2022-07-16 16:31:32.2+06:30,2026-02-21 23:23:12.729862+06:30,f,,{},
5959049f-1eb7-4ccd-a12a-6aa5fe325410,9175b160-6ece-4c28-a1f8-6ba32b719ae3,earthquake,0101000020E61000009A99999999C957409A99999999D93640,4.50,medium,EMSC,1149084,2022-07-16 06:18:49.3+06:30,2026-02-21 23:23:12.734076+06:30,f,,{},
d10c2195-6779-467f-b536-bdd4f2689b9b,978d7ba1-6890-4473-9382-66c6dc7f3f5e,earthquake,0101000020E610000063EE5A423EA45740C976BE9F1A8F3740,4.30,medium,USGS,us7000hrx3,2022-07-20 04:08:16.7+06:30,2026-02-21 23:23:13.288969+06:30,f,,{},
30fe2f84-d947-4545-94b4-923b487c9b07,3efbdb98-d734-4e8a-a560-143e87300ed9,earthquake,0101000020E61000009B559FABAD9C574039D6C56D34303840,4.50,medium,USGS,us6000i32w,2022-07-17 00:42:48.028+06:30,2026-02-21 23:23:13.298261+06:30,f,,{},
38695517-7536-4113-b48e-3f789c29c692,20b6f956-4bc9-45f0-bd66-8247d89db63f,earthquake,0101000020E61000008AB0E1E995FE57404D840D4FAF943540,4.30,medium,USGS,us6000i30f,2022-07-16 16:31:31.028+06:30,2026-02-21 23:23:13.301555+06:30,f,,{},
59633052-c9a6-4e63-bf77-fc49902d9adc,9175b160-6ece-4c28-a1f8-6ba32b719ae3,earthquake,0101000020E61000004772F90FE9D3574019E25817B7013740,4.40,medium,USGS,us6000i2wn,2022-07-16 06:18:49.478+06:30,2026-02-21 23:23:13.305288+06:30,f,,{},
2fc33da8-b9d1-4b67-adaf-b4008da9c2e4,1448dd9e-6d93-4108-a68a-6a5b781b20f0,earthquake,0101000020E61000008195438B6C8B5740D0B359F5B99A2440,4.40,medium,USGS,us7000hsnu,2022-07-14 08:06:40.836+06:30,2026-02-21 23:23:13.308105+06:30,f,,{},
b7d85026-9048-4963-9252-6b4fe61da488,300a5eb1-4f42-4c23-aa52-a0cf51ee136c,earthquake,0101000020E6100000F6285C8FC2555740C3F5285C8F823740,4.60,medium,EMSC,1152966,2022-07-26 21:43:43.3+06:30,2026-02-21 23:23:13.565841+06:30,f,,{},
04e322ef-75c5-47b9-9883-77d7e0fa807b,cda1db81-7b3b-4730-8373-032ca7eaa41f,earthquake,0101000020E61000007B14AE47E1FA5840A4703D0AD7233540,4.40,medium,EMSC,1152937,2022-07-26 19:58:56+06:30,2026-02-21 23:23:13.571546+06:30,f,,{},
d8a61ee2-8241-4bbb-981d-543485706fda,1434bd96-53bc-420c-a701-4bc4bb940a1c,earthquake,0101000020E6100000295C8FC2F5F858408FC2F5285C0F3540,4.10,medium,EMSC,1152911,2022-07-26 18:58:44.9+06:30,2026-02-21 23:23:13.575849+06:30,f,,{},
7894bb90-ea28-4ded-8ad2-d786107377a6,252005d0-0f32-471a-865e-e85bfd5841c1,earthquake,0101000020E61000003D0AD7A370FD5840D7A3703D0A173540,4.20,medium,EMSC,1152904,2022-07-26 18:21:14.9+06:30,2026-02-21 23:23:13.579369+06:30,f,,{},
e8bde86e-4c80-4e51-91af-095cfc7b7f1d,db465406-d776-4f0a-83f9-8ade3313f5c0,earthquake,0101000020E61000000AD7A3703DFA58401F85EB51B81E3540,3.70,low,EMSC,1152900,2022-07-26 17:29:34+06:30,2026-02-21 23:23:13.582919+06:30,f,,{},
6d0b27a9-d3f0-46ee-ad85-6fb1dd706304,3af04cc2-f9e8-46c8-9d3f-5574893c6a76,earthquake,0101000020E6100000AE47E17A14FE5840AE47E17A142E3540,3.50,low,EMSC,1152856,2022-07-26 14:36:26+06:30,2026-02-21 23:23:13.586483+06:30,f,,{},
92ec88f9-8f02-4c39-801d-c640d227d484,6ceab596-55f5-4039-92b5-3dd037b5198e,earthquake,0101000020E610000048E17A14AEF75840E17A14AE47213540,4.50,medium,EMSC,1152834,2022-07-26 12:46:11+06:30,2026-02-21 23:23:13.590989+06:30,f,,{},
0b875602-cd16-4ef3-bfee-ddf019b333ce,800b9499-5074-4679-b86e-b9a4115039db,earthquake,0101000020E61000008FC2F5285CFF58407B14AE47E13A3540,3.60,low,EMSC,1152698,2022-07-26 03:41:58+06:30,2026-02-21 23:23:13.595604+06:30,f,,{},
ffb5aa3c-23a3-4178-9bf9-14e983f0a8c8,57b9d5b9-3b37-4ea1-b71e-8a542de45556,earthquake,0101000020E61000007B14AE47E1FA5840EC51B81E852B3540,3.80,low,EMSC,1152664,2022-07-26 00:26:44+06:30,2026-02-21 23:23:13.600046+06:30,f,,{},
ea6bb19c-7132-4381-9e3d-2acd484e330a,46645b5b-ba75-4646-bdbc-db9f4369ac34,earthquake,0101000020E61000009A99999999F958406666666666263540,3.60,low,EMSC,1152444,2022-07-25 09:01:35+06:30,2026-02-21 23:23:13.603827+06:30,f,,{},
4e6f4474-c243-417b-ac66-3939e3adf97c,cd69f8ee-8339-4fc6-bf55-2a5479e46042,earthquake,0101000020E6100000295C8FC2F5F858405C8FC2F5281C3540,4.30,medium,EMSC,1152285,2022-07-24 20:48:32+06:30,2026-02-21 23:23:13.608708+06:30,f,,{},
198b14b6-dd84-4687-a3b5-a69bf5c8336a,2744f870-6fe8-4114-8a64-74c8ee35a66e,earthquake,0101000020E6100000CDCCCCCCCCFC5840295C8FC2F5283540,4.70,medium,EMSC,1152268,2022-07-24 19:41:14.6+06:30,2026-02-21 23:23:13.612817+06:30,f,,{},
c5ba790f-b467-4a5a-b9c2-e8761d739564,e6ea7af6-fc7b-4795-a621-99998ccdd27c,earthquake,0101000020E6100000EC51B81E85FB5840AE47E17A142E3540,3.50,low,EMSC,1152000,2022-07-24 00:40:03+06:30,2026-02-21 23:23:13.617014+06:30,f,,{},
7ce84866-848a-431d-89a2-b631f9b87b53,37f44c8e-1a3e-4b10-87c0-ed6c0994ce92,earthquake,0101000020E610000052B81E85EB015940C3F5285C8F423540,3.50,low,EMSC,1151973,2022-07-23 22:31:34+06:30,2026-02-21 23:23:13.620607+06:30,f,,{},
633a2852-94d8-4355-8ac4-3d66f3048447,d7ac9d1a-dc3a-42de-be1f-2263bb29f679,earthquake,0101000020E61000007B14AE47E1FA58406666666666263540,3.60,low,EMSC,1151866,2022-07-23 15:12:13+06:30,2026-02-21 23:23:13.625468+06:30,f,,{},
314266d3-4361-41e4-ba84-ef9447e6deed,fd2685ec-b079-40fd-aa09-ae20ed095590,earthquake,0101000020E61000003D0AD7A370FD5840AE47E17A142E3540,3.60,low,EMSC,1151754,2022-07-23 06:48:34+06:30,2026-02-21 23:23:13.629427+06:30,f,,{},
4983b217-de85-4a5a-b444-0252e348d4e3,44c2adf4-6c46-4520-9883-14e2d5d9998b,earthquake,0101000020E61000008FC2F5285CFF5840C3F5285C8F423540,3.60,low,EMSC,1151742,2022-07-23 05:43:47+06:30,2026-02-21 23:23:13.634227+06:30,f,,{},
fcd946e9-3e20-4ccd-8ac2-d0467de41730,66364844-cf31-4aab-9f70-bc48d373f8cf,earthquake,0101000020E6100000CDCCCCCCCCFC5840B81E85EB51383540,3.70,low,EMSC,1151659,2022-07-23 01:34:18+06:30,2026-02-21 23:23:13.637825+06:30,f,,{},
a04be3cc-4c3c-4339-bdf8-549936111fdf,76a8e6cc-1bd8-484a-9773-ee1da84170fa,earthquake,0101000020E61000003D0AD7A370FD5840AE47E17A142E3540,3.80,low,EMSC,1151605,2022-07-22 21:45:36+06:30,2026-02-21 23:23:13.642744+06:30,f,,{},
a5f8a093-76b7-43c0-af9b-defc97fe4a51,c3c43898-249e-401d-97f3-1eea722956c0,earthquake,0101000020E61000001F85EB51B8FE5840F6285C8FC2353540,3.50,low,EMSC,1151509,2022-07-22 19:07:38+06:30,2026-02-21 23:23:13.646461+06:30,f,,{},
9ccbd17b-cf27-4848-b7dd-e912d3cbc023,0baa6240-498c-4f29-965b-acd520aea9fd,earthquake,0101000020E610000085EB51B81EF558406666666666263540,4.20,medium,EMSC,1151456,2022-07-22 15:13:51+06:30,2026-02-21 23:23:13.649718+06:30,f,,{},
1da155a7-9c41-40e6-94c6-bf674f44732a,8b2b7f57-05c8-4236-a0e6-a80ace96710c,earthquake,0101000020E6100000CDCCCCCCCCFC5840EC51B81E852B3540,3.50,low,EMSC,1151331,2022-07-22 05:48:05+06:30,2026-02-21 23:23:13.653879+06:30,f,,{},
4edbe946-5e46-4ba6-9bfd-d7f363d553c9,06528b65-1300-4f92-aed0-dd63b5652071,earthquake,0101000020E61000005C8FC2F528FC5840A4703D0AD7233540,3.70,low,EMSC,1151332,2022-07-22 05:14:17+06:30,2026-02-21 23:23:13.658531+06:30,f,,{},
a1f10bf3-674a-47b4-90d8-9555d8b7ed7d,d9477f18-d99b-4cf6-9599-0503709c78ed,earthquake,0101000020E61000009A99999999F958401F85EB51B81E3540,5.00,medium,EMSC,1151307,2022-07-22 04:52:11.5+06:30,2026-02-21 23:23:13.662371+06:30,f,,{},
5d92bde1-91bf-47ce-a7bd-9c450864503b,5a72c7ac-08ee-44c5-b882-337141092c24,earthquake,0101000020E6100000AE47E17A14FE5840713D0AD7A3303540,4.40,medium,EMSC,1154471,2022-07-22 02:30:37.7+06:30,2026-02-21 23:23:13.666372+06:30,f,,{},
9584c836-84ab-44b0-94ba-07f183a50f71,78adf530-6bb6-4a27-9327-8d36c61b2641,earthquake,0101000020E6100000EC51B81E85FB5840A4703D0AD7233540,4.60,medium,EMSC,1151281,2022-07-22 02:01:40+06:30,2026-02-21 23:23:13.670124+06:30,f,,{},
173dbd88-6679-41e5-bd47-2c6b033d73ea,78adf530-6bb6-4a27-9327-8d36c61b2641,earthquake,0101000020E61000007B14AE47E1FA5840A4703D0AD7233540,3.50,low,EMSC,1151278,2022-07-22 01:55:35+06:30,2026-02-21 23:23:13.675034+06:30,f,,{},
dba6de10-28fb-45cc-9bd1-16219aeb58bc,70cf0cce-7a0d-4985-93ec-c32d4056d18e,earthquake,0101000020E61000003D0AD7A370FD5840EC51B81E852B3540,3.50,low,EMSC,1151275,2022-07-22 01:39:46+06:30,2026-02-21 23:23:13.678021+06:30,f,,{},
59b6a08c-1390-4009-bad5-86d5582b2305,d33d868a-91c3-4c1c-8333-37fb3a8d06cc,earthquake,0101000020E61000000AD7A3703DFA58401F85EB51B81E3540,3.70,low,EMSC,1151270,2022-07-22 01:20:37+06:30,2026-02-21 23:23:13.681052+06:30,f,,{},
b00e577e-e92e-4d63-90a6-a2f8628f8049,d33d868a-91c3-4c1c-8333-37fb3a8d06cc,earthquake,0101000020E61000005C8FC2F528FC5840E17A14AE47213540,3.70,low,EMSC,1151268,2022-07-22 01:15:37+06:30,2026-02-21 23:23:13.684777+06:30,f,,{},
37a5cf49-df1c-4ea4-9a36-f09079035bbb,6efcc6b4-f196-400e-b68f-974f920a02ed,earthquake,0101000020E610000052B81E85EBF158407B14AE47E1FA3440,4.10,medium,EMSC,1154414,2022-07-22 00:48:53.9+06:30,2026-02-21 23:23:13.688895+06:30,f,,{},
6d82c5cb-60b8-4cbd-89e8-24c9b07c54fe,2c36c87b-8f4a-4d4b-b4a3-4c5d0c5ed9d6,earthquake,0101000020E61000005C8FC2F528FC5840CDCCCCCCCC4C3540,3.70,low,EMSC,1151256,2022-07-22 00:27:59+06:30,2026-02-21 23:23:13.692752+06:30,f,,{},
f3585543-9b61-4647-95cf-216d0191135a,44141752-4994-4101-8e2f-51b665090111,earthquake,0101000020E61000009A99999999F95840C3F5285C8F023540,3.50,low,EMSC,1151260,2022-07-21 23:51:41+06:30,2026-02-21 23:23:13.696527+06:30,f,,{},
066c28f6-9b1d-4de9-b846-9b22c601ddc9,44141752-4994-4101-8e2f-51b665090111,earthquake,0101000020E6100000CDCCCCCCCCFC5840F6285C8FC2353540,3.90,low,EMSC,1151257,2022-07-21 23:48:16+06:30,2026-02-21 23:23:13.699915+06:30,f,,{},
b80ad082-e8bf-4da8-b3fb-6686158752a6,44141752-4994-4101-8e2f-51b665090111,earthquake,0101000020E6100000295C8FC2F5F858406666666666263540,3.60,low,EMSC,1151253,2022-07-21 23:45:16+06:30,2026-02-21 23:23:13.703972+06:30,f,,{},
c6c2975b-41e3-446f-8c27-af06e0f2b7fd,44141752-4994-4101-8e2f-51b665090111,earthquake,0101000020E6100000D7A3703D0AF75840A4703D0AD7233540,5.90,medium,EMSC,1151245,2022-07-21 23:37:26.8+06:30,2026-02-21 23:23:13.709063+06:30,f,,{},
6dbe3845-a362-44df-92c9-1350ebd80386,f70eb82a-e752-41bc-aef9-cd0f36b624b5,earthquake,0101000020E61000009A99999999F95840D7A3703D0A173540,3.80,low,EMSC,1151243,2022-07-21 23:11:59+06:30,2026-02-21 23:23:13.712612+06:30,f,,{},
cbe9da66-7b5c-4820-849a-4ac0969999e2,f70eb82a-e752-41bc-aef9-cd0f36b624b5,earthquake,0101000020E610000085EB51B81EF55840D7A3703D0A173540,4.80,medium,EMSC,1151237,2022-07-21 23:10:10+06:30,2026-02-21 23:23:13.715934+06:30,f,,{},
c42dd17f-bf2c-45df-9124-87083da5eaee,300a5eb1-4f42-4c23-aa52-a0cf51ee136c,earthquake,0101000020E6100000211FF46C56515740E09C11A5BD913740,4.60,medium,USGS,us7000htji,2022-07-26 21:43:43.44+06:30,2026-02-21 23:23:14.305932+06:30,f,,{},
82a748d8-8138-4d0b-9766-4522a68d7f8d,cda1db81-7b3b-4730-8373-032ca7eaa41f,earthquake,0101000020E6100000098A1F63EEFA5840355EBA490C123540,4.30,medium,USGS,us6000i8c5,2022-07-26 19:58:57.859+06:30,2026-02-21 23:23:14.314564+06:30,f,,{},
043e4794-df58-4fcd-b444-0ebbe2f00343,1434bd96-53bc-420c-a701-4bc4bb940a1c,earthquake,0101000020E610000012143FC6DCF95840C3D32B6519123540,4.10,medium,USGS,us7000htiv,2022-07-26 18:58:44.145+06:30,2026-02-21 23:23:14.31782+06:30,f,,{},
93e9b0e5-fb96-42a8-861a-c05fe7cf66a5,252005d0-0f32-471a-865e-e85bfd5841c1,earthquake,0101000020E6100000C0EC9E3C2CFC5840295C8FC2F5183540,4.20,medium,USGS,us7000htil,2022-07-26 18:21:14.182+06:30,2026-02-21 23:23:14.323705+06:30,f,,{},
37f91533-831b-4acb-b9fd-4d1d8475b549,2744f870-6fe8-4114-8a64-74c8ee35a66e,earthquake,0101000020E61000001D5A643BDFFF58406519E25817273540,4.60,medium,USGS,us7000ht4v,2022-07-24 19:41:14.636+06:30,2026-02-21 23:23:14.327309+06:30,f,,{},
2da55a47-f3c4-44f8-bf55-9b5f5d5a0874,d9477f18-d99b-4cf6-9599-0503709c78ed,earthquake,0101000020E610000061545227A0F95840BE9F1A2FDD243540,4.90,medium,USGS,us7000hsj0,2022-07-22 04:52:11.413+06:30,2026-02-21 23:23:14.331494+06:30,f,,{},
acfc048c-70fb-4f24-a6da-2e45bbdf6c71,5a72c7ac-08ee-44c5-b882-337141092c24,earthquake,0101000020E610000012143FC6DCFD5840FED478E926313540,4.40,medium,USGS,us6000i6ji,2022-07-22 02:30:37.653+06:30,2026-02-21 23:23:14.336222+06:30,f,,{},
eff5b984-6f10-4410-bd15-923efc5889a6,6efcc6b4-f196-400e-b68f-974f920a02ed,earthquake,0101000020E6100000AEB6627FD9F1584042CF66D5E7FA3440,4.10,medium,USGS,us7000hsgl,2022-07-22 00:48:53.884+06:30,2026-02-21 23:23:14.34117+06:30,f,,{},
21790ad3-505e-43ae-8a62-04daf5f3dd8c,44141752-4994-4101-8e2f-51b665090111,earthquake,0101000020E6100000C0EC9E3C2CF858408351499D80263540,5.90,medium,USGS,us7000hsg4,2022-07-21 23:37:25.226+06:30,2026-02-21 23:23:14.345016+06:30,f,,{},
f9b5c8ba-4963-49c7-9a57-525be896c41d,f70eb82a-e752-41bc-aef9-cd0f36b624b5,earthquake,0101000020E61000008104C58F31F75840431CEBE2361A3540,4.90,medium,USGS,us7000hsfx,2022-07-21 23:10:09.562+06:30,2026-02-21 23:23:14.349472+06:30,f,,{},
6ba84579-f99f-4fee-b5a5-fe3968c3f2cf,5eed92cc-da55-4b63-b19c-9eef7bbb7e2e,earthquake,0101000020E61000007B14AE47E1FA5840A4703D0AD7233540,4.20,medium,EMSC,1155605,2022-08-03 05:52:11+06:30,2026-02-21 23:23:14.612731+06:30,f,,{},
75a62892-9492-4560-863c-70bc0fe2015a,6aa11dbe-0cfe-4b51-8391-b50d1413980a,earthquake,0101000020E6100000CDCCCCCCCCFC5740C3F5285C8F423A40,4.40,medium,EMSC,1155449,2022-08-02 19:09:26+06:30,2026-02-21 23:23:14.623293+06:30,f,,{},
0db55022-2292-4359-a746-30a2166418a8,9c1136d1-73f4-40c5-8499-098fb6d34afd,earthquake,0101000020E61000009A99999999F958405C8FC2F5281C3540,3.50,low,EMSC,1155232,2022-08-02 05:55:50+06:30,2026-02-21 23:23:14.62656+06:30,f,,{},
dbce41e7-cc18-438a-8137-c4e27aed5d3e,26919020-790d-4abf-bee3-fe3923f9804d,earthquake,0101000020E61000005C8FC2F528FC5840CDCCCCCCCC0C3540,3.50,low,EMSC,1155227,2022-08-02 05:38:38+06:30,2026-02-21 23:23:14.630801+06:30,f,,{},
3d84cd8c-47d2-4e91-a8f4-61bfcae18b90,aafe6ca7-57ad-438d-94b7-2feb678573b3,earthquake,0101000020E61000000AD7A3703DAA574014AE47E17A943740,3.60,low,EMSC,1155154,2022-08-02 00:19:18+06:30,2026-02-21 23:23:14.634244+06:30,f,,{},
466e8171-46a3-4469-9979-a9592a82e73f,1c2d0f00-57c1-49f3-885a-92d263f45596,earthquake,0101000020E61000005C8FC2F5280C59406666666666263540,4.50,medium,EMSC,1155121,2022-08-01 22:33:52.9+06:30,2026-02-21 23:23:14.638835+06:30,f,,{},
738b0335-b5c4-4e65-a4c9-4dd2dcc916af,10170fab-9755-4f37-9513-02c1a596bc3d,earthquake,0101000020E61000008FC2F5285CFF5840F6285C8FC2353540,3.60,low,EMSC,1154577,2022-07-31 09:14:21+06:30,2026-02-21 23:23:14.644013+06:30,f,,{},
549da9e3-a4d0-42c4-8bdf-7bb17977c780,32610fdc-609d-4578-830b-be7b3506b1d2,earthquake,0101000020E6100000B81E85EB51F858401F85EB51B81E3540,3.50,low,EMSC,1154279,2022-07-30 10:44:12+06:30,2026-02-21 23:23:14.648603+06:30,f,,{},
462c6f24-681d-462c-bad8-2f5ace6077d5,f512f537-a04b-46a9-92cf-df8d298c2a15,earthquake,0101000020E6100000AE47E17A14FE58409A99999999193540,3.50,low,EMSC,1154053,2022-07-29 19:35:24+06:30,2026-02-21 23:23:14.652696+06:30,f,,{},
809f2856-4b30-4897-8e00-f93113a88f53,29901ccd-c53f-418c-b0f0-2b1d82f50681,earthquake,0101000020E6100000AE47E17A14FE58401F85EB51B81E3540,4.70,medium,EMSC,1154001,2022-07-29 16:47:23.6+06:30,2026-02-21 23:23:14.657314+06:30,f,,{},
b79ca1fc-f955-41a7-a7f9-15c83ec82658,5ffc80c6-2d13-4629-9340-3d73de6b4a30,earthquake,0101000020E6100000713D0AD7A30059401F85EB51B8DE3440,4.80,medium,EMSC,1153994,2022-07-29 16:28:46.7+06:30,2026-02-21 23:23:14.660417+06:30,f,,{},
a0315769-e95a-4fe6-9908-9175d3a78e49,5ffc80c6-2d13-4629-9340-3d73de6b4a30,earthquake,0101000020E6100000EC51B81E85FB584014AE47E17A143540,3.80,low,EMSC,1153990,2022-07-29 16:14:53+06:30,2026-02-21 23:23:14.665034+06:30,f,,{},
8aff616f-d2c9-48e6-af3e-de063fb93ebc,5ffc80c6-2d13-4629-9340-3d73de6b4a30,earthquake,0101000020E61000008FC2F5285CFF58401F85EB51B81E3540,3.70,low,EMSC,1153988,2022-07-29 16:08:32+06:30,2026-02-21 23:23:14.668741+06:30,f,,{},
8db26512-56db-4d07-a941-1f9c1a60bd37,f6996380-2fd9-4b8e-a456-a23504dd2840,earthquake,0101000020E6100000713D0AD7A3005940713D0AD7A3303540,4.00,medium,EMSC,1153558,2022-07-28 09:57:27+06:30,2026-02-21 23:23:14.673977+06:30,f,,{},
dfa73a12-d1ce-49e0-855f-656d8fde81de,e86a24eb-15f5-4d8e-a250-db9c73729c06,earthquake,0101000020E610000014AE47E17A5457403333333333733740,3.60,low,EMSC,1153314,2022-07-27 20:15:35+06:30,2026-02-21 23:23:14.677147+06:30,f,,{},
8f10a931-e625-4dcb-9f24-fcd4e3e5f34c,359a6660-30aa-4de4-8842-3aaf1fb1fcd8,earthquake,0101000020E61000008FC2F5285CFF5840E17A14AE47213540,4.20,medium,EMSC,1153299,2022-07-27 19:25:08+06:30,2026-02-21 23:23:14.681618+06:30,f,,{},
3391e538-3747-445d-84dc-dcafb3846e86,4f0e5abd-4ef6-41f0-9cec-b547f72a1dcb,earthquake,0101000020E6100000295C8FC2F5F85840D7A3703D0A173540,4.10,medium,EMSC,1153265,2022-07-27 17:20:16+06:30,2026-02-21 23:23:14.686215+06:30,f,,{},
f8503ef4-4198-4b7b-9031-0e3463e53ebe,41aff102-bdbb-4e37-906b-da1e74c5af72,earthquake,0101000020E6100000A9A44E4013F958403A92CB7F482F3540,4.50,medium,USGS,us6000i769,2022-08-01 22:33:50.639+06:30,2026-02-21 23:23:14.964301+06:30,f,,{},
d9442d22-ff47-4b81-b7f2-243ed08efed0,29901ccd-c53f-418c-b0f0-2b1d82f50681,earthquake,0101000020E61000002FDD240681F9584093A98251490D3540,4.30,medium,USGS,us6000i6fm,2022-07-29 16:47:22.55+06:30,2026-02-21 23:23:14.972203+06:30,f,,{},
3a49072f-081e-4912-98d6-f8f02589e54f,5ffc80c6-2d13-4629-9340-3d73de6b4a30,earthquake,0101000020E6100000D044D8F0F4FA584099BB96900F0A3540,4.80,medium,USGS,us6000i6fi,2022-07-29 16:28:46.53+06:30,2026-02-21 23:23:14.975417+06:30,f,,{},
b5b4b2c4-4fa7-41b9-8c70-55f412e19e7b,ff11e7a8-6d03-472a-89aa-a1ea4bff32b9,earthquake,0101000020E610000066666666667657408FC2F5285C8F2440,4.60,medium,EMSC,1156965,2022-08-07 22:14:31.4+06:30,2026-02-21 23:23:15.241606+06:30,f,,{},
fbbef995-5954-4a88-ac9a-3198df328434,f33fbae4-c082-4439-bacd-b076a9527197,earthquake,0101000020E6100000EC51B81E857B5740F6285C8FC2F53640,3.50,low,EMSC,1156694,2022-08-07 01:01:54+06:30,2026-02-21 23:23:15.253015+06:30,f,,{},
23917acc-f918-4f03-a1d5-4f99faaeb7cb,3ee5e486-4494-4e83-8ba9-03e58689e122,earthquake,0101000020E61000007B14AE47E1FA58403333333333333540,3.60,low,EMSC,1156418,2022-08-05 22:56:40+06:30,2026-02-21 23:23:15.257802+06:30,f,,{},
29fe3bbd-4073-4619-9359-852fe6728a7f,bfeaa883-1dcc-4d5c-8625-65d22df95c35,earthquake,0101000020E6100000C3F5285C8F725740295C8FC2F5283940,3.80,low,EMSC,1155982,2022-08-04 09:47:16+06:30,2026-02-21 23:23:15.261403+06:30,f,,{},
c8a6a999-3082-4357-be47-57d06aa13522,6669473d-e8bc-4043-aa3b-f0031b9d8085,earthquake,0101000020E610000085EB51B81EF55840D7A3703D0A173540,3.60,low,EMSC,1155918,2022-08-04 05:06:24+06:30,2026-02-21 23:23:15.26644+06:30,f,,{},
06df0386-9254-4498-ba9f-472fbe03a8ff,ff11e7a8-6d03-472a-89aa-a1ea4bff32b9,earthquake,0101000020E6100000B003E78C28755740A779C7293A922440,4.60,medium,USGS,us6000i8wu,2022-08-07 22:14:30.673+06:30,2026-02-21 23:23:15.553776+06:30,f,,{},
1c3a998b-3db5-41a9-8c87-7e49802b23aa,ff2fb633-c076-402c-8817-c81afb7127c9,earthquake,0101000020E6100000295C8FC2F548574085EB51B81E853740,3.90,low,EMSC,1159511,2022-08-16 13:41:04+06:30,2026-02-21 23:23:15.834281+06:30,f,,{},
babdfb31-1622-458d-93fd-bc5dcd11b521,3e776a33-93dd-47db-822a-40a38b0cb093,earthquake,0101000020E6100000CDCCCCCCCCFC5840295C8FC2F5A83940,4.20,medium,EMSC,1158762,2022-08-14 02:31:09.9+06:30,2026-02-21 23:23:15.83976+06:30,f,,{},
35f202b0-0ad7-4e4f-8ce6-9cf441c394fb,d7e9abab-d364-4358-a6cb-77b81141dd51,earthquake,0101000020E61000009A99999999A95740A4703D0AD7A33740,4.20,medium,EMSC,1158592,2022-08-13 13:14:19+06:30,2026-02-21 23:23:15.843207+06:30,f,,{},
3029906d-7ead-440b-b48c-dfd0eb8897c2,c69adb20-7a3f-43c3-bd30-ba5528bc8fd2,earthquake,0101000020E61000000AD7A3703DFA5840713D0AD7A3303540,3.50,low,EMSC,1157952,2022-08-11 07:18:23+06:30,2026-02-21 23:23:15.846674+06:30,f,,{},
b9ba063f-7418-4c31-b232-c500edd6b086,7d2a6498-cf4b-4ba0-bba8-27c3a2177fd6,earthquake,0101000020E6100000EC51B81E85FB5840713D0AD7A3303540,4.10,medium,EMSC,1157944,2022-08-11 06:42:09+06:30,2026-02-21 23:23:15.84966+06:30,f,,{},
8d4b18ad-29fe-474c-b8b4-77a23c404ad8,3e776a33-93dd-47db-822a-40a38b0cb093,earthquake,0101000020E610000017B7D100DEFE5840EFC9C342ADA93940,4.20,medium,USGS,us6000ial9,2022-08-14 02:31:09.554+06:30,2026-02-21 23:23:16.138803+06:30,f,,{},
bd4c17e7-bfe1-4047-94b3-758e27bd0644,7fe66023-f2f7-4fe1-af7e-6b7a8b852c55,earthquake,0101000020E61000000AD7A3703DFA58405C8FC2F5281C3540,3.50,low,EMSC,1160524,2022-08-20 02:06:27+06:30,2026-02-21 23:23:16.395465+06:30,f,,{},
9258ccaa-5b13-43c9-a96a-ba98a48b68a5,4b2df0f0-714c-4265-a1e7-e7e180f6d4cd,earthquake,0101000020E61000008FC2F5285CFF5840F6285C8FC2353540,3.80,low,EMSC,1163316,2022-08-29 19:40:33+06:30,2026-02-21 23:23:17.207242+06:30,f,,{},
29f33feb-aaaf-4e07-ac62-135fd6f9bc78,ca3da103-24b5-4a03-a15a-0f2d2fbeb552,earthquake,0101000020E61000007B14AE47E1FA5840295C8FC2F5283540,3.80,low,EMSC,1163188,2022-08-29 10:40:26+06:30,2026-02-21 23:23:17.21517+06:30,f,,{},
203681f5-9890-42b6-9f22-bccce1b3228b,0bd4b1c7-1648-4c9d-a8d7-10e3822e0db4,earthquake,0101000020E6100000666666666676574048E17A14AEC72440,4.60,medium,EMSC,1165730,2022-08-28 09:46:16+06:30,2026-02-21 23:23:17.21855+06:30,f,,{},
8add1e70-5f38-471b-ba5d-30246fda744d,b225b03c-854e-4762-952f-6eb6dabb7ac5,earthquake,0101000020E6100000713D0AD7A3D057401F85EB51B85E3940,4.70,medium,EMSC,1162315,2022-08-26 11:22:17.3+06:30,2026-02-21 23:23:17.222279+06:30,f,,{},
4a1672d4-91a4-42d3-ac02-6f91ea51cc01,b77f516d-4b5f-4026-aa2d-01dcc056c7d6,earthquake,0101000020E6100000F6285C8FC2A5574052B81E85EBD13740,4.90,medium,EMSC,1161959,2022-08-25 04:18:10.1+06:30,2026-02-21 23:23:17.226739+06:30,f,,{},
3c567063-fcaf-4184-91e6-ef48a3461bae,0bd4b1c7-1648-4c9d-a8d7-10e3822e0db4,earthquake,0101000020E6100000C364AA60547657400D71AC8BDBC82440,4.60,medium,USGS,us7000i5ec,2022-08-28 09:46:16.963+06:30,2026-02-21 23:23:17.777927+06:30,f,,{},
7907d241-3944-43cc-a9b0-2e81bb7a85b8,da3b6959-a3e4-4d80-ab51-aee691db2cac,earthquake,0101000020E610000082734694F6CE5740FB3A70CE88023940,4.60,medium,USGS,us7000i2i8,2022-08-26 11:22:25.244+06:30,2026-02-21 23:23:17.78686+06:30,f,,{},
6bda9f06-162a-4a2b-be17-9106180acf32,b77f516d-4b5f-4026-aa2d-01dcc056c7d6,earthquake,0101000020E6100000B3EA73B515A3574071AC8BDB68C03740,5.00,medium,USGS,us7000i261,2022-08-25 04:18:11.227+06:30,2026-02-21 23:23:17.790277+06:30,f,,{},
e8a58df0-652d-4565-bfd3-bfbf0c16f14e,6eef88c2-f5ec-434b-a6d7-484b8801b464,earthquake,0101000020E610000014AE47E17A745740295C8FC2F5683740,4.00,medium,EMSC,1166009,2022-09-07 01:50:55+06:30,2026-02-21 23:23:18.054033+06:30,f,,{},
fffe2bd5-7779-4c77-bdd0-29fe749b8ade,5863c6ac-0a4d-470f-87d4-685fc035d15c,earthquake,0101000020E6100000295C8FC2F5685740CDCCCCCCCCCC2B40,5.10,medium,EMSC,1164571,2022-09-02 13:43:05.3+06:30,2026-02-21 23:23:18.05971+06:30,f,,{},
7c64a071-7bc9-4ad5-a63e-854d146103a8,9dce20ed-b4ac-4849-b011-8ecd2af27384,earthquake,0101000020E6100000AE47E17A14FE5840713D0AD7A3303540,3.50,low,EMSC,1164449,2022-09-02 05:39:01+06:30,2026-02-21 23:23:18.063628+06:30,f,,{},
271a9e3f-5182-4beb-b86d-29fc40460612,a7c1d112-01bf-48fe-a919-d8149b96c097,earthquake,0101000020E61000003D0AD7A370FD5840D7A3703D0A173540,3.80,low,EMSC,1163902,2022-08-31 15:33:13+06:30,2026-02-21 23:23:18.066843+06:30,f,,{},
34a5967d-9ee8-4c60-a48b-db1464df622c,6eef88c2-f5ec-434b-a6d7-484b8801b464,earthquake,0101000020E610000082734694F6765740F5DBD78173663740,4.20,medium,USGS,us7000i5sv,2022-09-07 01:50:57.093+06:30,2026-02-21 23:23:18.344665+06:30,f,,{},
d052e036-509b-475b-b9cb-fa2be7983d50,5863c6ac-0a4d-470f-87d4-685fc035d15c,earthquake,0101000020E61000003F575BB1BF6857401EA7E8482EDF2B40,5.00,medium,USGS,us7000i4kj,2022-09-02 13:43:05.499+06:30,2026-02-21 23:23:18.354218+06:30,f,,{},
12dc8600-d2ed-4659-ae0f-4f9a929e50b6,430e48c8-bb18-4931-9cc9-048717141806,earthquake,0101000020E6100000CDCCCCCCCC0C5840B81E85EB51B83A40,4.50,medium,EMSC,1168540,2022-09-14 04:05:14.5+06:30,2026-02-21 23:23:18.624316+06:30,f,,{},
11934768-c410-42e5-bc22-c67d8ebe423c,1fdf9e15-bad7-415c-b6ac-aa62fa90c899,earthquake,0101000020E61000007B14AE47E1CA584085EB51B81EC53340,3.60,low,EMSC,1168497,2022-09-14 00:33:29+06:30,2026-02-21 23:23:18.630402+06:30,f,,{},
3fdc4635-c963-4af3-9139-b15af83df6b6,e2de179e-8180-4ef9-aba9-1769f5344af6,earthquake,0101000020E61000009A99999999B95840713D0AD7A3303440,3.50,low,EMSC,1167664,2022-09-11 13:12:22+06:30,2026-02-21 23:23:18.63375+06:30,f,,{},
e5343156-bfb2-48af-af52-ed1c2a2acfa8,cb5a1900-0f34-4802-b7fb-debf1d345778,earthquake,0101000020E6100000F6285C8FC2D55740AE47E17A14EE3840,3.90,low,EMSC,1166362,2022-09-08 05:16:12+06:30,2026-02-21 23:23:18.637679+06:30,f,,{},
9cfbef72-70ba-4b2d-831e-b776b97ac45d,d033030f-51bc-4987-b287-06ee12ae8d8a,earthquake,0101000020E6100000295C8FC2F5F858403333333333333540,4.10,medium,EMSC,1166242,2022-09-07 20:16:25+06:30,2026-02-21 23:23:18.6411+06:30,f,,{},
504fa648-d01d-4839-9a49-3b6ce3437602,430e48c8-bb18-4931-9cc9-048717141806,earthquake,0101000020E61000008D976E128308584001DE02098A9F3A40,4.40,medium,USGS,us7000i7sb,2022-09-14 04:05:13.787+06:30,2026-02-21 23:23:19.180904+06:30,f,,{},
a4f7958c-2196-4883-97f3-fef507275d17,055d500a-bc99-4a8b-ba94-40b014b87f07,earthquake,0101000020E610000048E17A14AEB757405C8FC2F5285C3540,4.50,medium,EMSC,1170208,2022-09-19 04:04:13.9+06:30,2026-02-21 23:23:19.44883+06:30,f,,{},
9222f130-ce4e-454e-90ea-6fd5df3b6e13,4609864e-76c0-4f9a-b92d-0a85ad7417f7,earthquake,0101000020E61000005C8FC2F5282C58400AD7A3703D8A3A40,4.20,medium,EMSC,1169889,2022-09-18 06:03:28.5+06:30,2026-02-21 23:23:19.454791+06:30,f,,{},
7d0955eb-aa61-49aa-80da-d06ab513acd6,20f87fa7-b1a1-43d0-8939-429446fa894f,earthquake,0101000020E6100000AE47E17A14FE5840AE47E17A14AE3440,3.50,low,EMSC,1169765,2022-09-17 21:09:38+06:30,2026-02-21 23:23:19.458033+06:30,f,,{},
3dbaee06-3943-4a33-9ce2-374cd982fee9,05edbe33-7eef-45fc-ac9c-c35868cdbc64,earthquake,0101000020E6100000AE47E17A14CE5740295C8FC2F5E83840,3.60,low,EMSC,1169694,2022-09-17 16:43:56+06:30,2026-02-21 23:23:19.460994+06:30,f,,{},
d4318f2a-be44-408f-a1d0-735750dba3d0,055d500a-bc99-4a8b-ba94-40b014b87f07,earthquake,0101000020E6100000371AC05B20B557401EA7E8482E4F3540,4.50,medium,USGS,us7000i953,2022-09-19 04:04:13.981+06:30,2026-02-21 23:23:20.025035+06:30,f,,{},
05d9dbd5-2e91-4d03-b3f2-fde13ae7dfea,4609864e-76c0-4f9a-b92d-0a85ad7417f7,earthquake,0101000020E6100000E6AE25E48326584091ED7C3F355E3A40,4.30,medium,USGS,us7000i8xq,2022-09-18 06:03:29.809+06:30,2026-02-21 23:23:20.034016+06:30,f,,{},
ee4648ca-c884-4dc3-95b0-d84fcbb87762,f5d2fada-1413-42ec-a767-c840386b40eb,earthquake,0101000020E610000014AE47E17AF057403CBD5296219E3040,4.30,medium,USGS,us7000iafu,2022-09-18 00:31:48.028+06:30,2026-02-21 23:23:20.038239+06:30,f,,{},
661a7074-ec71-4581-a67f-43279b73f5e8,d2574c33-e3df-4096-a089-41cf12502542,earthquake,0101000020E61000009A99999999695740AE47E17A14EE3840,3.50,low,EMSC,1173003,2022-09-27 20:14:17+06:30,2026-02-21 23:23:20.296492+06:30,f,,{},
2b61b589-5007-4521-918f-e96cf9028f59,af734c28-23e1-4c69-bfbc-813be6cbfc19,earthquake,0101000020E6100000F6285C8FC2955740C3F5285C8F423240,4.50,medium,EMSC,1172317,2022-09-25 18:32:48.8+06:30,2026-02-21 23:23:20.305285+06:30,f,,{},
8310d7d3-319d-4af3-8b21-fef998851b99,00c6b0d4-bd61-4245-ac09-3be456ba9ea2,earthquake,0101000020E6100000CDCCCCCCCC9C574014AE47E17AD43740,4.50,medium,EMSC,1171719,2022-09-23 11:02:16+06:30,2026-02-21 23:23:20.308329+06:30,f,,{},
6ac27564-733b-4680-b204-a6a1f97c1aa9,2bbf431c-6f9a-4a7d-9ce5-8cfcc97e5a6c,earthquake,0101000020E61000000000000000B05840CDCCCCCCCCCC3840,4.30,medium,EMSC,1171700,2022-09-23 09:17:43.9+06:30,2026-02-21 23:23:20.311163+06:30,f,,{},
02a5db41-f284-4657-94dc-64a23a14f34e,af734c28-23e1-4c69-bfbc-813be6cbfc19,earthquake,0101000020E6100000DC68006F8198574061545227A0393240,4.40,medium,USGS,us7000iaxc,2022-09-25 18:32:48.675+06:30,2026-02-21 23:23:20.947447+06:30,f,,{},
6f4ee4d8-595a-46d8-9895-e227f39260c6,2bbf431c-6f9a-4a7d-9ce5-8cfcc97e5a6c,earthquake,0101000020E6100000DD24068195AB584001DE02098ACF3840,4.30,medium,USGS,us7000iacp,2022-09-23 09:17:43.266+06:30,2026-02-21 23:23:20.955329+06:30,f,,{},
58befb98-a485-4c31-b0b2-0044d14ce078,54ad6b97-501f-4da6-b2ab-82879bc03295,earthquake,0101000020E61000003D0AD7A370FD5840295C8FC2F5283540,3.80,low,EMSC,1174371,2022-10-01 08:44:43+06:30,2026-02-21 23:23:21.214498+06:30,f,,{},
f2ee8398-3f03-4658-a553-6b8013438f85,b2acc8d6-acbc-4760-9c3e-172ec392f891,earthquake,0101000020E61000009A99999999B9574048E17A14AEC73840,4.60,medium,EMSC,1173974,2022-09-30 08:53:15.9+06:30,2026-02-21 23:23:21.219754+06:30,f,,{},
54458110-7ed1-42ce-8b93-0cb95ddaeb00,1eb9ed44-facb-488f-8de5-fc74e7495528,earthquake,0101000020E61000001F85EB51B8BE57401F85EB51B81E3740,5.60,medium,EMSC,1173899,2022-09-30 04:52:37.6+06:30,2026-02-21 23:23:21.222565+06:30,f,,{},
b125dcda-b192-4b8f-943f-f151637fff00,b2acc8d6-acbc-4760-9c3e-172ec392f891,earthquake,0101000020E61000005E4BC8073DBB57402AA913D044C83840,4.60,medium,USGS,us6000iphx,2022-09-30 08:53:15.751+06:30,2026-02-21 23:23:21.494616+06:30,f,,{},
18ed69af-1493-4135-a19b-88b4478ca1a9,1eb9ed44-facb-488f-8de5-fc74e7495528,earthquake,0101000020E610000061C3D32B65B95740280F0BB5A6193740,5.60,medium,USGS,us6000ipft,2022-09-30 04:52:36.73+06:30,2026-02-21 23:23:21.503733+06:30,f,,{},
323ee1d6-ced5-4cd6-ae3a-a1fde56b6751,71980f87-1bdf-4a69-8d16-cfe5facc2f04,earthquake,0101000020E610000038F8C264AA3C57408126C286A7F72C40,4.60,medium,USGS,us6000iqru,2022-09-28 18:43:36.124+06:30,2026-02-21 23:23:21.506745+06:30,f,,{},
197392e6-abb0-469d-92aa-fed1e11de735,11c14785-183f-4646-9e4a-175c4f47ea8a,earthquake,0101000020E6100000295C8FC2F5F858405C8FC2F5281C3540,4.50,medium,EMSC,1177966,2022-10-12 00:02:44.6+06:30,2026-02-21 23:23:21.762661+06:30,f,,{},
5dad66b7-5678-4f3e-a6fc-16f42ce878d1,38eb73bc-d38a-4efe-8356-0a1cdfadf020,earthquake,0101000020E61000000AD7A3703DAA5740A4703D0AD7A33340,4.10,medium,EMSC,1180040,2022-10-11 11:21:00.8+06:30,2026-02-21 23:23:21.772368+06:30,f,,{},
9439057f-22e5-448f-a6a9-5ca3da6eae97,c35998e5-fb90-4f1f-83ed-9841780edcea,earthquake,0101000020E6100000CDCCCCCCCC7C57401F85EB51B81E2440,4.10,medium,EMSC,1180009,2022-10-11 08:05:54.6+06:30,2026-02-21 23:23:21.775861+06:30,f,,{},
3351e57b-9a87-4fff-89c9-98aa374377e9,2e78172e-fea8-4803-9b2f-d37441980c48,earthquake,0101000020E6100000F6285C8FC2F558406666666666263540,3.60,low,EMSC,1176946,2022-10-08 12:53:34+06:30,2026-02-21 23:23:21.779478+06:30,f,,{},
3c43847c-3cd3-4186-b671-6dfa4a42f8a4,0aea2218-8a45-4ce3-b77f-d80e95d5a140,earthquake,0101000020E61000005C8FC2F528FC58407B14AE47E13A3540,3.60,low,EMSC,1176934,2022-10-08 11:49:37+06:30,2026-02-21 23:23:21.783785+06:30,f,,{},
6c96a34b-6d0e-40b6-b54d-2931affc9df8,f0556b9b-f1e0-40ef-af7c-884df0dd0fa2,earthquake,0101000020E6100000AE47E17A14FE58400000000000403540,3.50,low,EMSC,1176636,2022-10-07 14:27:43+06:30,2026-02-21 23:23:21.788655+06:30,f,,{},
3482abad-ff5f-464b-ae46-dff26da497d5,09954a17-2216-4c52-af1d-978402ad6f50,earthquake,0101000020E61000006666666666F6584014AE47E17A143540,4.20,medium,EMSC,1176622,2022-10-07 13:01:16+06:30,2026-02-21 23:23:21.793439+06:30,f,,{},
d23096c5-21db-4eab-b34a-90f09868370f,bb4dd751-e0fc-4e05-bb25-1aea30d01cf3,earthquake,0101000020E6100000AE47E17A14FE58400000000000403540,4.40,medium,EMSC,1176587,2022-10-07 10:14:23+06:30,2026-02-21 23:23:21.798731+06:30,f,,{},
dbc133a5-72e0-4801-a863-14fdcac4a8ff,11c14785-183f-4646-9e4a-175c4f47ea8a,earthquake,0101000020E610000013F241CF66F9584075029A081B1E3540,4.60,medium,USGS,us6000iss8,2022-10-12 00:02:44.54+06:30,2026-02-21 23:23:22.069092+06:30,f,,{},
0de8d4a7-5b20-40e2-b0b9-7cf5adb2c8a5,38eb73bc-d38a-4efe-8356-0a1cdfadf020,earthquake,0101000020E61000006DC5FEB27BAA57404FAF946588A33340,4.10,medium,USGS,us6000iuc4,2022-10-11 11:21:00.817+06:30,2026-02-21 23:23:22.106394+06:30,f,,{},
131c33c8-13da-47c0-9c7a-16590d96cb29,c35998e5-fb90-4f1f-83ed-9841780edcea,earthquake,0101000020E6100000FCA9F1D24D7A574027C286A757EA2340,4.10,medium,USGS,us6000iubs,2022-10-11 08:05:49.776+06:30,2026-02-21 23:23:22.109974+06:30,f,,{},
1ad8b5c7-1e5b-44c3-a1ab-06eb9520993d,b7c302ab-5a81-43cb-b634-02502b0b21c4,earthquake,0101000020E61000000AD7A3703D9A58400000000000C03040,3.90,low,EMSC,1180146,2022-10-18 15:19:15+06:30,2026-02-21 23:23:22.371858+06:30,f,,{},
e8a0c8aa-c7bf-4b23-9fc7-5a7893930443,e34b5ed0-6bf9-4865-8716-22e76cef1ba2,earthquake,0101000020E610000052B81E85EB615740713D0AD7A3F03840,3.50,low,EMSC,1180082,2022-10-18 10:19:20+06:30,2026-02-21 23:23:22.381615+06:30,f,,{},
b9007c0d-da83-4aab-8007-ed526ddcd0f9,c125dd81-c7c5-4ff2-9ba9-90369e1e1a9d,earthquake,0101000020E6100000713D0AD7A300584085EB51B81E053740,4.60,medium,EMSC,1179379,2022-10-16 07:22:13.7+06:30,2026-02-21 23:23:22.386784+06:30,f,,{},
619d0943-f6b8-4ea0-ac28-140af44021e3,5d956abf-19c3-47e2-89d1-eb259d993660,earthquake,0101000020E6100000713D0AD7A3D05740F6285C8FC2753940,3.80,low,EMSC,1178158,2022-10-12 15:44:50+06:30,2026-02-21 23:23:22.391715+06:30,f,,{},
6ca8be2a-2d26-4f32-bb0c-b1745c4b461d,c125dd81-c7c5-4ff2-9ba9-90369e1e1a9d,earthquake,0101000020E61000007A36AB3E57FB5740E3A59BC420E03640,4.60,medium,USGS,us6000iu1q,2022-10-16 07:22:13.602+06:30,2026-02-21 23:23:23.14114+06:30,f,,{},
b52e682f-d2ca-419f-b500-5ecb99f204cd,fd628546-3ccc-4d11-9b31-6d5cc58944b4,earthquake,0101000020E61000007B14AE47E19A5740F6285C8FC2353440,4.60,medium,EMSC,1182480,2022-10-25 17:39:34.9+06:30,2026-02-21 23:23:23.414124+06:30,f,,{},
b054f63a-70aa-4148-9031-ece03fc7e6ad,08b4047f-fcb1-49b0-9a7e-1c06d97fc3bf,earthquake,0101000020E61000001F85EB51B8BE5740EC51B81E85EB3840,3.60,low,EMSC,1181462,2022-10-22 10:11:03+06:30,2026-02-21 23:23:23.457674+06:30,f,,{},
e15b0e84-95bc-4596-9c35-a77ff1e13359,eba9fe1b-5261-47ad-b8fd-74f7dad81fd2,earthquake,0101000020E610000085EB51B81EA5574085EB51B81E453840,4.50,medium,EMSC,1181320,2022-10-21 22:30:42.1+06:30,2026-02-21 23:23:23.461653+06:30,f,,{},
c80346f4-1529-4ac3-b70f-d6b3373e8c3d,c48a62d6-d6fb-48c7-ad5e-61c9943c632f,earthquake,0101000020E6100000AE47E17A144E5740A4703D0AD7232740,5.10,medium,EMSC,1180790,2022-10-20 13:16:56.6+06:30,2026-02-21 23:23:23.465454+06:30,f,,{},
37b907f1-e8db-4438-92d7-665bef27a572,2a3b388c-d419-4790-9ebb-cbf7d093dc95,earthquake,0101000020E61000000AD7A3703DCA5840D7A3703D0AD73240,4.20,medium,EMSC,1180669,2022-10-20 04:06:32+06:30,2026-02-21 23:23:23.468739+06:30,f,,{},
6a8e564b-383b-421b-9ae5-95ad0d3d09e6,808c57dd-c6d0-437b-a1cf-38cb095a3f87,earthquake,0101000020E6100000295C8FC2F5F858400AD7A3703D0A3240,3.70,low,EMSC,1180629,2022-10-20 01:09:48+06:30,2026-02-21 23:23:23.473706+06:30,f,,{},
13b1409e-3add-43c0-ba64-b44920f24361,d3146d80-6372-4605-a964-fac2e4cefb34,earthquake,0101000020E6100000B81E85EB518857407B14AE47E13A3940,4.00,medium,EMSC,1180438,2022-10-19 11:16:34+06:30,2026-02-21 23:23:23.478468+06:30,f,,{},
88001bf7-2467-4e31-84c0-2d1c8cab878b,fd628546-3ccc-4d11-9b31-6d5cc58944b4,earthquake,0101000020E61000002EFF21FDF6995740C364AA6054323440,4.40,medium,USGS,us6000iwb9,2022-10-25 17:39:34.944+06:30,2026-02-21 23:23:23.74983+06:30,f,,{},
af07cddd-1c0c-4378-be02-7ed1b74d2640,eba9fe1b-5261-47ad-b8fd-74f7dad81fd2,earthquake,0101000020E61000001E166A4DF3A65740C6DCB5847C303840,4.50,medium,USGS,us6000ivkb,2022-10-21 22:30:43.782+06:30,2026-02-21 23:23:23.758524+06:30,f,,{},
af6ef908-a832-4239-924c-3ae7696b17e2,c48a62d6-d6fb-48c7-ad5e-61c9943c632f,earthquake,0101000020E610000019E25817B7495740CCEEC9C3422D2740,5.10,medium,USGS,us6000iv38,2022-10-20 13:16:55.511+06:30,2026-02-21 23:23:23.763184+06:30,f,,{},
83db489f-f030-4d37-a44d-8b7187289e6d,2a3b388c-d419-4790-9ebb-cbf7d093dc95,earthquake,0101000020E6100000C0EC9E3C2CC85840C217265305D33240,4.20,medium,USGS,us6000iuyr,2022-10-20 04:06:33.541+06:30,2026-02-21 23:23:23.766414+06:30,f,,{},
8d6ce9b8-1c13-48a6-be48-c374d0476bea,7c8f3719-72df-474d-b72a-3569bc662716,earthquake,0101000020E61000009A99999999A957400000000000C03340,4.60,medium,EMSC,1184595,2022-11-01 19:39:50.4+06:30,2026-02-21 23:23:24.0315+06:30,f,,{},
313013a9-c43d-4981-b069-23a2bd640568,716b2c09-02f2-4644-8bce-89e6477fb12a,earthquake,0101000020E6100000CDCCCCCCCC2C5740E17A14AE47A13B40,3.70,low,EMSC,1184411,2022-11-01 05:07:56+06:30,2026-02-21 23:23:24.040935+06:30,f,,{},
d3f5e0c8-a74a-459d-9f2f-01a8be8ef342,fe99c5c4-6c58-47c9-b777-eb5ad7359121,earthquake,0101000020E6100000D7A3703D0A2758403333333333B33A40,4.60,medium,EMSC,1184109,2022-10-31 07:15:58.8+06:30,2026-02-21 23:23:24.045873+06:30,f,,{},
8a54b8f9-a407-4969-81a4-37cd817fbf1e,94ba48a5-c4ce-473a-9e93-5296b8f41eed,earthquake,0101000020E610000052B81E85EB915740295C8FC2F5282B40,4.10,medium,EMSC,1184096,2022-10-31 05:32:29.3+06:30,2026-02-21 23:23:24.04914+06:30,f,,{},
e16b0a5a-8815-4d6b-a358-d3c61e47cc75,6396bc6c-424a-409b-9d3c-8ceeecef4e9a,earthquake,0101000020E6100000295C8FC2F5F858406666666666263540,3.50,low,EMSC,1183781,2022-10-30 03:30:04+06:30,2026-02-21 23:23:24.052404+06:30,f,,{},
6a584921-043a-455d-a231-e122e0cfc261,7148ad5e-1c2c-4347-84a4-61263394a6d4,earthquake,0101000020E61000008FC2F5285C9F57403D0AD7A370BD3740,4.50,medium,EMSC,1183571,2022-10-29 12:08:20.3+06:30,2026-02-21 23:23:24.057315+06:30,f,,{},
58afbcc2-d818-45f1-89fd-129a95b97ad7,7c8f3719-72df-474d-b72a-3569bc662716,earthquake,0101000020E61000008FE4F21FD2A35740014D840D4FAF3340,4.60,medium,USGS,us7000ilpd,2022-11-01 19:39:49.581+06:30,2026-02-21 23:23:24.60552+06:30,f,,{},
d0e90ec1-b122-4c2a-8d06-679b525a020d,fe99c5c4-6c58-47c9-b777-eb5ad7359121,earthquake,0101000020E61000005A643BDF4F21584095D40968229C3A40,4.60,medium,USGS,us7000ilef,2022-10-31 07:15:56.922+06:30,2026-02-21 23:23:24.614299+06:30,f,,{},
47b051b4-d176-4204-8b8c-c750d6ffe366,94ba48a5-c4ce-473a-9e93-5296b8f41eed,earthquake,0101000020E610000036AB3E575B915740DA1B7C6132152B40,4.50,medium,USGS,us7000ildw,2022-10-31 05:32:28.181+06:30,2026-02-21 23:23:24.617377+06:30,f,,{},
bfdd3b4f-2778-4aee-8dd7-a2d2c9b8bd44,4f4e5e5a-c55e-4629-8487-39d015905f3d,earthquake,0101000020E610000085EB51B81E0D5740C976BE9F1A1F3940,4.20,medium,USGS,us7000ilc3,2022-10-30 21:15:06.392+06:30,2026-02-21 23:23:24.620425+06:30,f,,{},
d04d8aea-e547-4af8-a5bc-621653eef0aa,7148ad5e-1c2c-4347-84a4-61263394a6d4,earthquake,0101000020E61000001DC9E53FA49F574016FBCBEEC9B33740,4.40,medium,USGS,us7000il4i,2022-10-29 12:08:20.787+06:30,2026-02-21 23:23:24.623856+06:30,f,,{},
66ec1c3e-0a18-429e-bdcf-b43a92718cd6,7d160f2c-8746-470c-b3ef-d2804fd33b94,earthquake,0101000020E610000066666666669657409A99999999593740,4.60,medium,EMSC,1186730,2022-11-08 12:56:53.1+06:30,2026-02-21 23:23:24.893981+06:30,f,,{},
5fc983d1-b9e4-4701-a8ee-3dfed83152cd,59e38814-d29f-4c63-9779-ed710aab5b72,earthquake,0101000020E61000007B14AE47E15A57406666666666263840,3.60,low,EMSC,1186578,2022-11-08 01:02:06+06:30,2026-02-21 23:23:24.899199+06:30,f,,{},
93bff82c-ee9f-48e8-b9aa-69925dcfd590,cddb075e-a8bf-4a1e-98bf-a7fde4fbfc59,earthquake,0101000020E61000009A99999999F9584014AE47E17A143540,3.60,low,EMSC,1186248,2022-11-06 23:27:46+06:30,2026-02-21 23:23:24.902475+06:30,f,,{},
54b97270-5f13-4447-90b4-507e3c6d662f,b0fe291c-819e-43df-8f93-b9ab1287db40,earthquake,0101000020E6100000B84082E2C7A05740AA8251499D103740,4.70,medium,USGS,us7000in8j,2022-11-08 12:57:02.122+06:30,2026-02-21 23:23:25.178972+06:30,f,,{},
96688afd-f213-43aa-841c-94ad094a0139,0100e500-fa5c-48f1-8575-49f030367154,earthquake,0101000020E610000052B81E85EBB15740C3F5285C8F023940,3.60,low,EMSC,1188134,2022-11-12 12:13:24+06:30,2026-02-21 23:23:25.448633+06:30,f,,{},
6459d137-ccdf-452a-b71a-4a978e9eb6bd,5a821308-7c82-4a80-997a-42c6fbe5345f,earthquake,0101000020E6100000C3F5285C8F92574085EB51B81E453740,4.20,medium,EMSC,1187767,2022-11-11 08:02:15.9+06:30,2026-02-21 23:23:25.457132+06:30,f,,{},
34e12e4e-f87b-4e39-9084-ea223febb05a,0e9a5378-b70c-4e60-bfa1-820f290f66dc,earthquake,0101000020E61000009A99999999995740AE47E17A146E3C40,5.40,medium,EMSC,1187444,2022-11-10 11:31:07+06:30,2026-02-21 23:23:25.459905+06:30,f,,{},
a0b7c213-4166-4955-99f7-0f780dd1fd9b,42c7ebbe-bbe7-4f9e-9204-4edb7a2fc91c,earthquake,0101000020E610000017B7D100DE865740D881734694063740,4.20,medium,USGS,us7000inz1,2022-11-11 08:02:19.091+06:30,2026-02-21 23:23:26.019608+06:30,f,,{},
82008bd7-6a85-470c-9db7-b8c197fd9d01,0e9a5378-b70c-4e60-bfa1-820f290f66dc,earthquake,0101000020E61000008A1F63EE5A9A57401904560E2D623C40,5.50,medium,USGS,us7000inqd,2022-11-10 11:31:05.611+06:30,2026-02-21 23:23:26.028003+06:30,f,,{},
d9c93ecf-71a3-41c4-bfd7-a18feb0fc0da,66dec5bb-df0b-4dd2-873c-58efc2ef56be,earthquake,0101000020E6100000713D0AD7A3805840B81E85EB51783340,3.80,low,EMSC,1191235,2022-11-21 07:10:23+06:30,2026-02-21 23:23:26.29297+06:30,f,,{},
45377565-0154-457f-ac69-7be0f21f0217,5509216d-c9ac-4685-9409-455185463852,earthquake,0101000020E6100000CDCCCCCCCCEC57409A99999999193A40,3.90,low,EMSC,1190797,2022-11-20 02:57:07+06:30,2026-02-21 23:23:26.298739+06:30,f,,{},
a91f5304-8ebb-48a4-b3be-b945aa287772,446d37a0-981e-4acc-a139-dcd212e2a02c,earthquake,0101000020E61000009A99999999895740D7A3703D0AD73B40,3.70,low,EMSC,1189548,2022-11-16 10:55:22+06:30,2026-02-21 23:23:26.302432+06:30,f,,{},
8110f1d9-4695-4853-8bf5-dc79c8ac6da6,b9151f71-4bd0-4e45-a9e3-4bb414f6c4a5,earthquake,0101000020E610000014AE47E17A345840295C8FC2F5683C40,3.80,low,EMSC,1193373,2022-11-27 10:19:30+06:30,2026-02-21 23:23:26.919009+06:30,f,,{},
df6752fc-d205-4f1c-b85a-5bd62f94115a,a3521914-023b-4d10-8deb-bfd0e49f7ab2,earthquake,0101000020E61000003D0AD7A370BD5740A4703D0AD7633940,3.60,low,EMSC,1193012,2022-11-26 06:06:14+06:30,2026-02-21 23:23:26.928652+06:30,f,,{},
c89b3716-aa76-42e7-8fe8-4b2dabd7c7b3,390ea000-cef0-45d8-ae1b-86df8448b44a,earthquake,0101000020E61000000AD7A3703DFA584085EB51B81E453540,3.50,low,EMSC,1192989,2022-11-26 03:34:49+06:30,2026-02-21 23:23:26.932648+06:30,f,,{},
a76485c6-291a-4afc-a8e4-42008bbadf84,22452e87-eeac-4198-b8fb-000cfe1a251f,earthquake,0101000020E610000048E17A14AE975740AE47E17A146E3C40,3.80,low,EMSC,1191991,2022-11-23 08:01:40+06:30,2026-02-21 23:23:26.936808+06:30,f,,{},
6f77118f-7e61-4ddc-b8c6-771e6f7318c2,6c654a8f-3e3b-4816-b5df-da508b307542,earthquake,0101000020E6100000A4703D0AD743574014AE47E17A543A40,3.60,low,EMSC,1197221,2022-12-07 02:12:30+06:30,2026-02-21 23:23:27.492157+06:30,f,,{},
1e224117-5ae5-4a05-838f-69734aff285c,08998c0b-f2b1-4a15-af2c-1f94d498ae59,earthquake,0101000020E61000003D0AD7A370BD5740A4703D0AD7E33840,3.90,low,EMSC,1196737,2022-12-05 20:40:07+06:30,2026-02-21 23:23:27.496364+06:30,f,,{},
4aaa5c63-3c31-4dd8-89bf-110018c44232,a9c53c14-07be-49d2-a1ac-3cb45831bdb7,earthquake,0101000020E6100000D7A3703D0A075840B81E85EB51383040,4.00,medium,EMSC,1198133,2022-12-04 18:03:49.4+06:30,2026-02-21 23:23:27.50008+06:30,f,,{},
6c718588-58eb-4e0a-a3e3-c0549053a49a,0e575e64-b59c-466b-989a-0eb8866ddc83,earthquake,0101000020E61000008FC2F5285C7F5740E17A14AE47E12840,4.10,medium,EMSC,1197437,2022-11-30 21:09:32.6+06:30,2026-02-21 23:23:27.504164+06:30,f,,{},
eb15a3e7-923b-4a01-b4a5-7eba20e5c560,a9c53c14-07be-49d2-a1ac-3cb45831bdb7,earthquake,0101000020E6100000BC749318040A584085EB51B81E353040,4.00,medium,USGS,us6000j7y9,2022-12-04 18:03:49.125+06:30,2026-02-21 23:23:27.801372+06:30,f,,{},
a01d5c04-96fd-4383-a51a-dee2c581f59a,1255be4d-c52d-4759-85c3-cbe05847f5f8,earthquake,0101000020E6100000E561A1D634B75740705F07CE19813540,4.00,medium,USGS,us6000j7d2,2022-12-01 07:04:02.012+06:30,2026-02-21 23:23:27.811282+06:30,f,,{},
e6f838ae-f065-494f-b822-726a3a0fc500,0e575e64-b59c-466b-989a-0eb8866ddc83,earthquake,0101000020E6100000D34D6210587D5740742497FF90DE2840,4.00,medium,USGS,us6000j733,2022-11-30 21:09:32.589+06:30,2026-02-21 23:23:27.814997+06:30,f,,{},
9fe0e427-e644-47b5-b042-5b29f7bf69ec,32c6b25f-3e2e-4adc-bcb3-9b916d2e39f5,earthquake,0101000020E610000048E17A14AE6757400AD7A3703D8A2940,4.30,medium,EMSC,1199107,2022-12-12 13:48:46.5+06:30,2026-02-21 23:23:28.091258+06:30,f,,{},
e3a8bea0-6a5a-480e-be30-d938a2424ef6,ed1d7e89-7670-4c0a-a5f1-b176311819cd,earthquake,0101000020E61000003333333333D357400AD7A3703D0A3A40,4.40,medium,EMSC,1198225,2022-12-09 22:10:43.3+06:30,2026-02-21 23:23:28.100289+06:30,f,,{},
10490ad3-6b71-4c2d-bd4d-06e180853550,5866e042-c56d-499c-b3b7-a600d4fbcaad,earthquake,0101000020E6100000F6285C8FC2055940295C8FC2F5283540,3.60,low,EMSC,1197599,2022-12-08 02:13:52+06:30,2026-02-21 23:23:28.103972+06:30,f,,{},
4972edf3-ad3c-4554-bead-580d40ea2b05,32c6b25f-3e2e-4adc-bcb3-9b916d2e39f5,earthquake,0101000020E61000008D976E128368574046B6F3FDD4782940,4.50,medium,USGS,us6000j8qb,2022-12-12 13:48:46.401+06:30,2026-02-21 23:23:28.386+06:30,f,,{},
7562dbbd-3c68-4844-86c4-e906a1903ff6,ed1d7e89-7670-4c0a-a5f1-b176311819cd,earthquake,0101000020E6100000B003E78C28D957408351499D80063A40,4.50,medium,USGS,us6000j86w,2022-12-09 22:10:44.925+06:30,2026-02-21 23:23:28.396436+06:30,f,,{},
a641886c-15ad-4a07-a2b0-c7e3a2e20741,b23f272d-cdc8-4210-bd8c-d68cd9cff564,earthquake,0101000020E610000033333333330358403333333333733840,4.30,medium,EMSC,1202126,2022-12-21 03:51:19.1+06:30,2026-02-21 23:23:28.670544+06:30,f,,{},
6e16e439-0f39-4caf-9040-24bfe2abeae7,dbdeeebd-7f80-48b4-a079-88a76be53785,earthquake,0101000020E6100000E17A14AE470158401F85EB51B81E3440,4.50,medium,EMSC,1201686,2022-12-20 00:01:16.3+06:30,2026-02-21 23:23:28.679808+06:30,f,,{},
4dd7fa54-0b84-4849-97f2-29970e1fc4ac,016797fc-b311-4e66-b06c-17d8ce23ff9a,earthquake,0101000020E6100000713D0AD7A3B05740CDCCCCCCCC4C3840,4.20,medium,EMSC,1201039,2022-12-17 22:35:42+06:30,2026-02-21 23:23:28.68429+06:30,f,,{},
ab2dea1b-8459-4e30-91c4-8a7201e7bd0e,e15ea16b-7999-42b2-9953-ca7dfbd42b40,earthquake,0101000020E6100000295C8FC2F5F85740CDCCCCCCCCCC3540,4.70,medium,EMSC,1200560,2022-12-16 14:28:31.8+06:30,2026-02-21 23:23:28.688453+06:30,f,,{},
ac3ead50-a28b-4b60-bf86-614ceefdb95b,6779c54b-8aff-4477-96ee-0fb145f12234,earthquake,0101000020E610000014AE47E17AC457401F85EB51B8DE3840,4.40,medium,EMSC,1200363,2022-12-15 23:42:51+06:30,2026-02-21 23:23:28.693775+06:30,f,,{},
d5d69c83-9a93-4d1f-b64d-e473e7ca5962,a62a76a8-25e0-48b0-a8b2-dfdbe58c4ff0,earthquake,0101000020E6100000713D0AD7A30058403333333333F33540,4.90,medium,EMSC,1244135,2022-12-15 03:16:32.6+06:30,2026-02-21 23:23:28.698166+06:30,f,,{},
afc599df-8ee5-4cf7-851d-49f8acd21f3d,a62a76a8-25e0-48b0-a8b2-dfdbe58c4ff0,earthquake,0101000020E6100000B81E85EB51F857406666666666E63540,5.00,medium,EMSC,1200011,2022-12-15 03:16:31.7+06:30,2026-02-21 23:23:28.703585+06:30,f,,{},
4e6a1495-c4cb-43a5-ad60-e96293f6cac8,b23f272d-cdc8-4210-bd8c-d68cd9cff564,earthquake,0101000020E610000060E5D022DB09584029CB10C7BA883840,4.30,medium,USGS,us6000japf,2022-12-21 03:51:15.97+06:30,2026-02-21 23:23:29.254146+06:30,f,,{},
554583fc-b055-4552-bc6d-a1b65fe8f49a,dbdeeebd-7f80-48b4-a079-88a76be53785,earthquake,0101000020E610000066F7E461A1FE574089D2DEE00B133440,4.50,medium,USGS,us6000jadi,2022-12-20 00:01:17.786+06:30,2026-02-21 23:23:29.263203+06:30,f,,{},
48061bae-4606-4d28-8684-f51e7e5816c0,b5f6b1cd-979a-4a1a-ab53-0ad0c6a70de5,earthquake,0101000020E6100000BBB88D06F0725740AED85F764F8E3640,4.20,medium,USGS,us7000j0gs,2022-12-18 13:50:42.058+06:30,2026-02-21 23:23:29.26794+06:30,f,,{},
cb398dbd-5f1a-491f-9fc0-a11211c547a9,016797fc-b311-4e66-b06c-17d8ce23ff9a,earthquake,0101000020E6100000F46C567DAEAE5740DAACFA5C6D353840,4.20,medium,USGS,us6000ja0r,2022-12-17 22:35:42.099+06:30,2026-02-21 23:23:29.27496+06:30,f,,{},
439be21a-09fb-4c41-8792-3e39563c0957,e15ea16b-7999-42b2-9953-ca7dfbd42b40,earthquake,0101000020E6100000A245B6F3FDF85740E0BE0E9C33D23540,4.60,medium,USGS,us6000j9nn,2022-12-16 14:28:32.398+06:30,2026-02-21 23:23:29.280528+06:30,f,,{},
944cd153-01cb-4aac-adf6-021e3fee7061,6779c54b-8aff-4477-96ee-0fb145f12234,earthquake,0101000020E610000036AB3E575BC55740BADA8AFD65D73840,4.40,medium,USGS,us6000j9ij,2022-12-15 23:42:53.035+06:30,2026-02-21 23:23:29.284758+06:30,f,,{},
91652762-f58e-4c67-ab09-0296a7c9493f,a62a76a8-25e0-48b0-a8b2-dfdbe58c4ff0,earthquake,0101000020E6100000711B0DE02DF857405DDC460378DB3540,4.80,medium,USGS,us6000j99a,2022-12-15 03:16:31.402+06:30,2026-02-21 23:23:29.289697+06:30,f,,{},
44044899-0d7a-4737-b395-e205ccaf540d,91f82af9-f957-42db-b90e-0dafb67aa7a6,earthquake,0101000020E61000000000000000C057409C33A2B437F82640,4.10,medium,USGS,us7000j359,2022-12-27 08:59:38.069+06:30,2026-02-21 23:23:30.157934+06:30,f,,{},
9f0a1f4e-f928-4fa2-9662-5ecdb1ecac80,a103a381-edc9-4a7c-ba2a-bdb33ff38aac,earthquake,0101000020E61000005C8FC2F5285C5740F6285C8FC2753140,4.70,medium,EMSC,1205760,2023-01-01 11:57:09+06:30,2026-02-21 23:23:30.422702+06:30,f,,{},
c8e196b6-3857-4072-b359-d067967dfa37,edf2fe36-70cf-400d-9929-7b4ebd3fe862,earthquake,0101000020E61000001F85EB51B8AE57408FC2F5285C0F3840,4.10,medium,EMSC,1205321,2022-12-31 00:46:21+06:30,2026-02-21 23:23:30.433056+06:30,f,,{},
7e0a34b4-57d3-4c8f-aaa3-ca65d18fbff3,587cae85-258e-4790-8bcd-63ed5d787ac1,earthquake,0101000020E61000005C8FC2F5289C5740295C8FC2F5E83540,4.20,medium,EMSC,1205731,2022-12-30 14:43:20.2+06:30,2026-02-21 23:23:30.4388+06:30,f,,{},
eb31f6eb-b071-454a-989e-7bcaf1877692,e8c23c3b-9927-4b08-9108-c8ab09099248,earthquake,0101000020E6100000295C8FC2F588574085EB51B81E453740,4.50,medium,EMSC,1204448,2022-12-28 10:48:04.8+06:30,2026-02-21 23:23:30.444137+06:30,f,,{},
fe157754-c4b1-40f1-982c-5b032acd7e0f,34712a7a-62ab-43fb-bc38-8d27715ad533,earthquake,0101000020E61000008A8EE4F21FC65740A857CA32C4912540,4.30,medium,USGS,us7000j455,2023-01-03 07:35:36.386+06:30,2026-02-21 23:23:30.736544+06:30,f,,{},
061c4338-84e4-4347-9b96-801fbc4f4678,3a11d4fa-c974-42e9-941d-cd90e7809698,earthquake,0101000020E61000007AA52C431CC7574052B81E85EBB12540,4.10,medium,USGS,us7000j453,2023-01-03 06:52:01.686+06:30,2026-02-21 23:23:30.742669+06:30,f,,{},
8b0ca510-f17d-467f-9ef1-1b1a4546484e,a103a381-edc9-4a7c-ba2a-bdb33ff38aac,earthquake,0101000020E6100000D0D556EC2F5B57406ABC749318743140,4.70,medium,USGS,us7000j1cd,2023-01-01 11:57:09.979+06:30,2026-02-21 23:23:30.748673+06:30,f,,{},
6a8e784a-b544-4ff4-84e6-201b5f339bb7,587cae85-258e-4790-8bcd-63ed5d787ac1,earthquake,0101000020E6100000EE5A423EE89D5740986E1283C0EA3540,4.20,medium,USGS,us7000j118,2022-12-30 14:43:20.446+06:30,2026-02-21 23:23:30.754745+06:30,f,,{},
db8caa29-67dc-4785-8907-1acb4d860020,e8c23c3b-9927-4b08-9108-c8ab09099248,earthquake,0101000020E6100000295C8FC2F588574065AA605452373740,4.50,medium,USGS,us7000j0kh,2022-12-28 10:48:04.774+06:30,2026-02-21 23:23:30.761125+06:30,f,,{},
6e03e389-32bb-4344-ab74-295f6096cbd1,9378d48c-a425-4334-9a8e-d7281742ba4e,earthquake,0101000020E610000052B81E85EB21584014AE47E17AD43A40,4.60,medium,EMSC,1208836,2023-01-10 08:12:58.3+06:30,2026-02-21 23:23:31.023529+06:30,f,,{},
a40b2e3d-3ae5-44c4-92b3-9050f49e55c6,3de95fc0-a700-4bd0-8354-133fe2cf5a00,earthquake,0101000020E6100000AE47E17A14EE57407B14AE47E1FA3940,3.80,low,EMSC,1208066,2023-01-08 04:49:08+06:30,2026-02-21 23:23:31.029468+06:30,f,,{},
0594c842-1597-4602-b077-627a57edecdf,b27dd2b6-a624-4b38-9954-dccb98595517,earthquake,0101000020E610000085EB51B81E255740E17A14AE47E12740,4.20,medium,EMSC,1208051,2023-01-08 03:48:35.9+06:30,2026-02-21 23:23:31.032886+06:30,f,,{},
5cee9650-3fcd-43e2-a854-db35dde18205,099fdd47-b16e-4c70-a463-79120c60d75b,earthquake,0101000020E6100000CDCCCCCCCCFC57401F85EB51B81E3840,4.60,medium,EMSC,1207156,2023-01-05 12:21:28.2+06:30,2026-02-21 23:23:31.036601+06:30,f,,{},
dcee0719-0191-466f-847f-83fa1f34a170,9378d48c-a425-4334-9a8e-d7281742ba4e,earthquake,0101000020E6100000F90FE9B7AF23584014AE47E17AB43A40,4.60,medium,USGS,us7000j3bs,2023-01-10 08:12:57.492+06:30,2026-02-21 23:23:31.752986+06:30,f,,{},
2f71fa23-6b3f-41f7-8f06-d001a8749c70,026167b3-a01f-48a6-aa4f-828794bdf604,earthquake,0101000020E610000040A4DFBE0EB05840068195438B4C3840,4.20,medium,USGS,us7000j5gk,2023-01-09 19:21:34.613+06:30,2026-02-21 23:23:31.757925+06:30,f,,{},
f1697db4-de6f-4514-b5f5-e12d307df807,b27dd2b6-a624-4b38-9954-dccb98595517,earthquake,0101000020E6100000569FABADD82B574044FAEDEBC0D92740,4.20,medium,USGS,us7000j2v1,2023-01-08 03:48:36.723+06:30,2026-02-21 23:23:31.760505+06:30,f,,{},
4eecfb14-fd0f-48a0-b637-9209c135406e,099fdd47-b16e-4c70-a463-79120c60d75b,earthquake,0101000020E610000088F4DBD781F7574039454772F91F3840,4.50,medium,USGS,us7000j28c,2023-01-05 12:21:24.614+06:30,2026-02-21 23:23:31.764166+06:30,f,,{},
24a9f975-6207-4c23-9864-5b5efe83ee7f,64e38dfd-880c-484a-9d36-8b6b5b9b5176,earthquake,0101000020E61000003D0AD7A370FD5840B81E85EB51383540,4.50,medium,EMSC,1211348,2023-01-17 04:27:01+06:30,2026-02-21 23:23:32.027648+06:30,f,,{},
e28418fa-cf8e-450c-b3cf-107259d9a166,612911d4-45b0-422b-94a7-62310edadab2,earthquake,0101000020E61000000AD7A3703D1A574052B81E85EB913740,4.10,medium,EMSC,1211325,2023-01-17 02:50:12.4+06:30,2026-02-21 23:23:32.037152+06:30,f,,{},
47e0c0c4-f1bc-4165-a3ce-1a83b0346422,831d9645-225e-4bcc-a4ab-289d124e69df,earthquake,0101000020E6100000E17A14AE47015840713D0AD7A3F03540,4.30,medium,EMSC,1210694,2023-01-15 10:33:06.6+06:30,2026-02-21 23:23:32.04054+06:30,f,,{},
d3f1f50e-7286-4ab1-84ee-bf536a5b8a28,80f7a7ee-bca1-4df9-863b-e4f329882310,earthquake,0101000020E6100000A4703D0AD72358408FC2F5285C8F3A40,3.60,low,EMSC,1209698,2023-01-12 02:04:11+06:30,2026-02-21 23:23:32.045431+06:30,f,,{},
d464d25b-dcc6-4cf2-b6fa-df626843b05f,64e38dfd-880c-484a-9d36-8b6b5b9b5176,earthquake,0101000020E610000022FDF675E00459407DD0B359F5193540,4.30,medium,USGS,us6000jj5a,2023-01-17 04:27:03.225+06:30,2026-02-21 23:23:32.610464+06:30,f,,{},
17e128cd-d30b-4e9c-95fe-2d1b01b0d1de,612911d4-45b0-422b-94a7-62310edadab2,earthquake,0101000020E6100000ED0DBE30991A5740F31FD26F5F973740,4.10,medium,USGS,us7000j4s0,2023-01-17 02:50:12.456+06:30,2026-02-21 23:23:32.620209+06:30,f,,{},
191227b7-54fc-4a18-8d56-101b31269299,831d9645-225e-4bcc-a4ab-289d124e69df,earthquake,0101000020E6100000E8D9ACFA5C015840AA8251499DF03540,4.30,medium,USGS,us6000jiwk,2023-01-15 10:33:06.634+06:30,2026-02-21 23:23:32.624323+06:30,f,,{},
9adf5b75-7f34-43a9-87f9-d6c8261b0cde,bea6ec40-42a7-4bb9-9595-f615c3641094,earthquake,0101000020E6100000333333333343574014AE47E17AD43840,5.10,medium,EMSC,1213855,2023-01-23 20:12:03.7+06:30,2026-02-21 23:23:32.886648+06:30,f,,{},
8f966bdf-fa4f-4dbb-9e96-09a5ee62b4c9,b15245dc-dcb0-4787-b7d8-ddec9b8d6ca4,earthquake,0101000020E610000085EB51B81E655740AE47E17A142E2440,4.80,medium,EMSC,1215657,2023-01-19 18:04:03.7+06:30,2026-02-21 23:23:32.895031+06:30,f,,{},
efd0d729-f35a-4aea-bd2a-14b5576b3aa2,02ec922f-ceec-40da-9059-20ca89edb4e8,earthquake,0101000020E61000003D0AD7A3709D574048E17A14AE472840,4.50,medium,EMSC,1215257,2023-01-19 07:47:56.7+06:30,2026-02-21 23:23:32.898193+06:30,f,,{},
836e220e-6d89-4230-956a-cdca8185f312,99aa8c94-b481-4e99-adf0-769bbd5aeb4b,earthquake,0101000020E6100000B81E85EB51B857400000000000403940,3.70,low,EMSC,1212230,2023-01-19 07:38:02+06:30,2026-02-21 23:23:32.90129+06:30,f,,{},
79d66d53-9f02-4165-bbba-89d9d880f9ae,02528015-0163-40db-99eb-65cfa3e4d259,earthquake,0101000020E6100000C3F5285C8FA25740AE47E17A146E3740,3.70,low,EMSC,1211831,2023-01-18 11:04:01+06:30,2026-02-21 23:23:32.907034+06:30,f,,{},
f74f33c5-cd51-42b7-b114-25d38a52b4ff,a36aefad-2eda-483d-bf57-15f825cd176e,earthquake,0101000020E61000005C8FC2F528CC574085EB51B81E052740,4.40,medium,EMSC,1215225,2023-01-18 08:16:55.7+06:30,2026-02-21 23:23:32.911156+06:30,f,,{},
6fbb1385-b661-4841-a957-9ac80c848aae,bea6ec40-42a7-4bb9-9595-f615c3641094,earthquake,0101000020E6100000931804560E455740E0BE0E9C33E23840,5.10,medium,USGS,us7000j6c8,2023-01-23 20:12:02.771+06:30,2026-02-21 23:23:33.189619+06:30,f,,{},
d63d4690-f9d9-4dfb-a811-3071b1d22831,b15245dc-dcb0-4787-b7d8-ddec9b8d6ca4,earthquake,0101000020E6100000287E8CB96B655740ABCFD556EC2F2440,4.80,medium,USGS,us6000jjhd,2023-01-19 18:04:03.747+06:30,2026-02-21 23:23:33.198391+06:30,f,,{},
3aca80e1-da42-4e42-8270-6cf68033d574,02ec922f-ceec-40da-9059-20ca89edb4e8,earthquake,0101000020E610000060764F1E169E574061C3D32B65392840,4.40,medium,USGS,us6000jjgr,2023-01-19 07:47:56.519+06:30,2026-02-21 23:23:33.201828+06:30,f,,{},
6b3e33a8-4a2e-42f8-a511-9fa5b212dfe4,a36aefad-2eda-483d-bf57-15f825cd176e,earthquake,0101000020E61000002BF697DD93CB5740C58F31772D012740,4.40,medium,USGS,us6000jjdm,2023-01-18 08:16:55.643+06:30,2026-02-21 23:23:33.205675+06:30,f,,{},
8f33ed3d-0fea-4601-81a5-96f8d8afe696,e98b8c54-6355-4236-b175-b3fb37e935ce,earthquake,0101000020E61000007B14AE47E19A5740D7A3703D0A973840,4.60,medium,EMSC,1216660,2023-01-31 11:19:06.1+06:30,2026-02-21 23:23:33.492883+06:30,f,,{},
a76b7692-325e-4375-9c7a-316a3acca445,17b06861-1d43-4e66-b2b3-756a7a431443,earthquake,0101000020E610000014AE47E17A6457403D0AD7A3703D2840,4.90,medium,EMSC,1216525,2023-01-31 01:15:37.5+06:30,2026-02-21 23:23:33.502079+06:30,f,,{},
ff365232-cfd8-4461-af76-9e0f91b8fd65,47f611e0-922c-4a72-8dc7-80d57b404aae,earthquake,0101000020E61000000AD7A3703D9A57409A99999999193940,3.70,low,EMSC,1216423,2023-01-30 17:52:57+06:30,2026-02-21 23:23:33.506966+06:30,f,,{},
1b189f2f-f8f7-4444-a745-657352ecdd07,5477eeab-64bf-4313-a0da-f53e0f177906,earthquake,0101000020E61000007B14AE47E19A5740E17A14AE47E13740,3.90,low,EMSC,1215370,2023-01-27 12:21:32+06:30,2026-02-21 23:23:33.509886+06:30,f,,{},
b201de88-61fd-4a27-8702-38d177ec2e53,e98b8c54-6355-4236-b175-b3fb37e935ce,earthquake,0101000020E61000004C378941609D574067D5E76A2B963840,4.60,medium,USGS,us6000jkh1,2023-01-31 11:19:06.032+06:30,2026-02-21 23:23:33.807667+06:30,f,,{},
98cadc48-efa0-450f-ae64-f0e5df7e5ee9,17b06861-1d43-4e66-b2b3-756a7a431443,earthquake,0101000020E6100000363CBD5296655740BDE3141DC9452840,5.00,medium,USGS,us6000jkdx,2023-01-31 01:15:37.506+06:30,2026-02-21 23:23:33.815484+06:30,f,,{},
3f79ccd5-c54b-41f2-9dee-a8a1894bb789,52ca3bfc-c050-4c53-a29f-d529289253ec,earthquake,0101000020E6100000CDCCCCCCCCFC5740C3F5285C8FC23640,4.30,medium,EMSC,1217951,2023-02-04 14:04:41.6+06:30,2026-02-21 23:23:34.081467+06:30,f,,{},
dfe19159-dcd3-42be-b7d9-edaa86f16bf6,8b4a93d4-d4b6-41e7-9ae5-74b7cd48cff9,earthquake,0101000020E61000007B14AE47E1AA5740E17A14AE47213940,4.00,medium,EMSC,1217847,2023-02-04 07:14:55+06:30,2026-02-21 23:23:34.091006+06:30,f,,{},
e07dfb88-cac2-4aa6-8b33-36c3fa9c6bb3,a9beb875-7fbe-4a9a-af11-20e3adf183be,earthquake,0101000020E61000003333333333935740A4703D0AD7E33340,4.50,medium,EMSC,1217215,2023-02-02 07:34:53.1+06:30,2026-02-21 23:23:34.094923+06:30,f,,{},
a10b53bd-3ec1-4cdd-8eb3-09db279ef039,52ca3bfc-c050-4c53-a29f-d529289253ec,earthquake,0101000020E6100000DE02098A1FFB5740CEAACFD556BC3640,4.20,medium,USGS,us6000jlcr,2023-02-04 14:04:41.429+06:30,2026-02-21 23:23:34.759551+06:30,f,,{},
b9c025ab-5c7a-4c0b-9f89-361ff5b18ca3,a9beb875-7fbe-4a9a-af11-20e3adf183be,earthquake,0101000020E6100000E25817B7D18C574076711B0DE0ED3340,4.40,medium,USGS,us6000jkwa,2023-02-02 07:34:52.791+06:30,2026-02-21 23:23:34.76988+06:30,f,,{},
ae5874a0-a31b-466a-9311-5dfd1b153e1d,fd1f8a53-778a-4b11-a7bb-8eeecc3e11d3,earthquake,0101000020E6100000EC51B81E853B57401F85EB51B85E3A40,4.30,medium,EMSC,1222571,2023-02-12 17:18:14.8+06:30,2026-02-21 23:23:35.038559+06:30,f,,{},
8a87c0da-3aa6-452a-9770-0f07dcadc501,4911df9a-de79-4b43-ad6b-0f80eb1b0392,earthquake,0101000020E6100000A167B3EA73A157407E8CB96B09093740,4.30,medium,USGS,us6000jqc6,2023-02-13 05:31:18.05+06:30,2026-02-21 23:23:35.316162+06:30,f,,{},
fa0c50fc-e7df-4da6-9390-8074d386e56c,fd1f8a53-778a-4b11-a7bb-8eeecc3e11d3,earthquake,0101000020E610000073D712F2413B574039454772F95F3A40,4.20,medium,USGS,us6000jngh,2023-02-12 17:18:14.855+06:30,2026-02-21 23:23:35.325641+06:30,f,,{},
110e96cb-8f11-485a-802b-e383a4d8b559,be95b72a-c672-408e-a14c-abeddcd2343e,earthquake,0101000020E6100000666666666656574014AE47E17AD43840,3.60,low,EMSC,1226325,2023-02-20 18:49:12+06:30,2026-02-21 23:23:35.586458+06:30,f,,{},
e68322d6-ade0-4fbe-bf1a-6203c2a61081,6905b7c6-ee79-4517-b5e4-cb7b61afe565,earthquake,0101000020E6100000CDCCCCCCCC0C5740F6285C8FC2753B40,3.80,low,EMSC,1225783,2023-02-19 13:12:18+06:30,2026-02-21 23:23:35.595801+06:30,f,,{},
eb750207-2921-4697-8293-b1040a9b44e3,ea7e9441-3018-4edc-8349-694e4b0c2011,earthquake,0101000020E610000085EB51B81E8558400AD7A3703D4A3840,4.20,medium,EMSC,1225596,2023-02-19 01:23:06.7+06:30,2026-02-21 23:23:35.598982+06:30,f,,{},
62f22660-4617-4f26-bc36-d9234fc357c1,048432c5-a3af-4439-9c16-9cd18ef9a59b,earthquake,0101000020E61000000000000000005940F6285C8FC2F53440,3.50,low,EMSC,1225544,2023-02-18 23:33:17+06:30,2026-02-21 23:23:35.602808+06:30,f,,{},
5fc89d5d-5d1e-4a83-a549-e0736018c52f,2b0f5198-c212-486c-9aad-16fa134d214b,earthquake,0101000020E61000003D0AD7A370FD5840AE47E17A142E3540,3.80,low,EMSC,1225022,2023-02-17 20:04:34+06:30,2026-02-21 23:23:35.607504+06:30,f,,{},
15d3ecc9-c1a3-4afa-803c-1ea3a88f108b,82c17202-c354-4c87-9486-f137665001c1,earthquake,0101000020E6100000AE47E17A14FE5840713D0AD7A3303540,4.20,medium,EMSC,1224272,2023-02-16 07:30:02+06:30,2026-02-21 23:23:35.612179+06:30,f,,{},
1df7de3d-c0bf-4f18-bb7c-1e4a346b275f,6db56640-c1fd-4135-8cba-8abe81d000e4,earthquake,0101000020E6100000A4703D0AD7C35740295C8FC2F5E83840,3.60,low,EMSC,1224196,2023-02-16 03:55:35+06:30,2026-02-21 23:23:35.616535+06:30,f,,{},
42f56fa7-80fa-4f35-86e9-ffd73055a758,e4246618-5b9e-4c40-a393-9e502e524eb0,earthquake,0101000020E610000066666666669658405C8FC2F528DC3340,3.70,low,EMSC,1223938,2023-02-15 15:20:47+06:30,2026-02-21 23:23:35.620241+06:30,f,,{},
98915710-0757-4d09-be4e-054553459726,3a177a25-be64-4d74-bdbe-bf2a3e72a10e,earthquake,0101000020E6100000068195438B0858406EA301BC05922E40,4.10,medium,USGS,us7000jglh,2023-02-21 11:10:49.223+06:30,2026-02-21 23:23:35.896802+06:30,f,,{},
e3fb6b37-79f1-4245-af2e-19eccf3a0c81,ea7e9441-3018-4edc-8349-694e4b0c2011,earthquake,0101000020E610000029ED0DBE308558408195438B6C473840,4.10,medium,USGS,us6000jpyk,2023-02-19 01:23:06.701+06:30,2026-02-21 23:23:35.902617+06:30,f,,{},
dd7925b4-3f14-438e-b4e1-463b87831fc2,82c17202-c354-4c87-9486-f137665001c1,earthquake,0101000020E610000040A4DFBE0E005940143FC6DCB5343540,4.40,medium,USGS,us6000jr8b,2023-02-16 07:30:02.1+06:30,2026-02-21 23:23:35.905644+06:30,f,,{},
e5436aeb-8ff8-469b-bb87-ca50b2e8e2a2,96074a57-8c30-4a44-8cc6-b7eb2bb91624,earthquake,0101000020E610000085EB51B81E155740713D0AD7A3F03440,4.10,medium,EMSC,1228733,2023-02-25 17:09:46+06:30,2026-02-21 23:23:36.164736+06:30,f,,{},
565cd777-e530-4e00-8f0d-a68cd586cb3d,74fff837-ee38-49f9-afdb-259272db95b6,earthquake,0101000020E6100000D044D8F0F4E258404A0C022B87E63740,4.40,medium,USGS,us7000ji67,2023-03-01 00:28:26.088+06:30,2026-02-21 23:23:36.714155+06:30,f,,{},
c012f408-d117-44a9-83e6-3ba592a4d237,96074a57-8c30-4a44-8cc6-b7eb2bb91624,earthquake,0101000020E61000008638D6C56D2057400E4FAF9465083540,4.20,medium,USGS,us7000jh3j,2023-02-25 17:09:46.063+06:30,2026-02-21 23:23:36.72316+06:30,f,,{},
c134ce08-5540-40ca-9682-6e59c9c9994a,53811341-cc94-431c-b092-b85d435e9935,earthquake,0101000020E61000002D211FF46C265740DE9387855A932340,4.30,medium,USGS,us7000jh1x,2023-02-24 13:33:16.393+06:30,2026-02-21 23:23:36.726238+06:30,f,,{},
27ac32d8-fb5c-4548-924d-2dbef9316e1b,ffe3e546-a681-4a91-a9a7-75472639b125,earthquake,0101000020E610000014AE47E17A7C57402BF697DD93872240,4.50,medium,USGS,us7000jgtv,2023-02-22 16:01:56.373+06:30,2026-02-21 23:23:36.729939+06:30,f,,{},
8efb1ebe-a3e4-47db-a5b5-22dd8dd5cfe2,a6007ab8-790b-4610-a462-55d354394ac7,earthquake,0101000020E61000008FC2F5285C1F574085EB51B81E852A40,4.90,medium,EMSC,1233412,2023-03-07 17:41:47+06:30,2026-02-21 23:23:36.990594+06:30,f,,{},
6f1cfd12-9061-421e-836d-d3cdce491626,63dd569d-e244-467b-9fd0-9578dd91f5a5,earthquake,0101000020E61000003D0AD7A370FD5840D7A3703D0A173540,3.60,low,EMSC,1231975,2023-03-04 19:58:15+06:30,2026-02-21 23:23:36.999155+06:30,f,,{},
721f3b90-7a42-41b8-b49d-f0229085b635,63dd569d-e244-467b-9fd0-9578dd91f5a5,earthquake,0101000020E6100000AE47E17A14FE58409A99999999193540,3.80,low,EMSC,1231970,2023-03-04 19:56:40+06:30,2026-02-21 23:23:37.003677+06:30,f,,{},
2f8d207a-5346-411c-848e-ee8c55d8dd75,a6007ab8-790b-4610-a462-55d354394ac7,earthquake,0101000020E6100000ACADD85F761B57405AF5B9DA8A9D2A40,4.90,medium,USGS,us7000jhvh,2023-03-07 17:41:46.454+06:30,2026-02-21 23:23:37.314798+06:30,f,,{},
75144965-0023-4b72-9fe6-0648923122de,7066cfe0-9443-4ccf-ace6-5a57120687e9,earthquake,0101000020E610000052499D8026565740234A7B832F2C3040,4.50,medium,USGS,us7000jih3,2023-03-02 21:34:26.543+06:30,2026-02-21 23:23:37.323623+06:30,f,,{},
66fb4958-475a-4f29-a9aa-b4227a32853d,e2d8831a-d9a2-4f05-9044-3119bc1fd446,earthquake,0101000020E61000001F85EB51B8AE574052B81E85EB513840,4.80,medium,EMSC,1235806,2023-03-12 18:13:43.2+06:30,2026-02-21 23:23:37.601337+06:30,f,,{},
0b0fa693-14ec-4009-9447-6948437de864,450c2c9a-7a37-48ef-9922-73baede5ef0f,earthquake,0101000020E61000003D0AD7A3709D5740A4703D0AD7A33740,4.00,medium,EMSC,1234398,2023-03-09 19:49:08+06:30,2026-02-21 23:23:37.606883+06:30,f,,{},
9b587be8-1d6b-4000-b17e-a0c77691566f,58ed9f68-401e-48c2-99e8-6228b1ff1410,earthquake,0101000020E6100000713D0AD7A3B0574014AE47E17A143840,3.90,low,EMSC,1234016,2023-03-08 23:45:57+06:30,2026-02-21 23:23:37.610321+06:30,f,,{},
2400d503-4598-42a4-bbc5-be6ddc78fc9a,38d5c660-413f-48d2-bb73-f5fa7798266f,earthquake,0101000020E6100000AE47E17A14AE5740C3F5285C8FC23840,4.20,medium,EMSC,1233805,2023-03-08 11:38:58+06:30,2026-02-21 23:23:37.614504+06:30,f,,{},
ab76cede-f3eb-4e71-b006-553b04b01e70,e2d8831a-d9a2-4f05-9044-3119bc1fd446,earthquake,0101000020E6100000A857CA32C4AD57402DB29DEFA7463840,4.60,medium,USGS,us7000jjbm,2023-03-12 18:13:43.297+06:30,2026-02-21 23:23:37.89995+06:30,f,,{},
e51869ad-f3ac-484d-ba67-233f1b4841fb,045481c7-3770-4074-ae69-f6d8572bf936,earthquake,0101000020E61000001F85EB51B88E57400AD7A3703D8A3A40,3.60,low,EMSC,1238577,2023-03-18 10:03:09+06:30,2026-02-21 23:23:38.172448+06:30,f,,{},
0d7fcb1d-1c32-44fd-907e-d75abc4728cc,aac0d0d9-5efc-4ad1-988c-449b4dcb36f0,earthquake,0101000020E6100000295C8FC2F5685740A4703D0AD7633740,3.50,low,EMSC,1238300,2023-03-17 21:04:06+06:30,2026-02-21 23:23:38.180797+06:30,f,,{},
1865717d-a9a3-4d51-a936-20b7cf67fb71,8cea452c-41c8-42a5-9327-cef277c8610e,earthquake,0101000020E610000030BB270F0B6D5740D5E76A2BF6372340,4.00,medium,USGS,us7000jlgi,2023-03-15 11:22:02.152+06:30,2026-02-21 23:23:38.461197+06:30,f,,{},
ee34a2f5-75bf-4a47-abe4-3f5e15b5dc98,6bdd103b-5bb7-48f1-bd65-817b7afe5cfb,earthquake,0101000020E6100000B81E85EB51F857407B14AE47E1FA3040,3.50,low,EMSC,1242982,2023-03-28 13:22:25.6+06:30,2026-02-21 23:23:38.729184+06:30,f,,{},
6e5f9daa-7734-4340-9a6b-4fe50b02e7cf,76787d96-9c67-4b91-8c89-a2dafdde45ad,earthquake,0101000020E61000009A999999990958407B14AE47E17A3B40,3.50,low,EMSC,1242022,2023-03-26 02:45:09+06:30,2026-02-21 23:23:38.738785+06:30,f,,{},
3138fae5-0dc7-4819-a30f-cbfdd21353ab,84345954-b466-4aa2-86f2-3eceda029717,earthquake,0101000020E610000085EB51B81ED55740EC51B81E85AB3640,4.30,medium,EMSC,1241895,2023-03-25 18:33:44.6+06:30,2026-02-21 23:23:38.741835+06:30,f,,{},
db2d07c0-8077-4dee-ad87-9518c86569a9,bc364b48-2b90-473b-9491-dc88854cbbe4,earthquake,0101000020E6100000C3F5285C8F725740EC51B81E852B3840,4.40,medium,EMSC,1241300,2023-03-24 09:52:42.6+06:30,2026-02-21 23:23:38.745717+06:30,f,,{},
64e2a837-8eae-45d5-b370-913d9a316606,e38d6399-59b5-49d9-ad94-9e3c2b26eb9b,earthquake,0101000020E61000006666666666965740D7A3703D0A573840,3.80,low,EMSC,1241044,2023-03-23 19:51:09+06:30,2026-02-21 23:23:38.748649+06:30,f,,{},
0634969a-2667-4825-91b9-9e0f7325dff9,9fc76623-494e-469d-8fca-34226a37cf01,earthquake,0101000020E6100000C3F5285C8F225940295C8FC2F5A83540,4.50,medium,EMSC,1240970,2023-03-23 16:56:48+06:30,2026-02-21 23:23:38.75225+06:30,f,,{},
2b3795e3-f79f-47ef-8409-e3b9d445e9ec,6bdd103b-5bb7-48f1-bd65-817b7afe5cfb,earthquake,0101000020E61000008E75711B0D005840BA490C022B073140,3.50,low,USGS,us6000k09e,2023-03-28 13:22:26.62+06:30,2026-02-21 23:23:39.038096+06:30,f,,{},
1070ec16-f2ef-4d78-85c2-effa838e734d,84345954-b466-4aa2-86f2-3eceda029717,earthquake,0101000020E6100000B6F3FDD478D557400F0BB5A679A73640,4.20,medium,USGS,us7000jmp2,2023-03-25 18:33:44.799+06:30,2026-02-21 23:23:39.047891+06:30,f,,{},
84e1104b-4798-4fdc-bd12-1e664a611a19,9299e576-07d2-4a97-a82d-27d8663f717b,earthquake,0101000020E61000006B2BF697DDBF57406519E25817573240,4.10,medium,USGS,us6000k0mc,2023-03-25 13:21:47.013+06:30,2026-02-21 23:23:39.050909+06:30,f,,{},
94ae3f42-477f-48fc-9a69-77ca2a283535,bc364b48-2b90-473b-9491-dc88854cbbe4,earthquake,0101000020E6100000894160E5D07257407B14AE47E12A3840,4.40,medium,USGS,us6000k0lk,2023-03-24 09:52:42.572+06:30,2026-02-21 23:23:39.054038+06:30,f,,{},
e4fff46b-b150-4c2d-b261-4b3fd8a8eb72,915393a4-913c-4310-bd87-5bbcf837f316,earthquake,0101000020E610000033C4B12E6E3B5940F931E6AE25843640,4.30,medium,USGS,us6000k0cv,2023-03-23 16:56:35.584+06:30,2026-02-21 23:23:39.057089+06:30,f,,{},
0f27bd2f-1279-4403-ac4a-ae29a8cafa0b,e223efa5-6936-494f-95fd-789837975496,earthquake,0101000020E6100000EC51B81E856B5740A4703D0AD7A32740,4.20,medium,EMSC,1244394,2023-04-01 00:56:39.4+06:30,2026-02-21 23:23:39.309379+06:30,f,,{},
c374d90c-a594-45bd-8928-ae931eb74d0a,e223efa5-6936-494f-95fd-789837975496,earthquake,0101000020E61000007958A835CD6F5740FE65F7E461C12740,4.20,medium,USGS,us6000k16v,2023-04-01 00:56:41.006+06:30,2026-02-21 23:23:39.957697+06:30,f,,{},
ea7ebc0e-0cd0-4eb6-837b-3cc64db67ba1,73abc3a6-f8cc-4ea1-b36c-4b34e5ad4527,earthquake,0101000020E61000000AD7A3703D7A57400000000000802240,4.50,medium,EMSC,1248425,2023-04-11 08:38:30.4+06:30,2026-02-21 23:23:40.239596+06:30,f,,{},
084c704c-314e-4d1d-bdd8-fc426dd6f317,e1802203-defd-41a1-a52b-6d8862d713f5,earthquake,0101000020E6100000C3F5285C8FB2574085EB51B81E053740,4.60,medium,EMSC,1247985,2023-04-10 07:16:37.3+06:30,2026-02-21 23:23:40.247843+06:30,f,,{},
af8e799f-811c-41fe-b583-264c6fd14f6f,f07af49b-577a-4fe2-955c-bbde1770e3de,earthquake,0101000020E61000007B14AE47E14A5740EC51B81E856B2A40,4.40,medium,EMSC,1247921,2023-04-10 02:07:44.1+06:30,2026-02-21 23:23:40.251113+06:30,f,,{},
2b83ee88-d692-4629-98ad-e8ac88c9e7da,f70d85a3-6bdd-4af3-bd60-720107af3846,earthquake,0101000020E6100000AE47E17A147E5740B81E85EB51B82240,4.30,medium,EMSC,1247783,2023-04-09 15:55:52+06:30,2026-02-21 23:23:40.254705+06:30,f,,{},
e1520a3c-d07d-4c58-99e8-d46e6428cdae,1a82e4d8-6988-4609-bd3f-a9a68fe3ae43,earthquake,0101000020E610000048E17A14AE1758403D0AD7A3703D3940,4.20,medium,EMSC,1247478,2023-04-08 18:22:40.7+06:30,2026-02-21 23:23:40.25771+06:30,f,,{},
ec321c16-c1d1-4438-86a4-a32a41765b3d,2bd87b4e-ed2c-477a-9878-e8874ff2fbb7,earthquake,0101000020E61000007B14AE47E17A58400AD7A3703D4A3440,4.60,medium,EMSC,1246517,2023-04-06 07:12:20+06:30,2026-02-21 23:23:40.260911+06:30,f,,{},
08b500dd-8594-46b5-a692-4084ad11deaa,e1802203-defd-41a1-a52b-6d8862d713f5,earthquake,0101000020E61000004BC8073D9BB55740AD69DE718AFE3640,4.60,medium,USGS,us6000k36y,2023-04-10 07:16:37.01+06:30,2026-02-21 23:23:40.540604+06:30,f,,{},
9ef4269e-6fe1-4356-913b-1ff8c356bd0e,32debc50-df48-47c2-afdc-3c2786c43344,earthquake,0101000020E6100000DDB5847CD0735740029A081B9EBE2240,4.10,medium,USGS,us6000k4h1,2023-04-10 03:30:08.812+06:30,2026-02-21 23:23:40.549636+06:30,f,,{},
f21ae6a9-1835-4692-9851-b1936898eac8,f07af49b-577a-4fe2-955c-bbde1770e3de,earthquake,0101000020E6100000F31FD26F5F4B5740B4C876BE9F7A2A40,4.30,medium,USGS,us6000k347,2023-04-10 02:07:44.546+06:30,2026-02-21 23:23:40.552912+06:30,f,,{},
8a23df44-e255-4c03-88f4-bc2e2d08e70f,f70d85a3-6bdd-4af3-bd60-720107af3846,earthquake,0101000020E6100000A7E8482EFF7D5740273108AC1CBA2240,4.30,medium,USGS,us6000k2zr,2023-04-09 15:55:52.959+06:30,2026-02-21 23:23:40.555864+06:30,f,,{},
ca3dd7bc-24af-42e8-bbe4-9f70ff79a4ce,1a82e4d8-6988-4609-bd3f-a9a68fe3ae43,earthquake,0101000020E610000044FAEDEBC0115840F853E3A59B343940,4.20,medium,USGS,us6000k2v1,2023-04-08 18:22:40.562+06:30,2026-02-21 23:23:40.558938+06:30,f,,{},
4fe53d14-92cf-4930-8bbb-accc9c99d8b7,f9e615f9-fbff-49fe-bb1d-85ee2f3986f3,earthquake,0101000020E61000008E75711B0D005840B22E6EA301DC2E40,4.30,medium,USGS,us6000k3ug,2023-04-06 02:24:54.348+06:30,2026-02-21 23:23:40.564023+06:30,f,,{},
febb7901-68bc-46df-bb12-2fe8502c53e7,8cf345d2-42d1-4c41-83da-924ab63a290d,earthquake,0101000020E61000005C8FC2F5286C5740D7A3703D0AD73840,3.60,low,EMSC,1250440,2023-04-16 08:22:49+06:30,2026-02-21 23:23:40.821912+06:30,f,,{},
8737cfde-773a-40f4-b33d-6dc5b4de39d8,69408085-2f2c-4e35-b56b-ae915d355667,earthquake,0101000020E61000007B14AE47E10A5840AE47E17A146E3A40,3.50,low,EMSC,1250432,2023-04-16 07:25:59+06:30,2026-02-21 23:23:40.827732+06:30,f,,{},
3276713e-a5d8-454b-bc0a-c55009badba2,3d7e2ee2-73fa-49af-9be7-e52ad978bc98,earthquake,0101000020E6100000295C8FC2F5785740D7A3703D0AD72240,5.10,medium,EMSC,1253639,2023-04-24 17:28:33.2+06:30,2026-02-21 23:23:41.706219+06:30,f,,{},
8b31e030-1ccf-4ef2-a5eb-985923012eac,8918b00d-5d83-45e6-a8af-74ef44151621,earthquake,0101000020E6100000713D0AD7A3605740B81E85EB51383840,3.50,low,EMSC,1251976,2023-04-20 11:58:11+06:30,2026-02-21 23:23:41.715163+06:30,f,,{},
5ceaa76b-9324-439b-9ed3-8e7b5ae31f08,3d7e2ee2-73fa-49af-9be7-e52ad978bc98,earthquake,0101000020E6100000DD240681957757409A99999999B92240,5.00,medium,USGS,us6000k6r8,2023-04-24 17:28:31.943+06:30,2026-02-21 23:23:41.982742+06:30,f,,{},
d482f27f-0096-4c4e-9a83-9376edd72258,33d4cf10-c2bc-415e-a6ae-4a0250fc24d9,earthquake,0101000020E61000006666666666D65840295C8FC2F5683940,4.60,medium,EMSC,1256748,2023-05-02 22:08:24.2+06:30,2026-02-21 23:23:42.242814+06:30,f,,{},
6e57c831-0383-4599-905d-cb8fdccfe407,33d4cf10-c2bc-415e-a6ae-4a0250fc24d9,earthquake,0101000020E610000085EB51B81ED55840713D0AD7A3703940,5.30,medium,EMSC,1256744,2023-05-02 21:57:25.6+06:30,2026-02-21 23:23:42.25181+06:30,f,,{},
2cfbcb36-ba5f-4ff7-a407-cd73795b555a,e5fa3d87-0344-4150-8d4a-53ca9259f3fa,earthquake,0101000020E6100000B81E85EB519857400AD7A3703D0A3740,4.70,medium,EMSC,1255935,2023-04-30 13:26:57.1+06:30,2026-02-21 23:23:42.254945+06:30,f,,{},
f26957ab-4167-4922-ac2f-8a8b4d24351c,33d4cf10-c2bc-415e-a6ae-4a0250fc24d9,earthquake,0101000020E6100000D712F241CFD658403D0AD7A3706D3940,4.60,medium,USGS,us7000jxiz,2023-05-02 22:08:19.81+06:30,2026-02-21 23:23:42.922737+06:30,f,,{},
49475ade-3fb9-4134-b841-68daae0aa445,33d4cf10-c2bc-415e-a6ae-4a0250fc24d9,earthquake,0101000020E61000005305A3923AD15840F46C567DAE663940,5.30,medium,USGS,us7000jxi4,2023-05-02 21:57:23.366+06:30,2026-02-21 23:23:42.932218+06:30,f,,{},
d212a04a-2a4f-4ed1-90fc-ba0da7711ea9,e5fa3d87-0344-4150-8d4a-53ca9259f3fa,earthquake,0101000020E61000000A68226C789657406F8104C58F013740,4.60,medium,USGS,us7000jx4v,2023-04-30 13:26:56.92+06:30,2026-02-21 23:23:42.936878+06:30,f,,{},
0352a477-6b73-4631-b734-b57442877e12,41162abd-5168-493f-bf13-9b3343bf6291,earthquake,0101000020E61000006666666666A657400AD7A3703D8A3840,3.70,low,EMSC,1259267,2023-05-09 12:40:22+06:30,2026-02-21 23:23:43.201946+06:30,f,,{},
36eaf82c-41b7-4c30-a0a7-1ce61054e34b,45ed13d4-f3dc-4064-93d4-c46d87c65368,earthquake,0101000020E6100000C3F5285C8F425840D7A3703D0A573B40,4.60,medium,EMSC,1257265,2023-05-04 06:18:54.3+06:30,2026-02-21 23:23:43.211954+06:30,f,,{},
14da693c-84b7-4623-b75b-07a0233f19d8,45ed13d4-f3dc-4064-93d4-c46d87c65368,earthquake,0101000020E6100000D200DE020942584089D2DEE00B533B40,4.60,medium,USGS,us6000k9cr,2023-05-04 06:18:53.606+06:30,2026-02-21 23:23:43.764041+06:30,f,,{},
83af0b86-620f-41b8-b9d8-239213467020,56a5bbcf-c61b-47e2-8678-51a678e79d18,earthquake,0101000020E610000052B81E85EB61574085EB51B81E852340,4.00,medium,EMSC,1264973,2023-05-15 04:13:49.5+06:30,2026-02-21 23:23:44.030271+06:30,f,,{},
360c8cfb-18b3-4a51-ba74-15fe378f6725,ff1c07a0-01b6-45a8-b08f-ebd45760c101,earthquake,0101000020E6100000B81E85EB51485740B81E85EB51B83540,4.70,medium,EMSC,1260255,2023-05-12 03:14:52.6+06:30,2026-02-21 23:23:44.03986+06:30,f,,{},
6e582ed7-ede7-4012-9afd-1922c3bc9a64,56a5bbcf-c61b-47e2-8678-51a678e79d18,earthquake,0101000020E6100000849ECDAACF6157404DF38E5374842340,4.00,medium,USGS,us6000kcwe,2023-05-15 04:13:49.463+06:30,2026-02-21 23:23:44.665646+06:30,f,,{},
bdeacfa4-e699-49af-82eb-fb03b4d73ad5,ff1c07a0-01b6-45a8-b08f-ebd45760c101,earthquake,0101000020E61000007FFB3A70CE485740BADA8AFD65A73540,4.50,medium,USGS,us6000kb7z,2023-05-12 03:14:56.551+06:30,2026-02-21 23:23:44.674598+06:30,f,,{},
be4bf361-6ddd-4530-a20e-3e9cc42e59af,d8b1b9a1-8702-444b-b94d-a9f58825de69,earthquake,0101000020E610000014AE47E17A445840EC51B81E85EB3A40,5.00,medium,EMSC,1264209,2023-05-22 09:15:36.9+06:30,2026-02-21 23:23:44.936011+06:30,f,,{},
4500f64a-b524-4492-a866-1ed5ac6380d8,2bf40b87-2b68-46f9-a2e8-92d1cda4164a,earthquake,0101000020E6100000E17A14AE47B157403D0AD7A370BD3840,4.20,medium,EMSC,1263998,2023-05-21 20:17:33.1+06:30,2026-02-21 23:23:44.945139+06:30,f,,{},
3e64d496-4893-4f97-921e-678d80681254,0849d46c-f77d-44de-875f-d530a4614603,earthquake,0101000020E6100000D7A3703D0A975840CDCCCCCCCC4C3740,4.70,medium,EMSC,1262354,2023-05-17 21:53:53.6+06:30,2026-02-21 23:23:44.948116+06:30,f,,{},
c62d3f25-b4ea-4f1d-a586-7ba50037ca3a,d8b1b9a1-8702-444b-b94d-a9f58825de69,earthquake,0101000020E6100000B6F3FDD478415840E78C28ED0DDE3A40,5.00,medium,USGS,us6000kdsy,2023-05-22 09:15:35.828+06:30,2026-02-21 23:23:45.602187+06:30,f,,{},
f1ded018-dcf6-423c-9177-253d836b354e,2bf40b87-2b68-46f9-a2e8-92d1cda4164a,earthquake,0101000020E6100000D0B359F5B9AE574003098A1F63CE3840,4.10,medium,USGS,us6000kdmh,2023-05-21 20:17:32.91+06:30,2026-02-21 23:23:45.611681+06:30,f,,{},
e8f1c37a-5b2c-424a-8ab1-83fbb7f36ac0,0849d46c-f77d-44de-875f-d530a4614603,earthquake,0101000020E6100000992A1895D4955840C217265305533740,4.10,medium,USGS,us6000kcik,2023-05-17 21:53:52.896+06:30,2026-02-21 23:23:45.615532+06:30,f,,{},
6d4b4054-031b-43a8-8837-122df29925d9,9b454b01-cca9-41b7-9b8b-70f7c7f2b732,earthquake,0101000020E610000085EB51B81EA557408FC2F5285C8F3740,3.60,low,EMSC,1267029,2023-05-30 06:03:13+06:30,2026-02-21 23:23:45.888105+06:30,f,,{},
57ee523a-170c-420d-a81a-0fc55383ad98,01222f97-2339-437a-b758-060016163fca,earthquake,0101000020E61000009A999999991957408FC2F5285CCF3A40,4.80,medium,EMSC,1266761,2023-05-29 09:03:32.3+06:30,2026-02-21 23:23:45.897438+06:30,f,,{},
6290283d-d8fe-4b49-a6d1-291088af880d,92bb6c38-9985-47ae-bd08-5bc4aaa53f3a,earthquake,0101000020E610000014AE47E17A8457406666666666E62A40,4.50,medium,EMSC,1266757,2023-05-29 08:48:18.2+06:30,2026-02-21 23:23:45.9002+06:30,f,,{},
a4aee173-bac5-4b9d-9d0c-16799d19b7be,5d9c1001-ecdb-4673-8735-2828e0bdb7c9,earthquake,0101000020E6100000295C8FC2F52857401F85EB51B81E3B40,4.40,medium,EMSC,1266377,2023-05-28 04:06:33.1+06:30,2026-02-21 23:23:45.903148+06:30,f,,{},
2ce54470-6698-4e45-ae2b-dbed35e96c84,79b05b7b-f988-4830-9a67-86fe84e7c8ac,earthquake,0101000020E610000052B81E85EBE1574052B81E85EB513940,3.60,low,EMSC,1266086,2023-05-27 08:42:14+06:30,2026-02-21 23:23:45.905919+06:30,f,,{},
b62c9581-0bd2-40e7-9ddc-d5d7a5eb7fdb,01222f97-2339-437a-b758-060016163fca,earthquake,0101000020E610000062105839B41C5740A779C7293AC23A40,4.90,medium,USGS,us7000k4q0,2023-05-29 09:03:31.48+06:30,2026-02-21 23:23:46.459292+06:30,f,,{},
bd3f82a6-3ba9-45ae-8ac0-d635ec2f5207,92bb6c38-9985-47ae-bd08-5bc4aaa53f3a,earthquake,0101000020E61000002FDD240681895740AAF1D24D62D02A40,4.60,medium,USGS,us7000k4px,2023-05-29 08:48:17.682+06:30,2026-02-21 23:23:46.468402+06:30,f,,{},
3051b2fe-4c65-4b1b-8bbe-7611e7f729e1,5d9c1001-ecdb-4673-8735-2828e0bdb7c9,earthquake,0101000020E6100000D6C56D34802B5740FDF675E09C113B40,4.50,medium,USGS,us7000k4iq,2023-05-28 04:06:33.057+06:30,2026-02-21 23:23:46.472198+06:30,f,,{},
8e69189b-c6c2-42e0-8e63-7e2c86c89d25,a28f6e70-4993-4683-9519-9bcb37288cc5,earthquake,0101000020E6100000295C8FC2F5E85740EC51B81E85EB2940,4.60,medium,EMSC,1269126,2023-06-05 08:39:46.5+06:30,2026-02-21 23:23:46.730167+06:30,f,,{},
11b62445-e12f-4f7a-8868-98eca7079c9d,1d2ae66b-fd9e-4b06-865e-85b83f4efdcf,earthquake,0101000020E610000048E17A14AEE7574048E17A14AE473940,3.70,low,EMSC,1268597,2023-06-03 18:07:02+06:30,2026-02-21 23:23:46.735898+06:30,f,,{},
5c4b647b-3f8b-4b79-aeeb-874ed4f52cff,09f1cff2-657c-4b20-a579-8b98037401e8,earthquake,0101000020E6100000E17A14AE47F157407B14AE47E13A3940,3.50,low,EMSC,1267564,2023-05-31 18:52:10+06:30,2026-02-21 23:23:46.73939+06:30,f,,{},
ff6b8f55-3ab0-4698-861f-a6f6b36fedf6,c2c04b54-ef87-4f57-b1ee-2072a178f28a,earthquake,0101000020E61000005C8FC2F5280C58401F85EB51B81E3940,5.80,medium,EMSC,1267548,2023-05-31 17:50:16.5+06:30,2026-02-21 23:23:46.742696+06:30,f,,{},
6644e7db-e848-45bc-9ca2-9166b218d9ff,a28f6e70-4993-4683-9519-9bcb37288cc5,earthquake,0101000020E61000001895D40968DE574054E3A59BC4C02940,4.60,medium,USGS,us7000k6bt,2023-06-05 08:39:45.778+06:30,2026-02-21 23:23:47.327115+06:30,f,,{},
51966ad5-6135-4318-9136-4c29eaec1a6a,6a9bb5f9-3238-4c7d-93da-c12c5771adbe,earthquake,0101000020E6100000234A7B832F10584002BC0512143F3940,4.10,medium,USGS,us7000k7dn,2023-06-03 18:06:51.638+06:30,2026-02-21 23:23:47.336756+06:30,f,,{},
4278acb2-683a-4db1-8b51-d189bf18c399,3e9af83c-3101-49b3-a61b-5ffa3caaefb0,earthquake,0101000020E6100000B5A679C729CA574050FC1873D7123A40,4.20,medium,USGS,us7000k72v,2023-06-01 10:00:53.257+06:30,2026-02-21 23:23:47.340633+06:30,f,,{},
391b5df6-5b12-45ef-8303-75048c3d9cc3,c2c04b54-ef87-4f57-b1ee-2072a178f28a,earthquake,0101000020E6100000894160E5D00E584042CF66D5E71A3940,5.90,medium,USGS,us7000k58h,2023-05-31 17:50:14.013+06:30,2026-02-21 23:23:47.34373+06:30,f,,{},
3da45433-4498-45e1-9e6a-b2b26c61d0f2,1830e88b-d6ef-42d2-a787-c61808cdcb39,earthquake,0101000020E6100000B81E85EB5128584048E17A14AEC73140,4.10,medium,EMSC,1272157,2023-06-13 15:22:08+06:30,2026-02-21 23:23:47.607615+06:30,f,,{},
6c9806da-87ed-4e3d-b2e3-9a950985e992,f21f7592-0daa-4e3c-b0b0-60eaeea88516,earthquake,0101000020E6100000CDCCCCCCCCCC57408FC2F5285C4F3A40,3.70,low,EMSC,1272002,2023-06-13 03:53:06+06:30,2026-02-21 23:23:47.61505+06:30,f,,{},
111eae2c-30f4-44d4-a8d2-1ddbdfcba979,5eb5e745-7d7a-449a-8bd4-338601c99b5c,earthquake,0101000020E6100000AE47E17A141E5740B81E85EB51B83A40,3.60,low,EMSC,1271421,2023-06-11 12:35:58+06:30,2026-02-21 23:23:47.618116+06:30,f,,{},
540ebc82-b6ee-40d7-abb6-547a98040a28,5eff055b-cca3-4ab5-8733-f8caee282a80,earthquake,0101000020E6100000D7A3703D0AF758401F85EB51B81E3540,4.40,medium,EMSC,1270968,2023-06-10 02:05:15.2+06:30,2026-02-21 23:23:47.62087+06:30,f,,{},
cc7ce098-a67b-46a5-aa3d-d33befdf325f,ea42bf4e-876f-4eaa-be0c-4f5736dd477c,earthquake,0101000020E61000009A999999991957409A99999999993A40,3.70,low,EMSC,1270696,2023-06-09 11:05:59+06:30,2026-02-21 23:23:47.625013+06:30,f,,{},
4f964009-eae2-43c7-b0a3-c9cf032413dd,803c0d31-4017-4b98-8f1c-012e01e119e8,earthquake,0101000020E6100000295C8FC2F5E85740713D0AD7A3F03040,4.80,medium,EMSC,1269992,2023-06-07 16:23:51.4+06:30,2026-02-21 23:23:47.62873+06:30,f,,{},
43c52402-e8cc-42a2-9293-8808659cea6d,f21f7592-0daa-4e3c-b0b0-60eaeea88516,earthquake,0101000020E6100000F6285C8FC2D15740EB73B515FB1B3A40,4.30,medium,USGS,us7000k82d,2023-06-13 03:53:08.724+06:30,2026-02-21 23:23:48.205881+06:30,f,,{},
f2a5c992-fd62-4b0b-9582-2cc2d63e97c4,5eff055b-cca3-4ab5-8733-f8caee282a80,earthquake,0101000020E6100000EC2FBB270FF75840569FABADD81F3540,4.30,medium,USGS,us7000k7hq,2023-06-10 02:05:15.231+06:30,2026-02-21 23:23:48.214203+06:30,f,,{},
d841c466-54f1-4507-b69f-222b331e82c1,0dbface5-3cf8-4e44-b293-9a9cf817427c,earthquake,0101000020E6100000C286A757CAEA5740BE9F1A2FDDD43040,4.40,medium,USGS,us7000k8en,2023-06-07 17:02:05.013+06:30,2026-02-21 23:23:48.217108+06:30,f,,{},
13d48b38-8077-438c-8699-9436b965629f,803c0d31-4017-4b98-8f1c-012e01e119e8,earthquake,0101000020E6100000D044D8F0F4E2574050FC1873D7E23040,4.80,medium,USGS,us7000k6tu,2023-06-07 16:23:50.779+06:30,2026-02-21 23:23:48.220297+06:30,f,,{},
fb3f32ca-e152-4399-b700-eb1b8e7cb9a2,b5b1dfb7-ab27-47e9-9927-caf70a36927b,earthquake,0101000020E6100000CDCCCCCCCCDC5740C3F5285C8FC23940,3.60,low,EMSC,1275450,2023-06-21 02:54:21+06:30,2026-02-21 23:23:48.496817+06:30,f,,{},
fc62c656-3242-4d9b-a929-9212251dbcc0,2cba2b5b-8359-4e52-b68c-62e56badbf97,earthquake,0101000020E61000001F85EB51B80E58407B14AE47E1FA2E40,4.80,medium,EMSC,1274875,2023-06-19 18:06:51.4+06:30,2026-02-21 23:23:48.505991+06:30,f,,{},
00742c05-36f1-48af-8558-9ea53fc982ac,fd0e4a5d-7ecd-452f-8651-30bcd2b706c1,earthquake,0101000020E6100000AE47E17A14EE57405C8FC2F5285C3940,3.50,low,EMSC,1274790,2023-06-19 15:11:30+06:30,2026-02-21 23:23:48.509671+06:30,f,,{},
94196ea1-11cc-41cd-ad28-3f3e29522eb3,8a21e8de-051c-4608-9426-799be763855c,earthquake,0101000020E6100000AE47E17A141E58406666666666E62E40,4.00,medium,EMSC,1274731,2023-06-19 11:55:33+06:30,2026-02-21 23:23:48.513561+06:30,f,,{},
e12f888b-8afe-455d-be0e-771585640286,aa28edab-b32e-4bf7-a6e6-7244de2ca46f,earthquake,0101000020E6100000B81E85EB51285840B81E85EB51B82E40,4.40,medium,EMSC,1274698,2023-06-19 10:16:58+06:30,2026-02-21 23:23:48.516234+06:30,f,,{},
421f7a13-30c6-4cf8-bf6a-19b46d9ed861,2f1ee33d-6699-460e-916d-1d160c95fe1b,earthquake,0101000020E6100000295C8FC2F528584048E17A14AEC72E40,3.60,low,EMSC,1274690,2023-06-19 08:27:58+06:30,2026-02-21 23:23:48.519961+06:30,f,,{},
171d5603-19c9-40f7-8b2c-ba5f10212295,e839ee1d-7351-431a-b63c-2baa6b273744,earthquake,0101000020E6100000F6285C8FC2155840295C8FC2F5A82E40,5.60,medium,EMSC,1274659,2023-06-19 08:10:24.6+06:30,2026-02-21 23:23:48.525432+06:30,f,,{},
340a7cb4-4298-44b3-9c66-84b79e697522,2225f53a-8718-4405-8f85-6ceade53b68e,earthquake,0101000020E610000085EB51B81E95574052B81E85EB913740,3.50,low,EMSC,1274630,2023-06-19 06:07:16+06:30,2026-02-21 23:23:48.530423+06:30,f,,{},
469ffd4d-1f50-493a-9c76-f198aa08fda9,cec31bb3-7f38-4122-bbfb-d28ad82136f4,earthquake,0101000020E610000032772D211F1058403FC6DCB5847C2E40,4.20,medium,USGS,us6000knn8,2023-06-20 15:53:45.513+06:30,2026-02-21 23:23:49.08628+06:30,f,,{},
e87f85f3-f3c0-4c04-9b1f-0e473df0988c,2cba2b5b-8359-4e52-b68c-62e56badbf97,earthquake,0101000020E610000058A835CD3B125840CB10C7BAB8CD2E40,4.70,medium,USGS,us7000k9jy,2023-06-19 18:06:50.653+06:30,2026-02-21 23:23:49.095694+06:30,f,,{},
1461c72d-5471-4023-a43f-2e7686c3b0e3,2fbabcd2-6943-4b6b-bab6-3f049d7a25d2,earthquake,0101000020E610000039454772F90B5840E3A59BC420D02E40,4.20,medium,USGS,us6000knfh,2023-06-19 10:44:30.786+06:30,2026-02-21 23:23:49.100828+06:30,f,,{},
f6896c34-37fb-4b1b-abbb-de766180bbe6,2fbabcd2-6943-4b6b-bab6-3f049d7a25d2,earthquake,0101000020E6100000598638D6C50D5840B81E85EB51782E40,4.60,medium,USGS,us6000knf6,2023-06-19 10:43:49.633+06:30,2026-02-21 23:23:49.106269+06:30,f,,{},
aab7ba4d-802e-4aee-b231-a94fda63dc78,0406b935-c53b-4ca4-a507-915a3f98b35b,earthquake,0101000020E61000009FCDAACFD5165840643BDF4F8D972E40,4.40,medium,USGS,us6000knf5,2023-06-19 10:16:55.189+06:30,2026-02-21 23:23:49.111561+06:30,f,,{},
412210bc-c2ce-4210-95d2-7db85a7e8a1e,e839ee1d-7351-431a-b63c-2baa6b273744,earthquake,0101000020E61000004A0C022B871258408A1F63EE5A822E40,5.60,medium,USGS,us7000k9he,2023-06-19 08:10:24.074+06:30,2026-02-21 23:23:49.115639+06:30,f,,{},
4bc3f09f-c82c-4929-8310-78fea6b60bca,ac18b98c-172d-4de7-b9bd-473ab9b9d4bf,earthquake,0101000020E6100000CB10C7BAB87157403F355EBA49AC2240,4.60,medium,EMSC,1525383,2023-06-27 00:35:37.303+06:30,2026-02-21 23:23:49.376779+06:30,f,,{},
39fc547f-45fe-4560-8ce3-ff50b250736a,099a4a85-1330-4694-b050-d5d08b5e9c10,earthquake,0101000020E6100000666666666666574052B81E85EBD12240,4.90,medium,EMSC,1277839,2023-06-26 20:02:04.1+06:30,2026-02-21 23:23:49.382679+06:30,f,,{},
41dcfc75-899f-449d-a269-2429e4b0944a,70d7030c-3b41-4fe8-be17-0e4607aba53e,earthquake,0101000020E6100000713D0AD7A33057409A99999999992B40,4.70,medium,EMSC,1277831,2023-06-26 19:23:01+06:30,2026-02-21 23:23:49.386533+06:30,f,,{},
2d556347-7aef-411f-85e1-62fdabacd1e9,7250604c-540b-4850-8a14-43a365da0138,earthquake,0101000020E6100000C3F5285C8F2258401F85EB51B89E2E40,4.00,medium,EMSC,1277454,2023-06-26 00:57:12+06:30,2026-02-21 23:23:49.390384+06:30,f,,{},
fa1bfa52-3940-4488-a786-60be47daa56b,bc45a6af-4b0b-44d6-8a81-0dd3a2fecf13,earthquake,0101000020E61000005C8FC2F5282C58407B14AE47E17A2E40,3.90,low,EMSC,1277389,2023-06-25 14:55:29+06:30,2026-02-21 23:23:49.394308+06:30,f,,{},
f38945f6-d074-481d-af20-632da653b36d,8c84a7d7-b937-4350-8905-205689163a39,earthquake,0101000020E61000005C8FC2F5281C58409A99999999992E40,3.60,low,EMSC,1276496,2023-06-23 16:32:20+06:30,2026-02-21 23:23:49.399307+06:30,f,,{},
551b5d57-d6f9-4d7d-a184-f7977089e301,1e678da9-bf2d-4db9-8b32-424d93663eea,earthquake,0101000020E61000003D0AD7A3702D58409A99999999992E40,3.70,low,EMSC,1276437,2023-06-23 12:21:50+06:30,2026-02-21 23:23:49.403605+06:30,f,,{},
149291a0-863d-4b7b-b593-9c5922dac9ad,277ecc0e-cc4e-4585-9d35-42ff2a11fd05,earthquake,0101000020E6100000A4703D0AD77357403D0AD7A3703D3540,4.40,medium,EMSC,1276612,2023-06-22 23:12:42.3+06:30,2026-02-21 23:23:49.408105+06:30,f,,{},
f9b2d4ea-90b8-49f4-b0e8-64e193ecad56,44eaddc5-f1d8-48bc-92dc-3da19ea11130,earthquake,0101000020E61000005C8FC2F5281C584014AE47E17A142E40,3.90,low,EMSC,1276045,2023-06-22 13:57:25+06:30,2026-02-21 23:23:49.41254+06:30,f,,{},
702327c9-e696-426b-9420-511447443169,7f917d09-b076-4328-8fb9-f96b1c96397c,earthquake,0101000020E6100000000000000080574085EB51B81E053940,3.50,low,EMSC,1276040,2023-06-22 13:17:39+06:30,2026-02-21 23:23:49.416232+06:30,f,,{},
5f7a5f90-eb02-486b-812e-2e99b9bcd4af,b976ec04-af76-41bf-ac70-3915ad1367e2,earthquake,0101000020E61000003333333333235840713D0AD7A3702E40,4.10,medium,EMSC,1276038,2023-06-22 13:04:14+06:30,2026-02-21 23:23:49.419892+06:30,f,,{},
f9be206b-e401-4c98-96af-091393e5de26,1a8f4965-3da0-4029-b839-91a55e73bb95,earthquake,0101000020E6100000AE47E17A140E5840B81E85EB51382F40,4.90,medium,EMSC,1275941,2023-06-22 06:42:57.9+06:30,2026-02-21 23:23:49.424642+06:30,f,,{},
a16b2d5e-b3dd-4ad5-9347-2ef95b00ee3b,b59760c2-6a62-47fe-a47e-348c7f967690,earthquake,0101000020E61000006666666666265840E17A14AE47E12E40,3.60,low,EMSC,1275948,2023-06-22 06:38:52+06:30,2026-02-21 23:23:49.428761+06:30,f,,{},
a31a220e-03f1-43ed-8ad6-cd4eb373b692,230150ca-8a0e-4414-bc69-b310b6f1737c,earthquake,0101000020E6100000AE47E17A141E5840CDCCCCCCCC4C2E40,4.40,medium,EMSC,1275845,2023-06-22 00:56:26.4+06:30,2026-02-21 23:23:49.432779+06:30,f,,{},
0a2a861e-1b31-4def-b5f8-b038620b328f,05c26dcb-5412-4314-b6bb-5dc7c5d18847,earthquake,0101000020E6100000C3F5285C8F9257401F85EB51B81E3840,3.50,low,EMSC,1275844,2023-06-22 00:42:12+06:30,2026-02-21 23:23:49.436183+06:30,f,,{},
1c255ad8-88ad-4ef4-9e11-fa0cd0f833b4,a37fc22a-d63e-4edd-9c34-62c8b15347f3,earthquake,0101000020E6100000EC51B81E852B58400000000000002D40,3.50,low,EMSC,1275835,2023-06-21 23:50:30+06:30,2026-02-21 23:23:49.441379+06:30,f,,{},
8a87ecae-7c7b-4a2e-8563-f4d043903f71,992b1e69-bab5-4843-9743-b72c06320b98,earthquake,0101000020E6100000E17A14AE47215840F6285C8FC2F52E40,3.70,low,EMSC,1275809,2023-06-21 22:17:49+06:30,2026-02-21 23:23:49.445657+06:30,f,,{},
854b04f7-8ead-423f-a421-94a9f9d6c049,1d8c33f0-a638-4b62-b645-7697bc87379f,earthquake,0101000020E610000052B81E85EB21584085EB51B81E852E40,3.50,low,EMSC,1275735,2023-06-21 17:30:23+06:30,2026-02-21 23:23:49.44984+06:30,f,,{},
e37f9a65-b243-413a-b695-8897b8dfb942,daab71b0-aeff-4f16-a5d3-096736c77022,earthquake,0101000020E61000008FC2F5285C0F58408FC2F5285C0F2F40,4.70,medium,EMSC,1275566,2023-06-21 09:17:19.3+06:30,2026-02-21 23:23:49.454732+06:30,f,,{},
15fa3bc2-3fb5-4a10-b787-c67f822c21cc,ac18b98c-172d-4de7-b9bd-473ab9b9d4bf,earthquake,0101000020E6100000CB10C7BAB87157403F355EBA49AC2240,4.60,medium,USGS,us6000kq95,2023-06-27 00:35:37.303+06:30,2026-02-21 23:23:49.738384+06:30,f,,{},
f41f4dae-ad7d-4d19-94f1-c9d4a2cd4808,099a4a85-1330-4694-b050-d5d08b5e9c10,earthquake,0101000020E6100000643BDF4F8D63574050FC1873D7922240,4.90,medium,USGS,us7000kb4v,2023-06-26 20:02:03.058+06:30,2026-02-21 23:23:49.747822+06:30,f,,{},
3e0e6320-d7e6-41f3-ac83-16d4ebe73b03,70d7030c-3b41-4fe8-be17-0e4607aba53e,earthquake,0101000020E6100000FCA9F1D24D2E5740ECC039234A7B2B40,4.70,medium,USGS,us7000kb4r,2023-06-26 19:22:59.977+06:30,2026-02-21 23:23:49.751268+06:30,f,,{},
8632b63b-4b56-4188-a700-1cba27ae2364,277ecc0e-cc4e-4585-9d35-42ff2a11fd05,earthquake,0101000020E6100000091B9E5E29735740F90FE9B7AF533540,4.30,medium,USGS,us7000kaec,2023-06-22 23:12:44.175+06:30,2026-02-21 23:23:49.756358+06:30,f,,{},
5562b2b0-842b-46ec-9d38-460637fb3875,5952f1bc-1085-4741-a18a-d063a292efa1,earthquake,0101000020E6100000E63FA4DFBE0A58405305A3923AC12E40,4.10,medium,USGS,us6000kp5w,2023-06-22 13:04:11.948+06:30,2026-02-21 23:23:49.759798+06:30,f,,{},
a12a283a-93cf-4abe-a315-e9dbd6e21efd,1a8f4965-3da0-4029-b839-91a55e73bb95,earthquake,0101000020E6100000B84082E2C7105840AA60545227E02E40,4.90,medium,USGS,us7000ka8l,2023-06-22 06:42:56.808+06:30,2026-02-21 23:23:49.764465+06:30,f,,{},
f0bf9770-0f3f-496c-b6be-c265be7a7dde,6eff5381-4e66-472e-b121-defc53171334,earthquake,0101000020E6100000105839B4C81658402D431CEBE2D62E40,4.30,medium,USGS,us6000kp5b,2023-06-22 04:28:31.267+06:30,2026-02-21 23:23:49.769264+06:30,f,,{},
2917d9aa-f589-40e4-a4cc-db45b989caf2,8cc4c3a3-0ee7-4c8b-9e3c-19390ca50b83,earthquake,0101000020E6100000C9E53FA4DF1E58408716D9CEF7732E40,4.40,medium,USGS,us6000kp59,2023-06-22 03:52:06.596+06:30,2026-02-21 23:23:49.774288+06:30,f,,{},
f49be5b7-fa69-4794-b4e8-69e41d55d36d,230150ca-8a0e-4414-bc69-b310b6f1737c,earthquake,0101000020E6100000D656EC2FBB1758400000000000A02E40,4.40,medium,USGS,us7000ka6a,2023-06-22 00:56:27.016+06:30,2026-02-21 23:23:49.777471+06:30,f,,{},
eaea360f-ad8b-48a0-963b-1f646df3fc9d,c4a15ab5-b511-4e55-822b-f84af22d3832,earthquake,0101000020E6100000000000000014584055C1A8A44E802E40,4.30,medium,USGS,us6000kp4r,2023-06-21 14:56:42.096+06:30,2026-02-21 23:23:49.782035+06:30,f,,{},
a47221ff-c269-4246-ac7b-a0b6da0e166d,daab71b0-aeff-4f16-a5d3-096736c77022,earthquake,0101000020E6100000A089B0E1E90958406519E25817D72E40,4.60,medium,USGS,us7000ka0g,2023-06-21 09:17:18.225+06:30,2026-02-21 23:23:49.785577+06:30,f,,{},
ba513dcf-59e8-4897-b5ea-45b2209dcd4c,21dff145-610c-4cbf-a6ab-4e4c8b77cf7d,earthquake,0101000020E61000000D71AC8BDB14584077BE9F1A2F8D3A40,4.90,medium,EMSC,1524211,2023-07-04 13:55:32.56+06:30,2026-02-21 23:23:50.049436+06:30,f,,{},
e1096f34-bc8d-44a6-8fac-d2704934be6c,875c4565-18b4-4fab-b0fa-663ed1d09d7a,earthquake,0101000020E610000085EB51B81EF5574085EB51B81EC53A40,3.70,low,EMSC,1523171,2023-07-02 05:34:22+06:30,2026-02-21 23:23:50.058463+06:30,f,,{},
5bc7e52c-ad6a-4c74-a465-cadaa6abe5db,ed6f5c3d-5643-4b4b-af2c-ecec47c50b36,earthquake,0101000020E6100000EE7C3F355EDE58402E90A0F831363540,4.50,medium,EMSC,1522610,2023-06-30 23:16:54.35+06:30,2026-02-21 23:23:50.063089+06:30,f,,{},
7e729407-1b0c-4613-bc76-d3c42bbb56ec,d81c2943-9932-4883-a5e4-f81e94b873e0,earthquake,0101000020E6100000006F8104C52B58405917B7D100DE3A40,4.40,medium,EMSC,1522374,2023-06-30 12:14:04.56+06:30,2026-02-21 23:23:50.066591+06:30,f,,{},
a4ef0fbe-2583-4df5-a729-fc10256ef6ac,4f4905fe-468a-4ebc-b21b-ff22e8aa95af,earthquake,0101000020E610000065AA605452FB584038F8C264AA503040,4.50,medium,EMSC,1521611,2023-06-28 23:47:56.464+06:30,2026-02-21 23:23:50.070237+06:30,f,,{},
c6f09caa-9f8d-4b2f-bd32-382532a2f905,adce721b-7486-412f-9d81-3646422105dd,earthquake,0101000020E6100000371AC05B205557404260E5D0222B3540,4.40,medium,USGS,us7000kf5l,2023-07-05 04:17:28.873+06:30,2026-02-21 23:23:50.690814+06:30,f,,{},
9b885531-b11d-4dff-b269-f19422f18b8c,21dff145-610c-4cbf-a6ab-4e4c8b77cf7d,earthquake,0101000020E6100000098A1F63EE16584010E9B7AF03873A40,4.60,medium,USGS,us6000kpzu,2023-07-04 13:55:32.26+06:30,2026-02-21 23:23:50.695836+06:30,f,,{},
969c01a1-6689-4718-96c1-bd0b9740faa1,ed6f5c3d-5643-4b4b-af2c-ecec47c50b36,earthquake,0101000020E6100000E7FBA9F1D2E1584010E9B7AF03173540,4.50,medium,USGS,us6000kp8f,2023-06-30 23:16:53.102+06:30,2026-02-21 23:23:50.699095+06:30,f,,{},
b698ba1c-eecf-43d2-ad1f-79319371d7fe,d81c2943-9932-4883-a5e4-f81e94b873e0,earthquake,0101000020E6100000B4C876BE9F265840234A7B832FFC3A40,4.40,medium,USGS,us6000kp19,2023-06-30 12:14:02.011+06:30,2026-02-21 23:23:50.702851+06:30,f,,{},
f3edc3fe-1e55-4cab-ae4c-2c2857b9301c,4f4905fe-468a-4ebc-b21b-ff22e8aa95af,earthquake,0101000020E61000001E166A4DF3FA5840499D8026C2463040,4.10,medium,USGS,us6000knpe,2023-06-28 23:47:56.123+06:30,2026-02-21 23:23:50.707296+06:30,f,,{},
242ccfa6-ec8f-4881-9099-e1f59b000854,301c29f1-acc8-41d8-a460-70bdaef8e8d3,earthquake,0101000020E610000057EC2FBB2783574012143FC6DC253740,4.30,medium,EMSC,1527438,2023-07-11 20:35:59.74+06:30,2026-02-21 23:23:50.974761+06:30,f,,{},
e1a9462b-0dd2-40d3-8ed4-130760d3b4dd,ce30d8b7-2633-4a47-9136-b6c1ac809ab5,earthquake,0101000020E61000008351499D80525740992A1895D4492A40,4.20,medium,EMSC,1530801,2023-07-10 06:31:47.57+06:30,2026-02-21 23:23:50.980302+06:30,f,,{},
79fd0e52-2492-4837-a59c-b1fffae7ab52,b5311179-8139-402f-b77e-cfcb32a77823,earthquake,0101000020E6100000B81E85EB51785740EC51B81E85AB3740,3.90,low,EMSC,1524909,2023-07-06 01:35:09+06:30,2026-02-21 23:23:50.983718+06:30,f,,{},
435fa413-5b74-4b09-8b52-a9312f1f28af,d358412b-ad1e-4ead-b818-57a2bdc7a551,earthquake,0101000020E6100000A779C7293AC657408F537424973F3240,4.10,medium,EMSC,1524860,2023-07-05 23:42:25.359+06:30,2026-02-21 23:23:50.987079+06:30,f,,{},
c3db9e6c-f744-4baf-a1c8-006b825fe18e,301c29f1-acc8-41d8-a460-70bdaef8e8d3,earthquake,0101000020E6100000B515FBCBEE8557402A3A92CB7F283740,4.30,medium,USGS,us7000keva,2023-07-11 20:36:00.167+06:30,2026-02-21 23:23:51.284059+06:30,f,,{},
aa03961b-61de-4b23-a8d9-9fd024f24a57,ce30d8b7-2633-4a47-9136-b6c1ac809ab5,earthquake,0101000020E61000008351499D80525740992A1895D4492A40,4.20,medium,USGS,us7000kgk5,2023-07-10 06:31:47.57+06:30,2026-02-21 23:23:51.289822+06:30,f,,{},
1c8a964e-5606-4308-8ecb-4997dfe01220,b5311179-8139-402f-b77e-cfcb32a77823,earthquake,0101000020E6100000F38E5374247B5740D93D7958A8953740,4.30,medium,USGS,us6000kqab,2023-07-06 01:35:09.376+06:30,2026-02-21 23:23:51.293779+06:30,f,,{},
fdb9b129-1ab1-441f-b008-073483fe6d84,d358412b-ad1e-4ead-b818-57a2bdc7a551,earthquake,0101000020E6100000A01A2FDD24C657408E75711B0D403240,4.10,medium,USGS,us7000kfek,2023-07-05 23:42:25.341+06:30,2026-02-21 23:23:51.296996+06:30,f,,{},
42609ad1-d827-4081-9316-c80fdb96ac41,2adca687-60fa-4f21-aacb-b42b2a5e0228,earthquake,0101000020E61000003D0AD7A370CD5740AE47E17A142E3940,3.60,low,EMSC,1527774,2023-07-12 18:56:52+06:30,2026-02-21 23:23:51.548069+06:30,f,,{},
352b5389-8904-4111-aec6-943c340a1a0c,36ae8941-4450-49d8-a412-23f53ee4ceeb,earthquake,0101000020E6100000492EFF21FD8657402FDD240681952B40,4.50,medium,USGS,us7000kh4e,2023-07-13 11:32:32.249+06:30,2026-02-21 23:23:51.86667+06:30,f,,{},
8bafd500-6fec-4831-a830-7aef897c0aa6,2adca687-60fa-4f21-aacb-b42b2a5e0228,earthquake,0101000020E61000002B8716D9CEDB5740304CA60A46153940,4.30,medium,USGS,us7000kh27,2023-07-12 18:56:47.093+06:30,2026-02-21 23:23:51.876404+06:30,f,,{},
1b88dfc9-54fb-486a-bfda-ff20e217112b,b5ffe7eb-154c-48f0-a341-eef019be0dd6,earthquake,0101000020E61000006891ED7C3F45594083C0CAA145D63540,3.60,low,EMSC,1533073,2023-07-26 05:38:55+06:30,2026-02-21 23:23:52.141757+06:30,f,,{},
b3bc91d3-efea-49ee-a8fb-2fe5d0dd627e,97aac02e-b7f1-495b-8b57-b396e17d98ba,earthquake,0101000020E61000000AD7A3703DCA57405C8FC2F528DC3840,3.80,low,EMSC,1532761,2023-07-25 10:46:55+06:30,2026-02-21 23:23:52.153706+06:30,f,,{},
4296df51-f4ce-4c78-9c15-520078dccbe4,3c132cf5-a37d-4627-a034-0ac1596749be,earthquake,0101000020E6100000A167B3EA739D57406ADE718A8EC43640,4.40,medium,EMSC,1532659,2023-07-25 02:44:30.08+06:30,2026-02-21 23:23:52.158236+06:30,f,,{},
5f65e693-511d-4be2-b202-1e32b15b39a9,26e161f5-473f-4481-b47d-d2e010452a59,earthquake,0101000020E610000051DA1B7C61925740D0B359F5B94A3640,4.00,medium,EMSC,1532253,2023-07-23 23:01:23.84+06:30,2026-02-21 23:23:52.161523+06:30,f,,{},
ba8c01ec-66f4-49b9-a811-aff3fab01f65,5c524cf0-5e11-4976-aad3-e0c0c6f8fbef,earthquake,0101000020E610000004E78C28ED6D5740FE43FAEDEBA03240,4.50,medium,EMSC,1532124,2023-07-23 13:17:36.2+06:30,2026-02-21 23:23:52.167507+06:30,f,,{},
9cff2bde-9576-49e1-b4db-e9bf3ac989c1,746b8d57-ad1e-4277-ac8a-400dbf1aae7f,earthquake,0101000020E6100000E4141DC9E5BB5740BEC1172653153940,4.00,medium,EMSC,1531549,2023-07-22 02:35:48.69+06:30,2026-02-21 23:23:52.172592+06:30,f,,{},
04acd728-2811-426f-b038-9fc5c474aa86,f22ec815-1574-4c83-8230-d19d8509fc50,earthquake,0101000020E61000003D0AD7A3708D57403D0AD7A370FD3840,3.50,low,EMSC,1531263,2023-07-21 06:01:46+06:30,2026-02-21 23:23:52.177427+06:30,f,,{},
2f2ede6c-7e07-45c0-a929-b17a1277e3e9,290312c6-bb79-44b6-9587-d5ba4211ebb4,earthquake,0101000020E61000009A99999999C95740F6285C8FC2353940,4.20,medium,EMSC,1531253,2023-07-21 05:24:35+06:30,2026-02-21 23:23:52.181231+06:30,f,,{},
bcb48d15-cd6b-4f9b-abab-04735e60fb9b,ce35cc13-5af4-4e63-a6b2-928949e2a218,earthquake,0101000020E6100000A4703D0AD7735740AE47E17A14EE3740,3.60,low,EMSC,1530753,2023-07-20 02:08:36+06:30,2026-02-21 23:23:52.186189+06:30,f,,{},
e0bd6af6-e493-464d-ba50-e1424a4c4b09,3c132cf5-a37d-4627-a034-0ac1596749be,earthquake,0101000020E6100000A69BC420B09E574088F4DBD781D33640,4.40,medium,USGS,us7000ki2c,2023-07-25 02:44:28.734+06:30,2026-02-21 23:23:52.466534+06:30,f,,{},
1bd7c439-6a70-45bf-a07a-17c6b49b0a37,26e161f5-473f-4481-b47d-d2e010452a59,earthquake,0101000020E6100000CFF753E3A5975740053411363C5D3640,4.10,medium,USGS,us7000khu1,2023-07-23 23:01:23.608+06:30,2026-02-21 23:23:52.47621+06:30,f,,{},
fe99c9a0-9c2b-481f-9d26-03959147014c,5c524cf0-5e11-4976-aad3-e0c0c6f8fbef,earthquake,0101000020E6100000014D840D4F6757401D5A643BDF8F3240,4.60,medium,USGS,us7000khrq,2023-07-23 13:17:32.209+06:30,2026-02-21 23:23:52.480518+06:30,f,,{},
e66c7807-e2c9-4372-8b98-0ababf8f64a5,746b8d57-ad1e-4277-ac8a-400dbf1aae7f,earthquake,0101000020E61000008D976E1283C05740D200DE02092A3940,4.00,medium,USGS,us7000khhf,2023-07-22 02:35:46.184+06:30,2026-02-21 23:23:52.484509+06:30,f,,{},
aa4d5722-f9b5-4af8-b859-fa0c99239cf1,39550833-ad70-4abb-9021-37eff602dff4,earthquake,0101000020E61000007AC7293A92835740BF7D1D3867243440,4.50,medium,EMSC,1534930,2023-07-30 04:59:32.4+06:30,2026-02-21 23:23:52.74486+06:30,f,,{},
fd3b1724-8db8-4453-bc5b-76e58538ec6d,e0e56572-f90f-4ad6-a9bf-1ecc1b4370d7,earthquake,0101000020E6100000D0B359F5B95E574011363CBD52162540,5.60,medium,EMSC,1534459,2023-07-29 01:53:46.19+06:30,2026-02-21 23:23:52.754014+06:30,f,,{},
28e431c6-a15f-440b-ba2c-6272db87f1a0,bd4b448a-207a-4cbf-90ab-66bb375e8aef,earthquake,0101000020E6100000FDF675E09C6D57403480B74082022340,4.30,medium,USGS,us6000kzbn,2023-08-02 05:37:34.572+06:30,2026-02-21 23:23:53.301654+06:30,f,,{},
f99beea4-a1a7-4a36-b875-292b1ff0bdfd,86a42528-2bfb-44a8-bf5d-76e8329a89d6,earthquake,0101000020E6100000D9CEF753E379574027A089B0E1892240,4.50,medium,USGS,us6000kzbd,2023-08-01 20:08:51.353+06:30,2026-02-21 23:23:53.312715+06:30,f,,{},
dd47c1d5-1d4b-43c2-a333-438c8fa91e7e,39550833-ad70-4abb-9021-37eff602dff4,earthquake,0101000020E6100000F163CC5D4B845740A167B3EA73253440,4.40,medium,USGS,us6000kwkm,2023-07-30 04:59:32.01+06:30,2026-02-21 23:23:53.317393+06:30,f,,{},
0d63118d-a60f-4ba9-b445-138bde6294a9,e0e56572-f90f-4ad6-a9bf-1ecc1b4370d7,earthquake,0101000020E6100000423EE8D9AC62574050FC1873D7122540,5.90,medium,USGS,us6000kwam,2023-07-29 01:53:46.487+06:30,2026-02-21 23:23:53.321825+06:30,f,,{},
622a9d8f-3105-4cf0-950f-2892c16b693a,b24497d3-4815-444d-9019-18094510c719,earthquake,0101000020E6100000295C8FC2F5A857403D0AD7A370BD3740,4.30,medium,EMSC,1538426,2023-08-08 03:27:42+06:30,2026-02-21 23:23:53.585807+06:30,f,,{},
bbf9b5e7-9c80-4d16-a18d-aabbae52d06f,4a04243f-ca04-48af-bd3a-922637505fe9,earthquake,0101000020E6100000F31FD26F5F5F5740637FD93D79782240,4.90,medium,EMSC,1536796,2023-08-03 18:09:04.23+06:30,2026-02-21 23:23:53.595746+06:30,f,,{},
834e84c5-d90d-4219-814e-e413e360369b,8dc7e65d-5242-4b74-a366-97d96e01324e,earthquake,0101000020E61000004182E2C798F75840F5DBD78173263540,4.60,medium,EMSC,1536392,2023-08-02 17:27:00.16+06:30,2026-02-21 23:23:53.599441+06:30,f,,{},
9a2f0b10-d3b8-4449-b719-d12077b5b653,b135cc80-6cb3-497e-8a71-381514dcecc3,earthquake,0101000020E6100000BA490C022B8F574029CB10C7BA382340,5.00,medium,EMSC,1536227,2023-08-02 07:37:19.07+06:30,2026-02-21 23:23:53.604566+06:30,f,,{},
8fb2a689-f953-46d3-ab85-a4eeaaabb08f,6163dfef-17ef-4d92-bc6d-3fce14f857b3,earthquake,0101000020E6100000355EBA490C7E5740D26F5F07CED92240,5.20,medium,EMSC,1536206,2023-08-02 06:40:12.66+06:30,2026-02-21 23:23:53.60997+06:30,f,,{},
2f4efd07-d122-4ad2-b3cd-d498eec1f275,b24497d3-4815-444d-9019-18094510c719,earthquake,0101000020E610000052B81E85EBB157403CBD529621BE3740,4.30,medium,USGS,us6000kyik,2023-08-08 03:27:44.1+06:30,2026-02-21 23:23:54.359089+06:30,f,,{},
d5f0c917-6400-4741-88fd-c35c80d76a71,8dc7e65d-5242-4b74-a366-97d96e01324e,earthquake,0101000020E61000004182E2C798F75840F5DBD78173263540,4.30,medium,USGS,us6000kxaz,2023-08-02 17:27:00.16+06:30,2026-02-21 23:23:54.368739+06:30,f,,{},
e9b704b7-85b7-43de-bc96-d933a73a6c60,b135cc80-6cb3-497e-8a71-381514dcecc3,earthquake,0101000020E61000009CC420B0728457407FD93D7958082340,5.20,medium,USGS,us6000kx7s,2023-08-02 07:37:17.066+06:30,2026-02-21 23:23:54.372258+06:30,f,,{},
fd984d0d-2916-41de-9d6d-ddb1aad7d8c8,6163dfef-17ef-4d92-bc6d-3fce14f857b3,earthquake,0101000020E61000006C09F9A0677B5740E2E995B20CB12240,5.30,medium,USGS,us6000kx7b,2023-08-02 06:40:11.622+06:30,2026-02-21 23:23:54.375592+06:30,f,,{},
5902cb8a-02e7-487c-842e-3ed64b115308,c192080d-f8bc-4c7d-9ecc-1779732e717b,earthquake,0101000020E61000005C8FC2F528BC57406666666666263940,3.60,low,EMSC,1541517,2023-08-16 05:23:42+06:30,2026-02-21 23:23:54.642195+06:30,f,,{},
871bd36b-7f8b-4011-b07f-af87e230e9c9,8a3f3026-7cee-4e26-b64a-a89781ac3866,earthquake,0101000020E6100000014D840D4F0F5740AB3E575BB1FF3840,5.30,medium,EMSC,1541015,2023-08-14 21:19:46.42+06:30,2026-02-21 23:23:54.652603+06:30,f,,{},
51880d5c-3ae2-4ef5-93ab-f5a63209941e,59b434d5-2e35-494f-897d-171372774207,earthquake,0101000020E61000002B1895D409785740D122DBF97EAA2240,4.80,medium,EMSC,1540928,2023-08-14 17:42:22.27+06:30,2026-02-21 23:23:54.656285+06:30,f,,{},
865098ee-46d8-4f11-9c67-20cc6459118c,6c43753d-5c1c-423f-8154-fb06ec378ae0,earthquake,0101000020E6100000D7A3703D0A175740F6285C8FC2752640,4.70,medium,EMSC,1540921,2023-08-14 17:03:25.3+06:30,2026-02-21 23:23:54.659602+06:30,f,,{},
f72f2b9d-a2a6-4cd8-9c3d-b6769513feb6,f8cf99cc-353c-4e44-b8e6-0ab4f4b4380a,earthquake,0101000020E610000017D9CEF753FB5840DBF97E6ABC343540,3.60,low,EMSC,1540853,2023-08-14 12:41:17+06:30,2026-02-21 23:23:54.664744+06:30,f,,{},
c4faac88-5368-49ab-a590-fdbcb46c41e6,ca84692c-ebfa-4ae3-8148-79981a15504a,earthquake,0101000020E6100000FA7E6ABC74FB58401B2FDD2406413540,4.00,medium,EMSC,1540565,2023-08-13 18:36:50+06:30,2026-02-21 23:23:54.669185+06:30,f,,{},
98b68724-9ad8-4a34-9562-53d9b53777cc,4af622a3-99ad-4129-8323-1c098f024360,earthquake,0101000020E610000083C0CAA145FE5840B29DEFA7C62B3540,4.00,medium,EMSC,1540556,2023-08-13 17:53:18+06:30,2026-02-21 23:23:54.673729+06:30,f,,{},
204cf382-9e4d-4485-b4a9-11b706ca81c9,d0b1c452-ff08-41b2-95c8-66d064bc42aa,earthquake,0101000020E6100000E10B93A9827557409A99999999192340,4.50,medium,EMSC,1539546,2023-08-11 03:55:57.65+06:30,2026-02-21 23:23:54.677704+06:30,f,,{},
4b6c55a3-f96e-4caa-b1cd-0585b6074b70,78c12d8c-b211-409f-99cf-decae23a697d,earthquake,0101000020E610000024B9FC87F45B57401283C0CAA1E52440,4.10,medium,EMSC,1544310,2023-08-11 00:43:36.311+06:30,2026-02-21 23:23:54.681599+06:30,f,,{},
07e0b892-9236-4575-b408-8b5f672d4977,f626d706-7ce0-48bd-b93b-0faf1a890e62,earthquake,0101000020E61000003333333333835740B81E85EB51F83740,4.00,medium,EMSC,1538995,2023-08-09 14:23:56+06:30,2026-02-21 23:23:54.686089+06:30,f,,{},
db78b940-926a-4438-a207-18be7a5ff77c,8a3f3026-7cee-4e26-b64a-a89781ac3866,earthquake,0101000020E6100000CE88D2DEE00F57405F29CB10C7FA3840,5.30,medium,USGS,us6000kzvl,2023-08-14 21:19:48.667+06:30,2026-02-21 23:23:54.976989+06:30,f,,{},
00a0bb12-362e-452b-bac3-0f26884206ae,59b434d5-2e35-494f-897d-171372774207,earthquake,0101000020E61000005839B4C8767A5740355EBA490C822240,4.80,medium,USGS,us6000kzuh,2023-08-14 17:42:21.187+06:30,2026-02-21 23:23:54.987058+06:30,f,,{},
1b758ffe-e69b-4855-ad4e-5d87bcfbdb68,d0b1c452-ff08-41b2-95c8-66d064bc42aa,earthquake,0101000020E6100000840D4FAF94755740423EE8D9AC1A2340,4.50,medium,USGS,us6000kz58,2023-08-11 03:55:57.66+06:30,2026-02-21 23:23:54.990868+06:30,f,,{},
7e99ccac-ead0-4307-b31d-714ca1df68db,78c12d8c-b211-409f-99cf-decae23a697d,earthquake,0101000020E610000024B9FC87F45B57401283C0CAA1E52440,4.10,medium,USGS,us7000kp1g,2023-08-11 00:43:36.311+06:30,2026-02-21 23:23:54.994506+06:30,f,,{},
5e8c9514-370e-4040-b422-a8097917d8c4,fd7f8d4a-5fac-4a18-b567-7033285c37db,earthquake,0101000020E6100000F31FD26F5F9B5740F5B9DA8AFDA53740,4.30,medium,USGS,us7000knyr,2023-08-09 14:23:51.524+06:30,2026-02-21 23:23:54.997823+06:30,f,,{},
529a4b18-e8e8-4028-b731-b1c682eafefd,b3f93491-dc23-4523-9c5f-64bb58ded119,earthquake,0101000020E61000008CB96B09F99C5740C0EC9E3C2C943440,4.50,medium,EMSC,1543710,2023-08-21 17:12:06.68+06:30,2026-02-21 23:23:55.256365+06:30,f,,{},
956c6b53-e0be-4a7b-b098-29a807360c85,a93a4b8d-e8e3-459a-bfed-58618177bb10,earthquake,0101000020E6100000B9FC87F4DB9F57403D2CD49AE69D3440,4.70,medium,EMSC,1543240,2023-08-20 14:12:44.93+06:30,2026-02-21 23:23:55.264811+06:30,f,,{},
b16b400c-a0c7-4cab-a3e7-d3b18ec9a144,38b10fd8-a20d-4eb6-ada1-c757b23eb5a8,earthquake,0101000020E6100000C1CAA145B63757401B0DE02D90503A40,4.70,medium,EMSC,1543026,2023-08-19 21:50:32.7+06:30,2026-02-21 23:23:55.267694+06:30,f,,{},
fdbfce8c-54c3-46b2-92f5-565b1f958aa6,bc898b2b-f2cb-48b1-b24a-7f6d6591839d,earthquake,0101000020E61000007D3F355EBA6957403D9B559FABED2240,4.60,medium,EMSC,1542426,2023-08-18 13:07:35.91+06:30,2026-02-21 23:23:55.270677+06:30,f,,{},
885e13ec-711c-4816-879d-9e83d8f76834,b7edeefc-35e3-40cd-b4a5-e16fedfb6186,earthquake,0101000020E61000000AD7A3703D9A5740EC51B81E85AB3740,3.70,low,EMSC,1541776,2023-08-16 21:41:12+06:30,2026-02-21 23:23:55.273954+06:30,f,,{},
96b47d61-50e7-4dfe-ba02-c4abdcb6c557,f1b5cee9-9dca-4d4f-a6d2-c8e74d04683d,earthquake,0101000020E610000052B81E85EBA15740C3F5285C8F023840,3.50,low,EMSC,1541678,2023-08-16 16:45:50+06:30,2026-02-21 23:23:55.276707+06:30,f,,{},
e53a566f-c00b-44e0-b18d-40e91bb35bce,b3f93491-dc23-4523-9c5f-64bb58ded119,earthquake,0101000020E6100000B37BF2B0509F574090A0F831E69E3440,4.50,medium,USGS,us7000kpvh,2023-08-21 17:12:06.204+06:30,2026-02-21 23:23:55.820296+06:30,f,,{},
a8f13e94-00c4-4b45-a40e-cf426fea14eb,a93a4b8d-e8e3-459a-bfed-58618177bb10,earthquake,0101000020E610000076711B0DE0995740A52C431CEBA23440,4.70,medium,USGS,us7000kpky,2023-08-20 14:12:43.181+06:30,2026-02-21 23:23:55.830369+06:30,f,,{},
6a80a13f-b82d-44a3-82ce-5550b763b11c,38b10fd8-a20d-4eb6-ada1-c757b23eb5a8,earthquake,0101000020E6100000AE47E17A14365740D3DEE00B93593A40,4.80,medium,USGS,us7000kpgy,2023-08-19 21:50:35.313+06:30,2026-02-21 23:23:55.83618+06:30,f,,{},
c304a09f-7d77-400e-abc0-88eea32ce4d2,aadab9ff-6543-4d02-8017-6d72a67e8b43,earthquake,0101000020E6100000E4141DC9E57B57406ADE718A8E242340,4.70,medium,USGS,us7000kp6n,2023-08-18 13:07:33.342+06:30,2026-02-21 23:23:55.841512+06:30,f,,{},
c7122b7e-6b7f-4b92-85bf-28f983e47b90,7987526d-94a9-4987-bbf2-42b2ea091106,earthquake,0101000020E610000042CF66D5E76A5740C7293A92CB3F2640,4.30,medium,EMSC,1546513,2023-08-29 04:50:12.739+06:30,2026-02-21 23:23:56.112656+06:30,f,,{},
f3f566f2-0073-4cc8-bc3a-ecef39758277,d52d0a05-a7a7-454f-ae70-7808cf9e4e59,earthquake,0101000020E6100000EE7C3F355E8258406F1283C0CA013440,4.10,medium,EMSC,1545991,2023-08-27 16:44:12+06:30,2026-02-21 23:23:56.116999+06:30,f,,{},
e25c1391-21b3-4415-81b1-cf3c15c57432,7987526d-94a9-4987-bbf2-42b2ea091106,earthquake,0101000020E610000042CF66D5E76A5740C7293A92CB3F2640,4.30,medium,USGS,us7000ksnc,2023-08-29 04:50:12.739+06:30,2026-02-21 23:23:56.706006+06:30,f,,{},
9ef283bf-631d-4a52-add3-cd59e3442ea0,f0e37c2b-8e16-47e3-9367-243e565c1c52,earthquake,0101000020E6100000C3F5285C8F8257408FC2F5285C4F3840,4.10,medium,EMSC,1549580,2023-09-06 02:07:58+06:30,2026-02-21 23:23:56.974525+06:30,f,,{},
a6adba56-2b4b-4e6c-951b-a28080e96f0b,360031c5-e54c-4b12-bf85-81c764eecaa1,earthquake,0101000020E61000009A081B9E5E7957407D3F355EBA692240,4.70,medium,EMSC,1548591,2023-09-03 16:29:03.4+06:30,2026-02-21 23:23:56.983855+06:30,f,,{},
ddef3fda-afe7-40c4-93e9-7f510e15667d,a3b19593-b6b9-4a73-8789-05c68e747868,earthquake,0101000020E610000097900F7A367757401C7C613255D02240,4.20,medium,EMSC,1552599,2023-09-01 11:57:51.913+06:30,2026-02-21 23:23:56.987658+06:30,f,,{},
98b0a07f-3fc0-490a-a297-5a8bc5b987db,321d434b-73e1-4bfb-8407-ac4a63a89a33,earthquake,0101000020E61000005A643BDF4FFD584062105839B4283540,4.00,medium,EMSC,1547535,2023-08-31 21:17:16+06:30,2026-02-21 23:23:56.991252+06:30,f,,{},
529dc0f8-b4a9-418f-aa78-3e594a34330f,9edff9f9-b033-44b3-8b1e-118c04015ed3,earthquake,0101000020E61000006E3480B7403257404D158C4AEAD43A40,3.80,low,EMSC,1547213,2023-08-31 00:48:04+06:30,2026-02-21 23:23:56.994805+06:30,f,,{},
9665c7b5-bd4f-4fca-b496-72d6ae286b6f,360031c5-e54c-4b12-bf85-81c764eecaa1,earthquake,0101000020E61000009487855AD3785740E3C798BB96702240,4.70,medium,USGS,us7000kt05,2023-09-03 16:29:03.213+06:30,2026-02-21 23:23:57.311386+06:30,f,,{},
e539dd51-737b-49a5-ad07-4904924e03f7,a3b19593-b6b9-4a73-8789-05c68e747868,earthquake,0101000020E610000097900F7A367757401C7C613255D02240,4.20,medium,USGS,us7000ktxm,2023-09-01 11:57:51.913+06:30,2026-02-21 23:23:57.320048+06:30,f,,{},
04f0ae7b-1291-49f5-9ca6-aec0c9a55eca,bacda041-c8da-44ec-8958-835c0ffd41fb,earthquake,0101000020E61000008195438B6C47594014AE47E17AD43440,4.10,medium,EMSC,1552242,2023-09-12 03:02:41+06:30,2026-02-21 23:23:57.581932+06:30,f,,{},
43d4ae32-e517-4a28-aa0b-f36cd66fca0f,4ce3476d-8a8a-404f-a16b-dd722c7cf3a7,earthquake,0101000020E610000010E9B7AF03B75740D200DE02096A3840,4.90,medium,EMSC,1552174,2023-09-12 00:02:00.1+06:30,2026-02-21 23:23:57.587872+06:30,f,,{},
daa723dc-08ab-4aa4-8212-76ede6092a50,cebd8bf6-a60a-4034-9ebe-f18168fc54db,earthquake,0101000020E610000024B9FC87F42F5740D93D7958A8A53840,4.80,medium,EMSC,1551220,2023-09-09 16:48:29.87+06:30,2026-02-21 23:23:57.591613+06:30,f,,{},
826083f0-c487-48e5-b30d-a29dab3b5f74,35cd4b6b-1f3c-4c4f-8647-3e1bb067af59,earthquake,0101000020E61000006666666666765740EC51B81E856B3640,4.40,medium,EMSC,1550227,2023-09-07 11:29:21+06:30,2026-02-21 23:23:57.594884+06:30,f,,{},
5a34eb41-c9bd-44bc-b3ad-2224860671fc,b57f0cda-4835-4f86-8568-d0001c3085cd,earthquake,0101000020E61000007B14AE47E16A57409A99999999593840,3.60,low,EMSC,1549898,2023-09-06 19:33:07+06:30,2026-02-21 23:23:57.597897+06:30,f,,{},
2fb4a570-7139-490c-b21e-ecb3424b4d85,4ce3476d-8a8a-404f-a16b-dd722c7cf3a7,earthquake,0101000020E61000000A68226C78B657405A643BDF4F5D3840,5.00,medium,USGS,us7000kv42,2023-09-12 00:02:00.809+06:30,2026-02-21 23:23:57.87659+06:30,f,,{},
e3482e19-aa77-494b-90ae-ce380d227585,ff5ebc50-89b7-4071-9c5a-d2d8d7e68662,earthquake,0101000020E6100000FC1873D712865840D578E92631E83840,4.00,medium,USGS,us7000kvqk,2023-09-09 23:43:08.007+06:30,2026-02-21 23:23:57.885727+06:30,f,,{},
fbc5fbe0-a192-492c-843d-47797090dfa3,cebd8bf6-a60a-4034-9ebe-f18168fc54db,earthquake,0101000020E610000058A835CD3B32574068226C787AA53840,4.80,medium,USGS,us7000kuka,2023-09-09 16:48:30.146+06:30,2026-02-21 23:23:57.889351+06:30,f,,{},
4363342a-4c73-4886-ad48-66b7e7d5ee25,35cd4b6b-1f3c-4c4f-8647-3e1bb067af59,earthquake,0101000020E6100000B1506B9A7788574088855AD3BC733640,4.40,medium,USGS,us7000kvan,2023-09-07 11:29:22.159+06:30,2026-02-21 23:23:57.892422+06:30,f,,{},
436089c9-a604-4526-b4c5-de039fe86de6,41d93c1a-4738-434a-afd7-6d7b34debfd9,earthquake,0101000020E6100000B7D100DE02AD5740F8C264AA60943840,4.20,medium,USGS,us7000kx4x,2023-09-17 13:07:58.353+06:30,2026-02-21 23:23:58.793593+06:30,f,,{},
1c56582c-b1b0-44f9-88bd-4240c7bba70c,cf37a9ea-0185-4513-b538-70e914b569d0,earthquake,0101000020E61000005C8FC2F5286C57400AD7A3703D4A3740,3.60,low,EMSC,1558372,2023-09-26 05:46:22+06:30,2026-02-21 23:23:59.066067+06:30,f,,{},
05bb63ea-000b-4383-9489-22277e6ac5e9,4a7684e9-83da-4b1c-9a56-c5266f0c03a7,earthquake,0101000020E610000052B81E85EB91574048E17A14AE073840,3.60,low,EMSC,1558300,2023-09-26 00:46:48+06:30,2026-02-21 23:23:59.074921+06:30,f,,{},
1368a526-ade5-4410-aa56-1d355ea949ff,3978cce9-bc67-4357-8b2a-6020686251e3,earthquake,0101000020E61000009A99999999E15740C1CAA145B6B33140,3.80,low,EMSC,1558202,2023-09-25 18:45:57+06:30,2026-02-21 23:23:59.078241+06:30,f,,{},
c60149e9-2f49-438b-822f-56fc28fc2035,ba132c0e-d574-4fbe-ac49-724a970da245,earthquake,0101000020E6100000E9263108ACDC5740F4FDD478E9263140,3.70,low,EMSC,1557812,2023-09-25 00:24:43+06:30,2026-02-21 23:23:59.08177+06:30,f,,{},
e458c2c9-5d2a-41f0-9da1-1ccd87068763,014ebde8-9b4b-47fa-ae5f-cd4d43cbb224,earthquake,0101000020E610000017B7D100DEEE5740E3A59BC420803140,4.40,medium,EMSC,1557463,2023-09-24 02:53:19.849+06:30,2026-02-21 23:23:59.085069+06:30,f,,{},
874b83cf-6131-418d-8cca-665fa0618f9f,08538a76-c3b7-493e-8380-2d8904476e5b,earthquake,0101000020E6100000F46C567DAE0A58407FD93D7958283140,4.80,medium,EMSC,1557368,2023-09-23 20:54:35.33+06:30,2026-02-21 23:23:59.089116+06:30,f,,{},
4d92305e-d9cd-4942-b774-9e7b4a7112bc,c39c8661-ebfe-4852-9801-ceda6dd59c7a,earthquake,0101000020E61000005EBA490C021B5840273108AC1C3A3140,3.90,low,EMSC,1557320,2023-09-23 17:33:34+06:30,2026-02-21 23:23:59.093604+06:30,f,,{},
66e640be-df6c-44b2-a805-6f48302fe7b8,15d67c52-be40-4312-9938-4369da06b6d7,earthquake,0101000020E61000007593180456C65740B0726891EDBC3140,3.80,low,EMSC,1556741,2023-09-22 07:03:57+06:30,2026-02-21 23:23:59.09835+06:30,f,,{},
c5c387bc-1cf1-4dc1-9a38-f601a86bd7e9,523db3cc-6712-4e1f-b1e9-b9030ed3def4,earthquake,0101000020E61000003108AC1C5AEC58400000000000C03340,3.60,low,EMSC,1556247,2023-09-21 00:15:26+06:30,2026-02-21 23:23:59.101469+06:30,f,,{},
b8f97b7c-bf09-460c-8981-3c58df303a75,014ebde8-9b4b-47fa-ae5f-cd4d43cbb224,earthquake,0101000020E610000017B7D100DEEE5740E3A59BC420803140,4.40,medium,USGS,us6000lbe1,2023-09-24 02:53:19.849+06:30,2026-02-21 23:23:59.680293+06:30,f,,{},
84aa6d07-dc24-44ed-bb8f-afd7ece66e01,08538a76-c3b7-493e-8380-2d8904476e5b,earthquake,0101000020E61000002D211FF46C06584030BB270F0B253140,4.80,medium,USGS,us7000kxn3,2023-09-23 20:54:34.421+06:30,2026-02-21 23:23:59.689806+06:30,f,,{},
a6b22acb-60c8-4811-94bd-952812b2085a,f8e0643a-8b79-424d-bc58-d0b6a9733d29,earthquake,0101000020E61000001895D4096842584004560E2DB20D3A40,4.40,medium,EMSC,1561005,2023-10-02 20:59:30.012+06:30,2026-02-21 23:23:59.973819+06:30,f,,{},
98e70329-701c-4ab6-b271-796077aadd74,01ce3b01-80da-4521-bc03-46f98d530aef,earthquake,0101000020E6100000713D0AD7A3E057400AD7A3703D0A3A40,3.60,low,EMSC,1560702,2023-10-02 00:53:21+06:30,2026-02-21 23:23:59.979412+06:30,f,,{},
7d2249b4-64e9-4aa3-85b1-2f65335a818a,dee83e24-793c-49bf-b09b-a4b9be6e049c,earthquake,0101000020E6100000A4703D0AD71358400000000000403A40,3.90,low,EMSC,1563802,2023-10-09 15:05:07+06:30,2026-02-21 23:24:01.043988+06:30,f,,{},
ad14e2e8-9784-43e9-8123-cc71225850cd,1839d192-8858-439e-a2a8-10211dac14fa,earthquake,0101000020E6100000DBF97E6ABC78574035EF384547922240,4.50,medium,EMSC,1563433,2023-10-08 06:27:26.745+06:30,2026-02-21 23:24:01.047298+06:30,f,,{},
4f62ca19-6864-4d03-8a54-521c2d921225,17405b86-703d-4e06-819b-b33a8323171d,earthquake,0101000020E610000079E92631087857403F355EBA498C2240,4.70,medium,EMSC,1563284,2023-10-08 04:19:41.91+06:30,2026-02-21 23:24:01.05137+06:30,f,,{},
f566cb0f-9c0a-4b87-9c6d-9bac9bbc49dc,51d0f740-a0fa-4ca8-b71f-5e889627b4a4,earthquake,0101000020E61000000000000000B057409A99999999193740,3.80,low,EMSC,1562059,2023-10-05 07:40:38+06:30,2026-02-21 23:24:01.058826+06:30,f,,{},
3b43ae8c-e75c-4cb8-8eec-b89508a04edc,7d6ecff7-b757-423f-ad6b-56d89b1e8917,earthquake,0101000020E6100000F38E537424175740B7D100DE02C92740,4.40,medium,USGS,us6000lf3p,2023-10-08 14:40:48.987+06:30,2026-02-21 23:24:02.103471+06:30,f,,{},
247293ae-659f-4926-b552-04377aef7cc0,1839d192-8858-439e-a2a8-10211dac14fa,earthquake,0101000020E61000007FD93D795878574083C0CAA145962240,4.50,medium,USGS,us6000lev0,2023-10-08 06:27:26.766+06:30,2026-02-21 23:24:02.106992+06:30,f,,{},
2bcddc76-1bb6-488e-a08c-ac77640c20ad,17405b86-703d-4e06-819b-b33a8323171d,earthquake,0101000020E6100000575BB1BFEC765740A60A462575822240,4.60,medium,USGS,us6000ldwk,2023-10-08 04:19:41.275+06:30,2026-02-21 23:24:02.110117+06:30,f,,{},
81ee908c-70b6-45b5-b087-7d9b3f56cd93,4c1012a9-5e13-4e0e-9f95-58cfd204791b,earthquake,0101000020E61000005BB1BFEC9E805740053411363CBD2240,4.50,medium,EMSC,1570660,2023-10-17 05:43:31.567+06:30,2026-02-21 23:24:02.370076+06:30,f,,{},
8da98c82-2ad5-4b46-ba95-f5dea81f9f24,84354958-9da6-44c1-946d-9d322021a52a,earthquake,0101000020E61000002DB29DEFA77E5840355EBA490CA23540,3.70,low,EMSC,1565378,2023-10-13 08:27:32+06:30,2026-02-21 23:24:02.379443+06:30,f,,{},
05d10c21-f8eb-4834-9dae-a5abac92192c,4c1012a9-5e13-4e0e-9f95-58cfd204791b,earthquake,0101000020E61000005BB1BFEC9E805740053411363CBD2240,4.50,medium,USGS,us6000lgxp,2023-10-17 05:43:31.567+06:30,2026-02-21 23:24:02.955451+06:30,f,,{},
cb11d33f-e6bc-4ace-8ad3-c187c6bc11e2,af60bd5a-64c6-4b94-b454-33fd5bdb641c,earthquake,0101000020E61000003333333333735740713D0AD7A3703640,3.90,low,EMSC,1569428,2023-10-24 11:25:33+06:30,2026-02-21 23:24:03.220919+06:30,f,,{},
9b0769c6-3e4c-43a8-a510-c936b40b317e,f62dc005-eb31-4f1f-9b1b-e0e97114f47d,earthquake,0101000020E610000052B81E85EB815740CDCCCCCCCC4C3740,4.30,medium,EMSC,1568989,2023-10-23 07:29:16+06:30,2026-02-21 23:24:03.22573+06:30,f,,{},
177742e5-4b47-4bfd-8186-8ea95c83edcb,8cd6629a-d43b-4ad8-9ed8-4b56d9641ca4,earthquake,0101000020E6100000D7A3703D0A27574014AE47E17AD43740,3.50,low,EMSC,1568911,2023-10-23 03:09:06+06:30,2026-02-21 23:24:03.229444+06:30,f,,{},
d7a85345-cbf6-477c-992f-81bd8cbb1f91,befa8181-0bb2-4831-9c64-a3ceb48b4af3,earthquake,0101000020E61000001DC9E53FA437574098DD938785FA2B40,4.40,medium,EMSC,1567959,2023-10-20 06:50:08.653+06:30,2026-02-21 23:24:03.232998+06:30,f,,{},
89ad26be-9a1b-4fe7-9cb1-cdcae420bd25,45406317-e77f-4e49-bebb-ec363a4713c8,earthquake,0101000020E6100000D3DEE00B93895740174850FC18033640,4.20,medium,USGS,us7000l6wh,2023-10-24 11:25:24.16+06:30,2026-02-21 23:24:03.850755+06:30,f,,{},
f6acd0a0-b90f-4c8d-a8d8-d57504d69e47,befa8181-0bb2-4831-9c64-a3ceb48b4af3,earthquake,0101000020E61000001DC9E53FA437574098DD938785FA2B40,4.40,medium,USGS,us7000l66u,2023-10-20 06:50:08.653+06:30,2026-02-21 23:24:03.858922+06:30,f,,{},
5fa2dc83-2bcc-43de-94c8-247817ebcd73,5edd3c66-76c3-495b-99ab-2ba3953cc265,earthquake,0101000020E61000003A92CB7F487F57402E90A0F831E62240,4.40,medium,USGS,us6000lhic,2023-10-18 19:55:10.787+06:30,2026-02-21 23:24:03.862533+06:30,f,,{},
e4cb859c-6f46-416d-8361-2469ddae4997,a5aaf710-c1d2-4fc0-bbdf-c2134a102c9c,earthquake,0101000020E61000000000000000D057409A99999999D93840,3.60,low,EMSC,1572401,2023-10-31 12:21:55+06:30,2026-02-21 23:24:04.12493+06:30,f,,{},
f3174066-c7a3-4983-9c4b-95bca8c12195,cc7c2a9c-34cf-4f0b-948f-3c23a49df9c9,earthquake,0101000020E6100000D044D8F0F49A5740DE9387855A233440,4.20,medium,EMSC,1571582,2023-10-29 17:32:20.28+06:30,2026-02-21 23:24:04.13455+06:30,f,,{},
eaf09681-6b72-4e9f-842c-8048cf77a78d,20f9a11d-5860-4fcc-85fb-cd9cba6eac87,earthquake,0101000020E6100000AF94658863E157407DAEB6627F393A40,4.80,medium,EMSC,1571054,2023-10-28 05:53:49.59+06:30,2026-02-21 23:24:04.138723+06:30,f,,{},
52fc8610-7fc7-4562-bda0-937406a4d7b2,e69d3ee7-9770-4c1d-a79e-56ebfb481688,earthquake,0101000020E610000014AE47E17AD457400000000000003A40,3.60,low,EMSC,1571029,2023-10-28 04:08:28+06:30,2026-02-21 23:24:04.142247+06:30,f,,{},
06242e8f-7bc2-432d-b05c-9adea5648376,467412f8-af2a-435d-8e29-c5f0770f638d,earthquake,0101000020E61000009A999999995958400000000000403B40,3.60,low,EMSC,1570937,2023-10-27 22:59:21+06:30,2026-02-21 23:24:04.145539+06:30,f,,{},
d447e3d4-d660-43a4-81b7-92983e9c70cd,906aea06-eff6-4894-ac30-b403cf253fa2,earthquake,0101000020E6100000AED85F764F3258401F85EB51B8AE3A40,4.40,medium,EMSC,1570534,2023-10-27 00:59:02.42+06:30,2026-02-21 23:24:04.150129+06:30,f,,{},
04a79639-d4d3-474d-a263-074817b3d1e8,cc7c2a9c-34cf-4f0b-948f-3c23a49df9c9,earthquake,0101000020E6100000E9263108AC9C5740ECC039234A1B3440,4.30,medium,USGS,us7000l7da,2023-10-29 17:32:19.991+06:30,2026-02-21 23:24:04.712093+06:30,f,,{},
f3f003ad-7613-4824-a657-fe1a2ffea5f0,20f9a11d-5860-4fcc-85fb-cd9cba6eac87,earthquake,0101000020E61000006ADE718A8EE057403A234A7B833F3A40,4.80,medium,USGS,us7000l70z,2023-10-28 05:53:47.733+06:30,2026-02-21 23:24:04.720664+06:30,f,,{},
51b4af98-e527-4808-af6c-b0f7bbb0fa15,906aea06-eff6-4894-ac30-b403cf253fa2,earthquake,0101000020E6100000C139234A7B375840931804560EBD3A40,4.30,medium,USGS,us7000l6lg,2023-10-27 00:59:02.059+06:30,2026-02-21 23:24:04.724189+06:30,f,,{},
10160176-f5bc-434a-96af-7e2509dd2fc3,135dbaae-050d-4096-8d11-d18fdfff2863,earthquake,0101000020E610000052B81E85EB21584014AE47E17A943A40,3.80,low,EMSC,1573868,2023-11-04 02:09:06+06:30,2026-02-21 23:24:05.007424+06:30,f,,{},
753bb5c1-65d1-42e5-b7bd-8a5cc529246a,d11194fb-639d-4dfc-9160-69142a247260,earthquake,0101000020E61000005B423EE8D9085840643BDF4F8D572F40,4.50,medium,EMSC,1573666,2023-11-03 17:03:41.114+06:30,2026-02-21 23:24:05.015432+06:30,f,,{},
4a723bfa-6871-460f-9eee-92dff7ac216c,224b01ef-6037-4fb7-8191-bc25f6ae9dd8,earthquake,0101000020E61000008A8EE4F21F425740DC68006F81E42540,5.10,medium,EMSC,1572870,2023-11-01 19:21:14.09+06:30,2026-02-21 23:24:05.018531+06:30,f,,{},
1d2f3f0e-1bb7-4a9c-9de2-496f69642027,135dbaae-050d-4096-8d11-d18fdfff2863,earthquake,0101000020E6100000C3F5285C8F265840091B9E5E296B3A40,4.20,medium,USGS,us7000l8qp,2023-11-04 02:09:09.153+06:30,2026-02-21 23:24:05.296808+06:30,f,,{},
1ad3b3e9-0b6f-496a-b002-efd9ffed6fab,5e4dc662-7a3e-4ede-b68d-9c576a9e09e2,earthquake,0101000020E61000004703780B240C5840D7A3703D0A572D40,4.40,medium,USGS,us7000l8kb,2023-11-03 17:03:31.531+06:30,2026-02-21 23:24:05.305351+06:30,f,,{},
81259101-21c4-4272-9172-5f9b9f6f256a,224b01ef-6037-4fb7-8191-bc25f6ae9dd8,earthquake,0101000020E610000079E92631084457405D6DC5FEB2DB2540,4.90,medium,USGS,us7000l828,2023-11-01 19:21:15.409+06:30,2026-02-21 23:24:05.308385+06:30,f,,{},
f137cd1c-da82-4394-986f-d51bbafb0e9f,363c4ddf-1998-4c5a-a1b3-a74d1c28b5b6,earthquake,0101000020E6100000D7A3703D0A7757400000000000403740,3.80,low,EMSC,1578394,2023-11-14 06:55:46+06:30,2026-02-21 23:24:05.56832+06:30,f,,{},
edbbf542-b6a3-41ed-9d7c-7cff5290b86a,be0c07c0-fa4a-4d93-886d-c6f2428f897f,earthquake,0101000020E6100000DA1B7C61328557403F355EBA49AC2240,4.40,medium,EMSC,1580290,2023-11-11 21:07:18.194+06:30,2026-02-21 23:24:05.577623+06:30,f,,{},
dec6157d-4355-4d39-89fd-720ac5606553,92d8db92-ef2e-49e2-a196-669d1c48a1fc,earthquake,0101000020E6100000569FABADD8835740A301BC0512F42240,4.40,medium,EMSC,1578731,2023-11-10 03:25:06.126+06:30,2026-02-21 23:24:05.581045+06:30,f,,{},
6e8e6f0f-9cd3-4c46-9d71-6aec54647f43,0a0f1c94-7904-4f2f-b487-5708ddc3d3e7,earthquake,0101000020E61000000AD7A3703D9A5840D9CEF753E3653340,4.70,medium,EMSC,1576161,2023-11-09 14:00:20.1+06:30,2026-02-21 23:24:05.585412+06:30,f,,{},
f14646b8-2527-45fc-8829-073488c76bf5,21ecd545-766f-47b4-805a-887115b60c07,earthquake,0101000020E61000008FC2F5285C2F57409A99999999993840,4.10,medium,EMSC,1575631,2023-11-08 11:59:29+06:30,2026-02-21 23:24:05.590142+06:30,f,,{},
0bbd433f-bb27-4c87-931c-998a1bb1fed0,363c4ddf-1998-4c5a-a1b3-a74d1c28b5b6,earthquake,0101000020E6100000A69BC420B06A5740CC5D4BC8071D3740,4.30,medium,USGS,us6000lp5l,2023-11-14 06:55:47.867+06:30,2026-02-21 23:24:06.236966+06:30,f,,{},
ef342284-8aa3-49aa-a200-08491f6b05e5,be0c07c0-fa4a-4d93-886d-c6f2428f897f,earthquake,0101000020E610000055C1A8A44E8057405F29CB10C79A2240,4.40,medium,USGS,us6000lnub,2023-11-11 21:07:18.293+06:30,2026-02-21 23:24:06.242917+06:30,f,,{},
e474a02f-712d-4bd9-a1bc-7d06a4c40e28,92d8db92-ef2e-49e2-a196-669d1c48a1fc,earthquake,0101000020E6100000933A014D84855740E6AE25E483FE2240,4.40,medium,USGS,us6000lndi,2023-11-10 03:25:05.871+06:30,2026-02-21 23:24:06.248209+06:30,f,,{},
ed3dd19c-5c15-4e7a-bad6-a9d8ee992d85,0a0f1c94-7904-4f2f-b487-5708ddc3d3e7,earthquake,0101000020E61000006ABC749318985840C6DCB5847C703340,4.20,medium,USGS,us6000lncw,2023-11-09 14:00:19.107+06:30,2026-02-21 23:24:06.252094+06:30,f,,{},
cabca5ca-38d4-49d0-82e7-768c6a127edd,7969e3ff-de74-4e3c-a958-87dc021ed703,earthquake,0101000020E61000001904560E2D3A57406DC5FEB27BF22A40,4.50,medium,USGS,us7000laqx,2023-11-09 05:51:32.691+06:30,2026-02-21 23:24:06.256395+06:30,f,,{},
449b9a22-99d6-4862-85dc-5d8d4d543db6,1738f5a5-e0b7-452a-a6c0-1258ebfb6cd1,earthquake,0101000020E6100000E17A14AE470158400000000000403B40,3.60,low,EMSC,1580849,2023-11-20 14:48:07+06:30,2026-02-21 23:24:06.564072+06:30,f,,{},
c1d66df5-fdeb-4595-830c-c46f3f7be72d,e894cd49-54bb-4726-a6eb-f49f05a62b70,earthquake,0101000020E610000077BE9F1A2FD55840B29DEFA7C62B3540,3.50,low,EMSC,1580649,2023-11-20 00:49:07+06:30,2026-02-21 23:24:06.573524+06:30,f,,{},
94144e08-5498-4bb3-8606-0120a5f73d93,de18a139-968e-455f-ad52-e56f8b54d99b,earthquake,0101000020E6100000E5D022DBF9DE5840C1CAA145B6133540,3.50,low,EMSC,1580600,2023-11-19 20:34:41+06:30,2026-02-21 23:24:06.577428+06:30,f,,{},
68fd3479-6d85-46ac-96fe-d2abe7e2f6dd,7de1fad8-6e59-455e-b77a-a9ce1d5934fa,earthquake,0101000020E61000007C613255307657401AC05B2041112340,4.30,medium,EMSC,1580561,2023-11-19 19:36:42.04+06:30,2026-02-21 23:24:06.580811+06:30,f,,{},
fb23e1e8-d8d9-4969-b48e-af2c94b89ffa,11e456d5-af54-4b53-ada6-7f897b69a02b,earthquake,0101000020E61000009A99999999E958400C022B8716393540,3.70,low,EMSC,1580550,2023-11-19 18:32:50+06:30,2026-02-21 23:24:06.584336+06:30,f,,{},
13c35c2d-f498-45f5-ab3e-e10a6110201e,14d2992a-db1b-42cc-bec8-e3cb875284f4,earthquake,0101000020E610000060E5D022DB9958401F85EB51B85E2E40,4.00,medium,EMSC,1580326,2023-11-19 02:37:40+06:30,2026-02-21 23:24:06.589931+06:30,f,,{},
83a069fd-0995-43fc-a80a-e76cee6a6da7,c691b879-f22d-4368-a777-7b34d83c0913,earthquake,0101000020E6100000E5D022DBF9D65840BC74931804363540,4.20,medium,EMSC,1579802,2023-11-17 18:22:18+06:30,2026-02-21 23:24:06.594273+06:30,f,,{},
c288cd0e-76af-4d5b-bcaa-3a8ee9d37ce6,d70b59d3-1e9a-4097-82f4-ac2d7624bd65,earthquake,0101000020E61000002DB29DEFA7D658408D976E1283403540,3.70,low,EMSC,1579757,2023-11-17 16:31:20+06:30,2026-02-21 23:24:06.598816+06:30,f,,{},
482ccdfb-8401-4228-954a-9143c4e9e01c,bf0851ae-d689-469d-b351-162dfbc4fa98,earthquake,0101000020E610000041F163CC5DD75840C6DCB5847C303540,4.50,medium,EMSC,1579679,2023-11-17 12:32:21.73+06:30,2026-02-21 23:24:06.602802+06:30,f,,{},
a16262d2-97dd-4e8a-8816-cd14ecaf6c26,fff386b3-b51b-44d6-a111-f4770b342b2d,earthquake,0101000020E61000007D3F355EBAD95840B6F3FDD478293540,3.50,low,EMSC,1579662,2023-11-17 11:26:55+06:30,2026-02-21 23:24:06.608021+06:30,f,,{},
df09950d-d387-4cda-80b9-c86f7df0fa62,763a3301-ed1d-494c-aac5-3ca5821ce247,earthquake,0101000020E6100000A8C64B3789E15840F2D24D6210383540,4.10,medium,EMSC,1579613,2023-11-17 08:12:03+06:30,2026-02-21 23:24:06.612572+06:30,f,,{},
793d4c78-aaba-4ca9-b422-1f68243cc941,763a3301-ed1d-494c-aac5-3ca5821ce247,earthquake,0101000020E6100000D122DBF97ED658403CBD5296213E3540,5.70,medium,EMSC,1579583,2023-11-17 08:07:11.33+06:30,2026-02-21 23:24:06.61726+06:30,f,,{},
ffb6da06-bf15-44a4-b339-f0cf88c23a6a,0d71735f-d700-4185-ba0c-4a65ce5ed79c,earthquake,0101000020E610000048E17A14AE3F58406F1283C0CA413B40,4.70,medium,USGS,us6000lpkj,2023-11-20 14:47:56.844+06:30,2026-02-21 23:24:07.189786+06:30,f,,{},
f5ff3157-dc83-4f30-b80c-fb5972814d5e,7de1fad8-6e59-455e-b77a-a9ce1d5934fa,earthquake,0101000020E61000000D71AC8BDB745740B9FC87F4DBF72240,4.30,medium,USGS,us6000lqbm,2023-11-19 19:36:41.083+06:30,2026-02-21 23:24:07.194967+06:30,f,,{},
0478ee6c-6b24-4834-b6f8-bff1ff09bfb8,bf0851ae-d689-469d-b351-162dfbc4fa98,earthquake,0101000020E6100000499D8026C2D6584012A5BDC117263540,4.50,medium,USGS,us6000lp0v,2023-11-17 12:32:20.752+06:30,2026-02-21 23:24:07.198093+06:30,f,,{},
6de99800-4b3d-4695-9759-e39aabde13bf,763a3301-ed1d-494c-aac5-3ca5821ce247,earthquake,0101000020E61000004CA60A4625D55840643BDF4F8D373540,5.70,medium,USGS,us6000lp06,2023-11-17 08:07:11.547+06:30,2026-02-21 23:24:07.201551+06:30,f,,{},
1b43db24-b88d-40ac-af04-d0c15f808426,36e41ddb-4df7-4aa5-9e5c-71c539ff8100,earthquake,0101000020E61000005A643BDF4FDD57403FC6DCB5842C3940,4.40,medium,EMSC,1584466,2023-11-28 18:41:50.66+06:30,2026-02-21 23:24:07.462637+06:30,f,,{},
0769173d-5485-45fe-88bb-c31824c79360,10a15842-e9f2-4aed-a169-f9355a30ea57,earthquake,0101000020E610000077BE9F1A2FD55740B1506B9A771C2940,4.40,medium,EMSC,1583707,2023-11-27 01:54:21.94+06:30,2026-02-21 23:24:07.472647+06:30,f,,{},
bd84f25a-eec4-48b4-8de9-b5ee6e6701e9,83f4a373-a94b-4f98-a73a-4838bfd16ba9,earthquake,0101000020E6100000E02D90A0F8D15740B515FBCBEE492940,4.30,medium,EMSC,1587348,2023-11-27 00:46:26.401+06:30,2026-02-21 23:24:07.478338+06:30,f,,{},
226f6c9b-ac2b-4873-a82b-6cbbd3b5d21a,47611aa6-bc63-4bcc-8bdf-63ff4737b4c3,earthquake,0101000020E610000085EB51B81EE557400AD7A3703DCA3940,3.50,low,EMSC,1583390,2023-11-26 07:36:35+06:30,2026-02-21 23:24:07.484434+06:30,f,,{},
ff1a0309-c8a7-41ae-8db1-3d0923b78c65,b39cb483-cf33-4fbf-88b7-56b9a29f8b3f,earthquake,0101000020E6100000742497FF90265840462575029A383940,4.10,medium,EMSC,1583295,2023-11-26 02:37:30.268+06:30,2026-02-21 23:24:07.490904+06:30,f,,{},
0f7c6226-ad17-47ff-b4df-efc10139b54c,36e41ddb-4df7-4aa5-9e5c-71c539ff8100,earthquake,0101000020E6100000AC8BDB6800DB5740C8073D9B552F3940,4.60,medium,USGS,us7000leay,2023-11-28 18:41:50.049+06:30,2026-02-21 23:24:08.047021+06:30,f,,{},
7e5b9cca-264b-401f-af63-8b00a922e72c,10a15842-e9f2-4aed-a169-f9355a30ea57,earthquake,0101000020E61000004B598638D6D15740FFB27BF2B0502940,4.50,medium,USGS,us6000lqwy,2023-11-27 01:54:22.473+06:30,2026-02-21 23:24:08.055722+06:30,f,,{},
adda6ccc-ff62-4247-9527-b041896abeb9,83f4a373-a94b-4f98-a73a-4838bfd16ba9,earthquake,0101000020E6100000E02D90A0F8D15740B515FBCBEE492940,4.30,medium,USGS,us7000lewb,2023-11-27 00:46:26.401+06:30,2026-02-21 23:24:08.058934+06:30,f,,{},
e74f3f34-6a05-4a89-a635-ebd250580f10,b39cb483-cf33-4fbf-88b7-56b9a29f8b3f,earthquake,0101000020E6100000742497FF90265840462575029A383940,4.10,medium,USGS,us7000lets,2023-11-26 02:37:30.268+06:30,2026-02-21 23:24:08.06278+06:30,f,,{},
4a5fef00-7185-491b-9fd0-874343d80e33,3e3372f9-17d5-4584-a35d-7e1796bb8f52,earthquake,0101000020E61000003B70CE88D282574011C7BAB88DC62240,4.80,medium,EMSC,1587814,2023-12-05 21:15:04.43+06:30,2026-02-21 23:24:08.337547+06:30,f,,{},
e2d2aff6-baf2-4ab3-8516-f697b48fc7de,6339d5b5-50f5-4a1b-8547-f811f573928c,earthquake,0101000020E6100000BA6B09F9A08357408D976E1283A03740,4.30,medium,EMSC,1586407,2023-12-03 07:43:41.42+06:30,2026-02-21 23:24:08.347154+06:30,f,,{},
c6cc59c5-9e70-4ccb-aada-ec4e0d82e1b3,1964ea36-3c09-4bf3-8738-a9e61a8eaa79,earthquake,0101000020E610000002BC0512148358404182E2C7983B3840,4.20,medium,EMSC,1585866,2023-12-02 00:54:58.353+06:30,2026-02-21 23:24:08.351+06:30,f,,{},
7b7e8028-013b-48cd-9fa6-61d6ffc8ce1f,93ec8ccd-163a-459b-9f82-c87fc7d64892,earthquake,0101000020E6100000A857CA32C48D58408F537424974F3840,5.00,medium,EMSC,1585807,2023-12-02 00:06:35.01+06:30,2026-02-21 23:24:08.356547+06:30,f,,{},
d106b88b-dced-407c-94cb-e2d9557ae92e,6daf00c0-6585-444b-a9e9-9c3fc00567df,earthquake,0101000020E6100000933A014D84DD5740CD3B4ED191FC3840,4.60,medium,EMSC,1585302,2023-11-30 20:12:31.52+06:30,2026-02-21 23:24:08.366597+06:30,f,,{},
81a969f9-9ac9-4ced-a05f-4ff3fb250bf6,96ffc74a-f599-4497-bb5e-fac5c0002587,earthquake,0101000020E61000009A999999992958407B14AE47E13A3A40,3.50,low,EMSC,1584923,2023-11-29 23:13:46+06:30,2026-02-21 23:24:08.37512+06:30,f,,{},
a09ad1ed-7e8f-4265-ace5-6d11e061b9e4,8c65ad5c-3827-45b8-8ab9-309473a60416,earthquake,0101000020E610000098DD938785D25740EFC9C342AD892840,4.80,medium,EMSC,1584772,2023-11-29 14:42:26.25+06:30,2026-02-21 23:24:08.384358+06:30,f,,{},
8bd9f0fa-7ebe-468c-9d3f-5a5afa1e014a,3e3372f9-17d5-4584-a35d-7e1796bb8f52,earthquake,0101000020E610000090A0F831E67E5740BBB88D06F0B62240,4.80,medium,USGS,us7000lgf0,2023-12-05 21:15:03.41+06:30,2026-02-21 23:24:09.031282+06:30,f,,{},
c2296255-22af-44a2-98e9-241eea728af9,6339d5b5-50f5-4a1b-8547-f811f573928c,earthquake,0101000020E6100000832F4CA60A865740925CFE43FA9D3740,4.30,medium,USGS,us7000lfq9,2023-12-03 07:43:41.199+06:30,2026-02-21 23:24:09.044366+06:30,f,,{},
2fb01795-f93a-4e83-a180-4cdc685ebc7f,2644b1a4-3064-4a97-ab5d-58bca9dd8b06,earthquake,0101000020E61000003F355EBA49885740ABCFD556ECFF3740,4.10,medium,USGS,us7000lgyz,2023-12-02 19:21:24.704+06:30,2026-02-21 23:24:09.048707+06:30,f,,{},
818731c4-3ca6-4953-ac70-8b825d63d903,1964ea36-3c09-4bf3-8738-a9e61a8eaa79,earthquake,0101000020E610000082E2C798BB825840D6C56D3480373840,4.20,medium,USGS,us7000lf7c,2023-12-02 00:54:58.557+06:30,2026-02-21 23:24:09.052747+06:30,f,,{},
3a6672d8-7488-4d2a-98e7-6300ce96057a,5f571116-9856-40bf-b873-414419f62036,earthquake,0101000020E61000002041F163CC955840840D4FAF94453840,4.10,medium,USGS,us7000lgpt,2023-12-02 00:46:24.959+06:30,2026-02-21 23:24:09.06005+06:30,f,,{},
53b46083-54e1-4a2e-9ddf-a593c1630b08,93ec8ccd-163a-459b-9f82-c87fc7d64892,earthquake,0101000020E6100000EF384547728958406DE7FBA9F1423840,5.00,medium,USGS,us7000lf6x,2023-12-02 00:06:34.052+06:30,2026-02-21 23:24:09.065349+06:30,f,,{},
d80b1b3f-9aa8-467e-9586-7a49ff02b31d,6daf00c0-6585-444b-a9e9-9c3fc00567df,earthquake,0101000020E6100000C286A757CAE25740E3A59BC420003940,4.60,medium,USGS,us7000les7,2023-11-30 20:12:32.361+06:30,2026-02-21 23:24:09.071092+06:30,f,,{},
29b4a6c4-7f6c-4f0f-9456-52a73144a914,8c65ad5c-3827-45b8-8ab9-309473a60416,earthquake,0101000020E610000010E9B7AF03CF574062A1D634EF582840,4.80,medium,USGS,us7000lei7,2023-11-29 14:42:24.794+06:30,2026-02-21 23:24:09.077784+06:30,f,,{},
acb321cc-bb5b-41f7-aa99-8ffc443a513a,6008175c-bf36-4a63-9879-814b23355655,earthquake,0101000020E6100000F7065F984C9D5740613255302A693840,4.20,medium,USGS,us7000lg65,2023-11-29 08:11:52.476+06:30,2026-02-21 23:24:09.082877+06:30,f,,{},
e6944b44-c4e0-4a95-addb-0546dcdf552a,67b0931d-379a-436d-904f-d8562ccb4980,earthquake,0101000020E610000085EB51B81EB5574052B81E85EB513840,3.90,low,EMSC,1591416,2023-12-13 02:37:17+06:30,2026-02-21 23:24:09.344637+06:30,f,,{},
64855420-f4aa-42ce-aa62-7ad7bd59b0b1,eb68dbb5-da8c-4545-a394-71d78685c0d2,earthquake,0101000020E61000003D0AD7A370AD57409A99999999593840,3.80,low,EMSC,1589083,2023-12-08 07:35:07+06:30,2026-02-21 23:24:09.350451+06:30,f,,{},
67616e5d-df79-43d0-9312-7bdf03ba9b50,67b0931d-379a-436d-904f-d8562ccb4980,earthquake,0101000020E61000008FC2F5285CB75740AC8BDB68003F3840,4.30,medium,USGS,us7000ljwd,2023-12-13 02:37:17.705+06:30,2026-02-21 23:24:09.993776+06:30,f,,{},
2fe8d5a5-4ab4-4fbd-ae00-08f8ea31084e,0f7770ab-670f-449b-b973-d38250cd49b3,earthquake,0101000020E6100000F8C264AA60045840B84082E2C7283240,4.50,medium,EMSC,1594387,2023-12-19 18:44:24.38+06:30,2026-02-21 23:24:10.25603+06:30,f,,{},
eb0debf4-d7de-442d-bcb2-3a3b13908fb4,1acb2676-dd02-47ad-bb13-0ca499d993dd,earthquake,0101000020E610000021B07268919D5840C74B378941803340,3.60,low,EMSC,1594071,2023-12-18 23:17:02+06:30,2026-02-21 23:24:10.264908+06:30,f,,{},
8e238be1-cbe4-455c-b4ed-cb4a8a45167e,7255618a-dca8-4a6f-8d65-6264c7d4476e,earthquake,0101000020E6100000448B6CE7FB015940DBF97E6ABC343540,3.70,low,EMSC,1593692,2023-12-18 04:18:23+06:30,2026-02-21 23:24:10.268732+06:30,f,,{},
677965a7-09a7-4df0-a244-5cde6de43d52,a6d88219-3e30-4341-a0da-b4b9c17ec926,earthquake,0101000020E610000033333333339357403333333333333740,3.60,low,EMSC,1593107,2023-12-16 18:25:26+06:30,2026-02-21 23:24:10.272507+06:30,f,,{},
1bc8c3ba-d98d-4df5-ad02-42109e394639,2c9bbdaa-6dc3-4714-8a99-e045695748a3,earthquake,0101000020E61000007B14AE47E15A5740C3F5285C8F423840,3.70,low,EMSC,1592594,2023-12-15 15:56:50+06:30,2026-02-21 23:24:10.276378+06:30,f,,{},
6134c7e4-e782-4b30-952f-40e589e0a396,0f7770ab-670f-449b-b973-d38250cd49b3,earthquake,0101000020E6100000BC96900F7AFE574023DBF97E6A1C3240,4.50,medium,USGS,us7000lk1s,2023-12-19 18:44:23.981+06:30,2026-02-21 23:24:10.550831+06:30,f,,{},
0aeba059-59df-4fd9-87b8-5919bb6aa9df,9f1ece90-a55c-43e6-a4a7-8be0cc53a982,earthquake,0101000020E6100000B1506B9A77A057406F1283C0CAD13640,4.10,medium,USGS,us6000m15i,2023-12-19 06:13:13.481+06:30,2026-02-21 23:24:10.558294+06:30,f,,{},
0ceba345-0679-42b3-bb56-310529933e4c,83f012ac-2ccd-4410-b51f-2efed63420bb,earthquake,0101000020E6100000C520B07268A15740DD24068195233740,4.10,medium,USGS,us6000m1tf,2023-12-26 06:23:27.068+06:30,2026-02-21 23:24:11.373541+06:30,f,,{},
3f9f2d07-2f65-4279-9374-a6da7a8710af,5b69e512-fcbf-41e5-a528-12932c2de37e,earthquake,0101000020E6100000F5DBD781732658403B70CE88D22E3940,5.00,medium,EMSC,1599101,2023-12-29 23:01:17.45+06:30,2026-02-21 23:24:11.642022+06:30,f,,{},
365394ef-b83d-4e5d-aea4-9df1f57f6c2b,65bfdd8c-e158-4ad1-8c23-d5587352c829,earthquake,0101000020E61000003D0AD7A3704D5840AE47E17A146E3B40,3.50,low,EMSC,1598684,2023-12-29 02:47:00+06:30,2026-02-21 23:24:11.655266+06:30,f,,{},
2379949c-8688-4e03-85fb-56885f18e226,5b69e512-fcbf-41e5-a528-12932c2de37e,earthquake,0101000020E61000002FDD24068121584065AA605452173940,5.00,medium,USGS,us6000m0f0,2023-12-29 23:01:16.478+06:30,2026-02-21 23:24:11.935779+06:30,f,,{},
f6350194-7b7e-46b0-8860-3f632db5fa38,55fbf7d2-fb2b-4650-b80b-b2447bd658e5,earthquake,0101000020E61000001B2FDD2406E157402B8716D9CE973540,3.80,low,EMSC,1949066,2026-02-21 18:01:39+06:30,2026-02-21 21:50:48.168241+06:30,f,,{},
be3b56f5-7d35-4d0c-abb3-28ade51cc03c,86fb4e79-c089-4ea9-9006-fb7f41ac0e75,earthquake,0101000020E61000007B14AE47E10A5840B81E85EB51F83940,3.50,low,EMSC,1949463,2026-02-22 06:18:46+06:30,2026-02-22 23:18:37.24066+06:30,f,,{},
